video,frame,keyframe,mode,divider,key_dist,rle_key,rle_delta,ratio_Y,ratio_Cb,ratio_Cr,mse_rgb
clip_1.mp4,0,1,4:4:4,1,1,0,1,1.0,1.0,1.0,0.3692430234053498
clip_1.mp4,1,1,4:4:4,1,1,0,1,1.0,1.0,1.0,0.3694301376028807
clip_1.mp4,2,1,4:4:4,1,1,0,1,1.0,1.0,1.0,0.3632839827674897
clip_1.mp4,3,1,4:4:4,1,1,0,1,1.0,1.0,1.0,0.3602473958333333
clip_1.mp4,4,1,4:4:4,1,1,0,1,1.0,1.0,1.0,0.3595095486111111
clip_1.mp4,5,1,4:4:4,1,1,0,1,1.0,1.0,1.0,0.35903452932098767
clip_1.mp4,6,1,4:4:4,1,1,0,1,1.0,1.0,1.0,0.3592319315843621
clip_1.mp4,7,1,4:4:4,1,1,0,1,1.0,1.0,1.0,0.35902199074074076
clip_1.mp4,8,1,4:4:4,1,1,0,1,1.0,1.0,1.0,0.36033307613168725
clip_1.mp4,9,1,4:4:4,1,1,0,1,1.0,1.0,1.0,0.36248601466049385
clip_1.mp4,10,1,4:4:4,1,1,0,1,1.0,1.0,1.0,0.3616186021090535
clip_1.mp4,11,1,4:4:4,1,1,0,1,1.0,1.0,1.0,0.3615959362139918
clip_1.mp4,12,1,4:4:4,1,1,0,1,1.0,1.0,1.0,0.3621797839506173
clip_1.mp4,13,1,4:4:4,1,1,0,1,1.0,1.0,1.0,0.3630132780349794
clip_1.mp4,14,1,4:4:4,1,1,0,1,1.0,1.0,1.0,0.36714795524691357
clip_1.mp4,15,1,4:4:4,1,1,0,1,1.0,1.0,1.0,0.3677735982510288
clip_1.mp4,16,1,4:4:4,1,1,0,1,1.0,1.0,1.0,0.3681587577160494
clip_1.mp4,17,1,4:4:4,1,1,0,1,1.0,1.0,1.0,0.36801150977366254
clip_1.mp4,18,1,4:4:4,1,1,0,1,1.0,1.0,1.0,0.36770142103909464
clip_1.mp4,19,1,4:4:4,1,1,0,1,1.0,1.0,1.0,0.36875835905349796
clip_1.mp4,0,1,4:4:4,1,2,0,1,1.0,1.0,1.0,0.3692430234053498
clip_1.mp4,1,0,4:4:4,1,2,0,1,8.336281478146207,19.06828756919795,19.548248425657075,0.3694301376028807
clip_1.mp4,2,1,4:4:4,1,2,0,1,1.0,1.0,1.0,0.3632839827674897
clip_1.mp4,3,0,4:4:4,1,2,0,1,1.4564129649972046,3.5025843721495895,3.809425830464384,0.3602473958333333
clip_1.mp4,4,1,4:4:4,1,2,0,1,1.0,1.0,1.0,0.3595095486111111
clip_1.mp4,5,0,4:4:4,1,2,0,1,1.554585938554271,3.6155039840984777,3.8298296745309677,0.35903452932098767
clip_1.mp4,6,1,4:4:4,1,2,0,1,1.0,1.0,1.0,0.3592319315843621
clip_1.mp4,7,0,4:4:4,1,2,0,1,1.7053893791481278,4.130529184212518,4.597538046755827,0.35902199074074076
clip_1.mp4,8,1,4:4:4,1,2,0,1,1.0,1.0,1.0,0.36033307613168725
clip_1.mp4,9,0,4:4:4,1,2,0,1,1.325961763498452,3.344235644752376,3.549979798533168,0.36248601466049385
clip_1.mp4,10,1,4:4:4,1,2,0,1,1.0,1.0,1.0,0.3616186021090535
clip_1.mp4,11,0,4:4:4,1,2,0,1,20.142207716517078,58.99624445203141,69.00499168053244,0.3615959362139918
clip_1.mp4,12,1,4:4:4,1,2,0,1,1.0,1.0,1.0,0.3621797839506173
clip_1.mp4,13,0,4:4:4,1,2,0,1,1.6404284606743351,3.7509903873635615,4.079175666584044,0.3630132780349794
clip_1.mp4,14,1,4:4:4,1,2,0,1,1.0,1.0,1.0,0.36714795524691357
clip_1.mp4,15,0,4:4:4,1,2,0,1,3.2847235642798984,7.752239386281048,8.430844792115598,0.3677735982510288
clip_1.mp4,16,1,4:4:4,1,2,0,1,1.0,1.0,1.0,0.3681587577160494
clip_1.mp4,17,0,4:4:4,1,2,0,1,2.5609864540415566,6.158378673762741,6.441672051294796,0.36801150977366254
clip_1.mp4,18,1,4:4:4,1,2,0,1,1.0,1.0,1.0,0.36770142103909464
clip_1.mp4,19,0,4:4:4,1,2,0,1,3.377154695052833,8.213513320816599,8.37459512289686,0.36875835905349796
clip_1.mp4,0,1,4:4:4,1,4,0,1,1.0,1.0,1.0,0.3692430234053498
clip_1.mp4,1,0,4:4:4,1,4,0,1,8.336281478146207,19.06828756919795,19.548248425657075,0.3694301376028807
clip_1.mp4,2,0,4:4:4,1,4,0,1,1.1418502202643173,2.5106365461312516,2.739197632792169,0.3632839827674897
clip_1.mp4,3,0,4:4:4,1,4,0,1,1.0440204454003892,2.247010812439181,2.4693416279839666,0.3602473958333333
clip_1.mp4,4,1,4:4:4,1,4,0,1,1.0,1.0,1.0,0.3595095486111111
clip_1.mp4,5,0,4:4:4,1,4,0,1,1.554585938554271,3.6155039840984777,3.8298296745309677,0.35903452932098767
clip_1.mp4,6,0,4:4:4,1,4,0,1,1.5217094574066654,3.591296094881156,3.806195346515026,0.3592319315843621
clip_1.mp4,7,0,4:4:4,1,4,0,1,1.1715942631657454,2.7081031524013257,2.9378178881600387,0.35902199074074076
clip_1.mp4,8,1,4:4:4,1,4,0,1,1.0,1.0,1.0,0.36033307613168725
clip_1.mp4,9,0,4:4:4,1,4,0,1,1.325961763498452,3.344235644752376,3.549979798533168,0.36248601466049385
clip_1.mp4,10,0,4:4:4,1,4,0,1,1.2105516953911934,3.0892356465852444,3.282155180600842,0.3616186021090535
clip_1.mp4,11,0,4:4:4,1,4,0,1,1.2023560054597724,3.068345259868246,3.2628193427785575,0.3615959362139918
clip_1.mp4,12,1,4:4:4,1,4,0,1,1.0,1.0,1.0,0.3621797839506173
clip_1.mp4,13,0,4:4:4,1,4,0,1,1.6404284606743351,3.7509903873635615,4.079175666584044,0.3630132780349794
clip_1.mp4,14,0,4:4:4,1,4,0,1,1.3273333632051618,3.1277433368025704,3.3897196811675703,0.36714795524691357
clip_1.mp4,15,0,4:4:4,1,4,0,1,1.1883080936296921,2.8349169457926036,3.089962984818411,0.3677735982510288
clip_1.mp4,16,1,4:4:4,1,4,0,1,1.0,1.0,1.0,0.3681587577160494
clip_1.mp4,17,0,4:4:4,1,4,0,1,2.5609864540415566,6.158378673762741,6.441672051294796,0.36801150977366254
clip_1.mp4,18,0,4:4:4,1,4,0,1,1.9243511718162734,4.850889423301862,5.049260483984864,0.36770142103909464
clip_1.mp4,19,0,4:4:4,1,4,0,1,1.573235572604336,3.8998115542449194,4.054117463048408,0.36875835905349796
clip_1.mp4,0,1,4:4:4,1,6,0,1,1.0,1.0,1.0,0.3692430234053498
clip_1.mp4,1,0,4:4:4,1,6,0,1,8.336281478146207,19.06828756919795,19.548248425657075,0.3694301376028807
clip_1.mp4,2,0,4:4:4,1,6,0,1,1.1418502202643173,2.5106365461312516,2.739197632792169,0.3632839827674897
clip_1.mp4,3,0,4:4:4,1,6,0,1,1.0440204454003892,2.247010812439181,2.4693416279839666,0.3602473958333333
clip_1.mp4,4,0,4:4:4,1,6,0,1,0.9945295121452888,2.1024626066642873,2.319374878360331,0.3595095486111111
clip_1.mp4,5,0,4:4:4,1,6,0,1,0.979119113882092,2.0312922451186686,2.2152520789354484,0.35903452932098767
clip_1.mp4,6,1,4:4:4,1,6,0,1,1.0,1.0,1.0,0.3592319315843621
clip_1.mp4,7,0,4:4:4,1,6,0,1,1.7053893791481278,4.130529184212518,4.597538046755827,0.35902199074074076
clip_1.mp4,8,0,4:4:4,1,6,0,1,1.252402310083119,3.0297805688436394,3.331030826814027,0.36033307613168725
clip_1.mp4,9,0,4:4:4,1,6,0,1,1.0483433081662181,2.403527399006876,2.576156636684391,0.36248601466049385
clip_1.mp4,10,0,4:4:4,1,6,0,1,1.0258155669095328,2.356851076017995,2.525331254871395,0.3616186021090535
clip_1.mp4,11,0,4:4:4,1,6,0,1,1.023810910972492,2.3529411764705883,2.5227075308951377,0.3615959362139918
clip_1.mp4,12,1,4:4:4,1,6,0,1,1.0,1.0,1.0,0.3621797839506173
clip_1.mp4,13,0,4:4:4,1,6,0,1,1.6404284606743351,3.7509903873635615,4.079175666584044,0.3630132780349794
clip_1.mp4,14,0,4:4:4,1,6,0,1,1.3273333632051618,3.1277433368025704,3.3897196811675703,0.36714795524691357
clip_1.mp4,15,0,4:4:4,1,6,0,1,1.1883080936296921,2.8349169457926036,3.089962984818411,0.3677735982510288
clip_1.mp4,16,0,4:4:4,1,6,0,1,1.1787430606163616,2.8554195963084448,3.1140839613262488,0.3681587577160494
clip_1.mp4,17,0,4:4:4,1,6,0,1,1.1052868916684524,2.5687464230057406,2.779252110977081,0.36801150977366254
clip_1.mp4,18,1,4:4:4,1,6,0,1,1.0,1.0,1.0,0.36770142103909464
clip_1.mp4,19,0,4:4:4,1,6,0,1,3.377154695052833,8.213513320816599,8.37459512289686,0.36875835905349796
clip_1.mp4,0,1,4:4:4,1,8,0,1,1.0,1.0,1.0,0.3692430234053498
clip_1.mp4,1,0,4:4:4,1,8,0,1,8.336281478146207,19.06828756919795,19.548248425657075,0.3694301376028807
clip_1.mp4,2,0,4:4:4,1,8,0,1,1.1418502202643173,2.5106365461312516,2.739197632792169,0.3632839827674897
clip_1.mp4,3,0,4:4:4,1,8,0,1,1.0440204454003892,2.247010812439181,2.4693416279839666,0.3602473958333333
clip_1.mp4,4,0,4:4:4,1,8,0,1,0.9945295121452888,2.1024626066642873,2.319374878360331,0.3595095486111111
clip_1.mp4,5,0,4:4:4,1,8,0,1,0.979119113882092,2.0312922451186686,2.2152520789354484,0.35903452932098767
clip_1.mp4,6,0,4:4:4,1,8,0,1,0.978834405349602,2.0313081640249995,2.2146180168403244,0.3592319315843621
clip_1.mp4,7,0,4:4:4,1,8,0,1,0.9636887865217415,1.9795590669647716,2.1655854056921813,0.35902199074074076
clip_1.mp4,8,1,4:4:4,1,8,0,1,1.0,1.0,1.0,0.36033307613168725
clip_1.mp4,9,0,4:4:4,1,8,0,1,1.325961763498452,3.344235644752376,3.549979798533168,0.36248601466049385
clip_1.mp4,10,0,4:4:4,1,8,0,1,1.2105516953911934,3.0892356465852444,3.282155180600842,0.3616186021090535
clip_1.mp4,11,0,4:4:4,1,8,0,1,1.2023560054597724,3.068345259868246,3.2628193427785575,0.3615959362139918
clip_1.mp4,12,0,4:4:4,1,8,0,1,1.158730939278386,2.9688256129931934,3.151013411865535,0.3621797839506173
clip_1.mp4,13,0,4:4:4,1,8,0,1,1.0545780772258737,2.4647159086856987,2.6384230536285953,0.3630132780349794
clip_1.mp4,14,0,4:4:4,1,8,0,1,1.0130757911234705,2.3357506369921803,2.5059397636662903,0.36714795524691357
clip_1.mp4,15,0,4:4:4,1,8,0,1,0.9902597712698592,2.2739285581126043,2.4502644527317328,0.3677735982510288
clip_1.mp4,16,1,4:4:4,1,8,0,1,1.0,1.0,1.0,0.3681587577160494
clip_1.mp4,17,0,4:4:4,1,8,0,1,2.5609864540415566,6.158378673762741,6.441672051294796,0.36801150977366254
clip_1.mp4,18,0,4:4:4,1,8,0,1,1.9243511718162734,4.850889423301862,5.049260483984864,0.36770142103909464
clip_1.mp4,19,0,4:4:4,1,8,0,1,1.573235572604336,3.8998115542449194,4.054117463048408,0.36875835905349796
clip_1.mp4,0,1,4:4:4,1,10,0,1,1.0,1.0,1.0,0.3692430234053498
clip_1.mp4,1,0,4:4:4,1,10,0,1,8.336281478146207,19.06828756919795,19.548248425657075,0.3694301376028807
clip_1.mp4,2,0,4:4:4,1,10,0,1,1.1418502202643173,2.5106365461312516,2.739197632792169,0.3632839827674897
clip_1.mp4,3,0,4:4:4,1,10,0,1,1.0440204454003892,2.247010812439181,2.4693416279839666,0.3602473958333333
clip_1.mp4,4,0,4:4:4,1,10,0,1,0.9945295121452888,2.1024626066642873,2.319374878360331,0.3595095486111111
clip_1.mp4,5,0,4:4:4,1,10,0,1,0.979119113882092,2.0312922451186686,2.2152520789354484,0.35903452932098767
clip_1.mp4,6,0,4:4:4,1,10,0,1,0.978834405349602,2.0313081640249995,2.2146180168403244,0.3592319315843621
clip_1.mp4,7,0,4:4:4,1,10,0,1,0.9636887865217415,1.9795590669647716,2.1655854056921813,0.35902199074074076
clip_1.mp4,8,0,4:4:4,1,10,0,1,0.9528816213692527,1.958754316891989,2.145473357475427,0.36033307613168725
clip_1.mp4,9,0,4:4:4,1,10,0,1,0.9373804880562645,1.918685345226419,2.089838041583101,0.36248601466049385
clip_1.mp4,10,1,4:4:4,1,10,0,1,1.0,1.0,1.0,0.3616186021090535
clip_1.mp4,11,0,4:4:4,1,10,0,1,20.142207716517078,58.99624445203141,69.00499168053244,0.3615959362139918
clip_1.mp4,12,0,4:4:4,1,10,0,1,4.888237207745367,13.627043793701699,15.09763662574811,0.3621797839506173
clip_1.mp4,13,0,4:4:4,1,10,0,1,1.5119785803034458,3.509413269968927,3.8108680310515175,0.3630132780349794
clip_1.mp4,14,0,4:4:4,1,10,0,1,1.2799699760129084,3.0160050732184103,3.2691980248595267,0.36714795524691357
clip_1.mp4,15,0,4:4:4,1,10,0,1,1.167140404694228,2.768572641653026,3.014601978332548,0.3677735982510288
clip_1.mp4,16,0,4:4:4,1,10,0,1,1.1584694080498428,2.7884910197034003,3.035226544180287,0.3681587577160494
clip_1.mp4,17,0,4:4:4,1,10,0,1,1.0940921346298944,2.5332352747148033,2.7377654784884196,0.36801150977366254
clip_1.mp4,18,0,4:4:4,1,10,0,1,1.0684154825439582,2.4684891455999085,2.664110819609788,0.36770142103909464
clip_1.mp4,19,0,4:4:4,1,10,0,1,1.0394078743567612,2.382051900609987,2.565955551155769,0.36875835905349796
clip_1.mp4,0,1,4:4:4,2,1,0,1,1.0,1.0,1.0,0.3692430234053498
clip_1.mp4,1,1,4:4:4,2,1,0,1,1.0,1.0,1.0,0.3694301376028807
clip_1.mp4,2,1,4:4:4,2,1,0,1,1.0,1.0,1.0,0.3632839827674897
clip_1.mp4,3,1,4:4:4,2,1,0,1,1.0,1.0,1.0,0.3602473958333333
clip_1.mp4,4,1,4:4:4,2,1,0,1,1.0,1.0,1.0,0.3595095486111111
clip_1.mp4,5,1,4:4:4,2,1,0,1,1.0,1.0,1.0,0.35903452932098767
clip_1.mp4,6,1,4:4:4,2,1,0,1,1.0,1.0,1.0,0.3592319315843621
clip_1.mp4,7,1,4:4:4,2,1,0,1,1.0,1.0,1.0,0.35902199074074076
clip_1.mp4,8,1,4:4:4,2,1,0,1,1.0,1.0,1.0,0.36033307613168725
clip_1.mp4,9,1,4:4:4,2,1,0,1,1.0,1.0,1.0,0.36248601466049385
clip_1.mp4,10,1,4:4:4,2,1,0,1,1.0,1.0,1.0,0.3616186021090535
clip_1.mp4,11,1,4:4:4,2,1,0,1,1.0,1.0,1.0,0.3615959362139918
clip_1.mp4,12,1,4:4:4,2,1,0,1,1.0,1.0,1.0,0.3621797839506173
clip_1.mp4,13,1,4:4:4,2,1,0,1,1.0,1.0,1.0,0.3630132780349794
clip_1.mp4,14,1,4:4:4,2,1,0,1,1.0,1.0,1.0,0.36714795524691357
clip_1.mp4,15,1,4:4:4,2,1,0,1,1.0,1.0,1.0,0.3677735982510288
clip_1.mp4,16,1,4:4:4,2,1,0,1,1.0,1.0,1.0,0.3681587577160494
clip_1.mp4,17,1,4:4:4,2,1,0,1,1.0,1.0,1.0,0.36801150977366254
clip_1.mp4,18,1,4:4:4,2,1,0,1,1.0,1.0,1.0,0.36770142103909464
clip_1.mp4,19,1,4:4:4,2,1,0,1,1.0,1.0,1.0,0.36875835905349796
clip_1.mp4,0,1,4:4:4,2,2,0,1,1.0,1.0,1.0,0.3692430234053498
clip_1.mp4,1,0,4:4:4,2,2,0,1,15.426734912510415,34.751131221719454,35.418303556178046,0.5250268454218107
clip_1.mp4,2,1,4:4:4,2,2,0,1,1.0,1.0,1.0,0.3632839827674897
clip_1.mp4,3,0,4:4:4,2,2,0,1,2.3017442905952166,5.7565780341685775,6.333923880505834,1.464969296553498
clip_1.mp4,4,1,4:4:4,2,2,0,1,1.0,1.0,1.0,0.3595095486111111
clip_1.mp4,5,0,4:4:4,2,2,0,1,2.4704360195671495,6.315981846425634,6.503004377987129,1.332016300154321
clip_1.mp4,6,1,4:4:4,2,2,0,1,1.0,1.0,1.0,0.3592319315843621
clip_1.mp4,7,0,4:4:4,2,2,0,1,2.6637891166949283,6.826486874419769,7.269056032306915,1.216308995627572
clip_1.mp4,8,1,4:4:4,2,2,0,1,1.0,1.0,1.0,0.36033307613168725
clip_1.mp4,9,0,4:4:4,2,2,0,1,2.0557927234296525,5.429523031483693,5.499098334570913,1.3657323816872429
clip_1.mp4,10,1,4:4:4,2,2,0,1,1.0,1.0,1.0,0.3616186021090535
clip_1.mp4,11,0,4:4:4,2,2,0,1,35.44615384615385,121.5617305663032,124.27184466019418,0.41042872299382716
clip_1.mp4,12,1,4:4:4,2,2,0,1,1.0,1.0,1.0,0.3621797839506173
clip_1.mp4,13,0,4:4:4,2,2,0,1,2.6942256569903567,6.984734367210552,7.028437785987865,1.2276507844650206
clip_1.mp4,14,1,4:4:4,2,2,0,1,1.0,1.0,1.0,0.36714795524691357
clip_1.mp4,15,0,4:4:4,2,2,0,1,5.394212459548609,14.012325656827764,13.545150501672241,0.7916092785493827
clip_1.mp4,16,1,4:4:4,2,2,0,1,1.0,1.0,1.0,0.3681587577160494
clip_1.mp4,17,0,4:4:4,2,2,0,1,4.518158919964789,12.074487288481023,11.356964465670595,0.8439367926954733
clip_1.mp4,18,1,4:4:4,2,2,0,1,1.0,1.0,1.0,0.36770142103909464
clip_1.mp4,19,0,4:4:4,2,2,0,1,5.352358434559055,13.283452057602624,12.891193255996122,0.7329584619341564
clip_1.mp4,0,1,4:4:4,2,4,0,1,1.0,1.0,1.0,0.3692430234053498
clip_1.mp4,1,0,4:4:4,2,4,0,1,15.426734912510415,34.751131221719454,35.418303556178046,0.5250268454218107
clip_1.mp4,2,0,4:4:4,2,4,0,1,1.7241465324998628,3.8466532854975086,4.225662093756878,1.7076551247427985
clip_1.mp4,3,0,4:4:4,2,4,0,1,1.5357110588081946,3.3667584558632515,3.7155963302752295,1.8489218428497942
clip_1.mp4,4,1,4:4:4,2,4,0,1,1.0,1.0,1.0,0.3595095486111111
clip_1.mp4,5,0,4:4:4,2,4,0,1,2.4704360195671495,6.315981846425634,6.503004377987129,1.332016300154321
clip_1.mp4,6,0,4:4:4,2,4,0,1,2.4124138797562455,6.222990492653414,6.413261992391674,1.3487879372427984
clip_1.mp4,7,0,4:4:4,2,4,0,1,1.7795475610174727,4.3441644145559675,4.60141486406121,1.5737454989711934
clip_1.mp4,8,1,4:4:4,2,4,0,1,1.0,1.0,1.0,0.36033307613168725
clip_1.mp4,9,0,4:4:4,2,4,0,1,2.0557927234296525,5.429523031483693,5.499098334570913,1.3657323816872429
clip_1.mp4,10,0,4:4:4,2,4,0,1,1.8520007073613813,4.966135629915603,5.048547471343845,1.4606494341563785
clip_1.mp4,11,0,4:4:4,2,4,0,1,1.8360288792042458,4.920717035040175,5.0120370101807,1.4607259516460904
clip_1.mp4,12,1,4:4:4,2,4,0,1,1.0,1.0,1.0,0.3621797839506173
clip_1.mp4,13,0,4:4:4,2,4,0,1,2.6942256569903567,6.984734367210552,7.028437785987865,1.2276507844650206
clip_1.mp4,14,0,4:4:4,2,4,0,1,2.0457855003374124,5.242904026740429,5.377007691070993,1.3724074074074073
clip_1.mp4,15,0,4:4:4,2,4,0,1,1.807162764917198,4.642103990651318,4.845493802927486,1.4820859053497943
clip_1.mp4,16,1,4:4:4,2,4,0,1,1.0,1.0,1.0,0.3681587577160494
clip_1.mp4,17,0,4:4:4,2,4,0,1,4.518158919964789,12.074487288481023,11.356964465670595,0.8439367926954733
clip_1.mp4,18,0,4:4:4,2,4,0,1,3.1825548843377045,8.80846183254747,8.348431045727951,1.0066964056069958
clip_1.mp4,19,0,4:4:4,2,4,0,1,2.4803175036063645,6.5707586032067935,6.382742954234846,1.1379417438271604
clip_1.mp4,0,1,4:4:4,2,6,0,1,1.0,1.0,1.0,0.3692430234053498
clip_1.mp4,1,0,4:4:4,2,6,0,1,15.426734912510415,34.751131221719454,35.418303556178046,0.5250268454218107
clip_1.mp4,2,0,4:4:4,2,6,0,1,1.7241465324998628,3.8466532854975086,4.225662093756878,1.7076551247427985
clip_1.mp4,3,0,4:4:4,2,6,0,1,1.5357110588081946,3.3667584558632515,3.7155963302752295,1.8489218428497942
clip_1.mp4,4,0,4:4:4,2,6,0,1,1.4289435492873888,3.0578027351526393,3.3654142660066544,1.9201443544238683
clip_1.mp4,5,0,4:4:4,2,6,0,1,1.4073934308065499,2.9540228902583916,3.22101613614758,1.9562225115740741
clip_1.mp4,6,1,4:4:4,2,6,0,1,1.0,1.0,1.0,0.3592319315843621
clip_1.mp4,7,0,4:4:4,2,6,0,1,2.6637891166949283,6.826486874419769,7.269056032306915,1.216308995627572
clip_1.mp4,8,0,4:4:4,2,6,0,1,1.9711251459142118,4.787234042553192,5.021066395467093,1.5499768518518517
clip_1.mp4,9,0,4:4:4,2,6,0,1,1.577928481852605,3.730731033291593,3.843102949789089,1.7289538323045268
clip_1.mp4,10,0,4:4:4,2,6,0,1,1.533605303718342,3.649586218306364,3.7661007344768214,1.7606087641460906
clip_1.mp4,11,0,4:4:4,2,6,0,1,1.5295035751851027,3.6423166370400555,3.759791122715405,1.7623308899176955
clip_1.mp4,12,1,4:4:4,2,6,0,1,1.0,1.0,1.0,0.3621797839506173
clip_1.mp4,13,0,4:4:4,2,6,0,1,2.6942256569903567,6.984734367210552,7.028437785987865,1.2276507844650206
clip_1.mp4,14,0,4:4:4,2,6,0,1,2.0457855003374124,5.242904026740429,5.377007691070993,1.3724074074074073
clip_1.mp4,15,0,4:4:4,2,6,0,1,1.807162764917198,4.642103990651318,4.845493802927486,1.4820859053497943
clip_1.mp4,16,0,4:4:4,2,6,0,1,1.7764466611952292,4.627331964652325,4.849891008429305,1.4836109503600823
clip_1.mp4,17,0,4:4:4,2,6,0,1,1.664245527580921,4.181218392844181,4.337893811974395,1.5737056327160495
clip_1.mp4,18,1,4:4:4,2,6,0,1,1.0,1.0,1.0,0.36770142103909464
clip_1.mp4,19,0,4:4:4,2,6,0,1,5.352358434559055,13.283452057602624,12.891193255996122,0.7329584619341564
clip_1.mp4,0,1,4:4:4,2,8,0,1,1.0,1.0,1.0,0.3692430234053498
clip_1.mp4,1,0,4:4:4,2,8,0,1,15.426734912510415,34.751131221719454,35.418303556178046,0.5250268454218107
clip_1.mp4,2,0,4:4:4,2,8,0,1,1.7241465324998628,3.8466532854975086,4.225662093756878,1.7076551247427985
clip_1.mp4,3,0,4:4:4,2,8,0,1,1.5357110588081946,3.3667584558632515,3.7155963302752295,1.8489218428497942
clip_1.mp4,4,0,4:4:4,2,8,0,1,1.4289435492873888,3.0578027351526393,3.3654142660066544,1.9201443544238683
clip_1.mp4,5,0,4:4:4,2,8,0,1,1.4073934308065499,2.9540228902583916,3.22101613614758,1.9562225115740741
clip_1.mp4,6,0,4:4:4,2,8,0,1,1.4067632640489762,2.9518110021011155,3.2181267944440135,1.956287454989712
clip_1.mp4,7,0,4:4:4,2,8,0,1,1.375484066115571,2.866662058477915,3.1197999572712583,1.965797807355967
clip_1.mp4,8,1,4:4:4,2,8,0,1,1.0,1.0,1.0,0.36033307613168725
clip_1.mp4,9,0,4:4:4,2,8,0,1,2.0557927234296525,5.429523031483693,5.499098334570913,1.3657323816872429
clip_1.mp4,10,0,4:4:4,2,8,0,1,1.8520007073613813,4.966135629915603,5.048547471343845,1.4606494341563785
clip_1.mp4,11,0,4:4:4,2,8,0,1,1.8360288792042458,4.920717035040175,5.0120370101807,1.4607259516460904
clip_1.mp4,12,0,4:4:4,2,8,0,1,1.7513010606114352,4.691169217821737,4.761226860887495,1.508369502314815
clip_1.mp4,13,0,4:4:4,2,8,0,1,1.5778636444571603,3.9523341186157683,4.0324054807733445,1.6819709683641975
clip_1.mp4,14,0,4:4:4,2,8,0,1,1.4930230548795416,3.6469801962784483,3.744257937769046,1.728023726851852
clip_1.mp4,15,0,4:4:4,2,8,0,1,1.449372609541703,3.5292075281591138,3.654139631273063,1.7621511702674897
clip_1.mp4,16,1,4:4:4,2,8,0,1,1.0,1.0,1.0,0.3681587577160494
clip_1.mp4,17,0,4:4:4,2,8,0,1,4.518158919964789,12.074487288481023,11.356964465670595,0.8439367926954733
clip_1.mp4,18,0,4:4:4,2,8,0,1,3.1825548843377045,8.80846183254747,8.348431045727951,1.0066964056069958
clip_1.mp4,19,0,4:4:4,2,8,0,1,2.4803175036063645,6.5707586032067935,6.382742954234846,1.1379417438271604
clip_1.mp4,0,1,4:4:4,2,10,0,1,1.0,1.0,1.0,0.3692430234053498
clip_1.mp4,1,0,4:4:4,2,10,0,1,15.426734912510415,34.751131221719454,35.418303556178046,0.5250268454218107
clip_1.mp4,2,0,4:4:4,2,10,0,1,1.7241465324998628,3.8466532854975086,4.225662093756878,1.7076551247427985
clip_1.mp4,3,0,4:4:4,2,10,0,1,1.5357110588081946,3.3667584558632515,3.7155963302752295,1.8489218428497942
clip_1.mp4,4,0,4:4:4,2,10,0,1,1.4289435492873888,3.0578027351526393,3.3654142660066544,1.9201443544238683
clip_1.mp4,5,0,4:4:4,2,10,0,1,1.4073934308065499,2.9540228902583916,3.22101613614758,1.9562225115740741
clip_1.mp4,6,0,4:4:4,2,10,0,1,1.4067632640489762,2.9518110021011155,3.2181267944440135,1.956287454989712
clip_1.mp4,7,0,4:4:4,2,10,0,1,1.375484066115571,2.866662058477915,3.1197999572712583,1.965797807355967
clip_1.mp4,8,0,4:4:4,2,10,0,1,1.3456040098168873,2.8180192325463826,3.0754901117416207,1.9789528677983539
clip_1.mp4,9,0,4:4:4,2,10,0,1,1.3218032517277911,2.749870038935274,2.9753517590102825,1.9891965663580247
clip_1.mp4,10,1,4:4:4,2,10,0,1,1.0,1.0,1.0,0.3616186021090535
clip_1.mp4,11,0,4:4:4,2,10,0,1,35.44615384615385,121.5617305663032,124.27184466019418,0.41042872299382716
clip_1.mp4,12,0,4:4:4,2,10,0,1,7.244270542202348,22.091065987684573,22.013673616714087,0.6019700038580247
clip_1.mp4,13,0,4:4:4,2,10,0,1,2.4248434189169594,6.376854380397077,6.3626879410862225,1.28506735468107
clip_1.mp4,14,0,4:4:4,2,10,0,1,1.954544769028911,5.005914588513628,5.113888587465843,1.4097093621399177
clip_1.mp4,15,0,4:4:4,2,10,0,1,1.7631753481965207,4.50676797621428,4.686377052662982,1.5098315329218106
clip_1.mp4,16,0,4:4:4,2,10,0,1,1.7363344051446945,4.495570770117983,4.692167049836172,1.5109701324588478
clip_1.mp4,17,0,4:4:4,2,10,0,1,1.6405790129942466,4.107911930298624,4.243441247493145,1.59322064686214
clip_1.mp4,18,0,4:4:4,2,10,0,1,1.5907549642049448,3.959382721235474,4.0817612043715155,1.6260627250514403
clip_1.mp4,19,0,4:4:4,2,10,0,1,1.5343769701382537,3.777145500978167,3.889016005431419,1.6539539930555556
clip_1.mp4,0,1,4:4:4,4,1,0,1,1.0,1.0,1.0,0.3692430234053498
clip_1.mp4,1,1,4:4:4,4,1,0,1,1.0,1.0,1.0,0.3694301376028807
clip_1.mp4,2,1,4:4:4,4,1,0,1,1.0,1.0,1.0,0.3632839827674897
clip_1.mp4,3,1,4:4:4,4,1,0,1,1.0,1.0,1.0,0.3602473958333333
clip_1.mp4,4,1,4:4:4,4,1,0,1,1.0,1.0,1.0,0.3595095486111111
clip_1.mp4,5,1,4:4:4,4,1,0,1,1.0,1.0,1.0,0.35903452932098767
clip_1.mp4,6,1,4:4:4,4,1,0,1,1.0,1.0,1.0,0.3592319315843621
clip_1.mp4,7,1,4:4:4,4,1,0,1,1.0,1.0,1.0,0.35902199074074076
clip_1.mp4,8,1,4:4:4,4,1,0,1,1.0,1.0,1.0,0.36033307613168725
clip_1.mp4,9,1,4:4:4,4,1,0,1,1.0,1.0,1.0,0.36248601466049385
clip_1.mp4,10,1,4:4:4,4,1,0,1,1.0,1.0,1.0,0.3616186021090535
clip_1.mp4,11,1,4:4:4,4,1,0,1,1.0,1.0,1.0,0.3615959362139918
clip_1.mp4,12,1,4:4:4,4,1,0,1,1.0,1.0,1.0,0.3621797839506173
clip_1.mp4,13,1,4:4:4,4,1,0,1,1.0,1.0,1.0,0.3630132780349794
clip_1.mp4,14,1,4:4:4,4,1,0,1,1.0,1.0,1.0,0.36714795524691357
clip_1.mp4,15,1,4:4:4,4,1,0,1,1.0,1.0,1.0,0.3677735982510288
clip_1.mp4,16,1,4:4:4,4,1,0,1,1.0,1.0,1.0,0.3681587577160494
clip_1.mp4,17,1,4:4:4,4,1,0,1,1.0,1.0,1.0,0.36801150977366254
clip_1.mp4,18,1,4:4:4,4,1,0,1,1.0,1.0,1.0,0.36770142103909464
clip_1.mp4,19,1,4:4:4,4,1,0,1,1.0,1.0,1.0,0.36875835905349796
clip_1.mp4,0,1,4:4:4,4,2,0,1,1.0,1.0,1.0,0.3692430234053498
clip_1.mp4,1,0,4:4:4,4,2,0,1,20.413065306845702,48.99579414961486,61.28021750694486,1.207795942644033
clip_1.mp4,2,1,4:4:4,4,2,0,1,1.0,1.0,1.0,0.3632839827674897
clip_1.mp4,3,0,4:4:4,4,2,0,1,4.033738989697781,8.78048780487805,12.368772666539416,7.55712416409465
clip_1.mp4,4,1,4:4:4,4,2,0,1,1.0,1.0,1.0,0.3595095486111111
clip_1.mp4,5,0,4:4:4,4,2,0,1,3.8529000802687516,11.615114885226802,13.32493670398026,6.03604391718107
clip_1.mp4,6,1,4:4:4,4,2,0,1,1.0,1.0,1.0,0.3592319315843621
clip_1.mp4,7,0,4:4:4,4,2,0,1,3.8999582469747867,9.911477353115501,10.515959550880893,6.802804623199589
clip_1.mp4,8,1,4:4:4,4,2,0,1,1.0,1.0,1.0,0.36033307613168725
clip_1.mp4,9,0,4:4:4,4,2,0,1,3.3295759993063383,7.854783478287221,7.72089213240496,8.212973733281894
clip_1.mp4,10,1,4:4:4,4,2,0,1,1.0,1.0,1.0,0.3616186021090535
clip_1.mp4,11,0,4:4:4,4,2,0,1,44.415884847705954,167.14492987264228,176.1168676745371,0.6133203125
clip_1.mp4,12,1,4:4:4,4,2,0,1,1.0,1.0,1.0,0.3621797839506173
clip_1.mp4,13,0,4:4:4,4,2,0,1,4.195413694173441,16.31651007978849,12.7639143655591,4.841464120370371
clip_1.mp4,14,1,4:4:4,4,2,0,1,1.0,1.0,1.0,0.36714795524691357
clip_1.mp4,15,0,4:4:4,4,2,0,1,7.58299384905688,25.964789261476046,20.450107497189293,2.737229938271605
clip_1.mp4,16,1,4:4:4,4,2,0,1,1.0,1.0,1.0,0.3681587577160494
clip_1.mp4,17,0,4:4:4,4,2,0,1,6.627333917145542,20.81760501164565,19.043770549014567,2.914608571244856
clip_1.mp4,18,1,4:4:4,4,2,0,1,1.0,1.0,1.0,0.36770142103909464
clip_1.mp4,19,0,4:4:4,4,2,0,1,6.863134482484709,16.415712725027312,15.956906502500962,3.125919174382716
clip_1.mp4,0,1,4:4:4,4,4,0,1,1.0,1.0,1.0,0.3692430234053498
clip_1.mp4,1,0,4:4:4,4,4,0,1,20.413065306845702,48.99579414961486,61.28021750694486,1.207795942644033
clip_1.mp4,2,0,4:4:4,4,4,0,1,3.1026217273295846,6.15801290046684,8.37445983603247,9.608516268004115
clip_1.mp4,3,0,4:4:4,4,4,0,1,2.7465409954621673,5.915309743601447,7.122199858490242,10.721010641718108
clip_1.mp4,4,1,4:4:4,4,4,0,1,1.0,1.0,1.0,0.3595095486111111
clip_1.mp4,5,0,4:4:4,4,4,0,1,3.8529000802687516,11.615114885226802,13.32493670398026,6.03604391718107
clip_1.mp4,6,0,4:4:4,4,4,0,1,3.7728845754959006,11.381774669842908,12.977682091850145,6.232654481738683
clip_1.mp4,7,0,4:4:4,4,4,0,1,3.1634832489168243,7.934734360889596,8.495018353434714,8.663383326903292
clip_1.mp4,8,1,4:4:4,4,4,0,1,1.0,1.0,1.0,0.36033307613168725
clip_1.mp4,9,0,4:4:4,4,4,0,1,3.3295759993063383,7.854783478287221,7.72089213240496,8.212973733281894
clip_1.mp4,10,0,4:4:4,4,4,0,1,3.045810541653692,7.4496673229195105,7.154686982444518,8.919369052211934
clip_1.mp4,11,0,4:4:4,4,4,0,1,3.033894287745911,7.415990730011588,7.129693302159263,8.909825263631687
clip_1.mp4,12,1,4:4:4,4,4,0,1,1.0,1.0,1.0,0.3621797839506173
clip_1.mp4,13,0,4:4:4,4,4,0,1,4.195413694173441,16.31651007978849,12.7639143655591,4.841464120370371
clip_1.mp4,14,0,4:4:4,4,4,0,1,3.2665200597349733,10.487770337251412,8.72308740755698,6.664247202932099
clip_1.mp4,15,0,4:4:4,4,4,0,1,2.9426122495317024,9.800733542556811,7.952078907202736,7.542099729938272
clip_1.mp4,16,1,4:4:4,4,4,0,1,1.0,1.0,1.0,0.3681587577160494
clip_1.mp4,17,0,4:4:4,4,4,0,1,6.627333917145542,20.81760501164565,19.043770549014567,2.914608571244856
clip_1.mp4,18,0,4:4:4,4,4,0,1,4.756203294661657,15.031969031360097,13.097358547769735,4.101052597736626
clip_1.mp4,19,0,4:4:4,4,4,0,1,3.7983309032026438,10.46532754617947,9.497549580909633,5.454411972736626
clip_1.mp4,0,1,4:4:4,4,6,0,1,1.0,1.0,1.0,0.3692430234053498
clip_1.mp4,1,0,4:4:4,4,6,0,1,20.413065306845702,48.99579414961486,61.28021750694486,1.207795942644033
clip_1.mp4,2,0,4:4:4,4,6,0,1,3.1026217273295846,6.15801290046684,8.37445983603247,9.608516268004115
clip_1.mp4,3,0,4:4:4,4,6,0,1,2.7465409954621673,5.915309743601447,7.122199858490242,10.721010641718108
clip_1.mp4,4,0,4:4:4,4,6,0,1,2.488981073373088,5.3366824859222355,5.983517625060597,11.839109278549383
clip_1.mp4,5,0,4:4:4,4,6,0,1,2.4501312739122936,5.252013575806696,5.950754749469093,12.081004854681069
clip_1.mp4,6,1,4:4:4,4,6,0,1,1.0,1.0,1.0,0.3592319315843621
clip_1.mp4,7,0,4:4:4,4,6,0,1,3.8999582469747867,9.911477353115501,10.515959550880893,6.802804623199589
clip_1.mp4,8,0,4:4:4,4,6,0,1,3.576467341623691,7.209713085684881,6.934699583302677,9.510456211419752
clip_1.mp4,9,0,4:4:4,4,6,0,1,2.9370938408280973,6.253807596494297,5.790464275940643,10.843859310699589
clip_1.mp4,10,0,4:4:4,4,6,0,1,2.828999426996644,6.255090405603519,5.746718694572543,11.035597833076132
clip_1.mp4,11,0,4:4:4,4,6,0,1,2.817291780453408,6.2605671223612385,5.740863787375416,11.040884773662551
clip_1.mp4,12,1,4:4:4,4,6,0,1,1.0,1.0,1.0,0.3621797839506173
clip_1.mp4,13,0,4:4:4,4,6,0,1,4.195413694173441,16.31651007978849,12.7639143655591,4.841464120370371
clip_1.mp4,14,0,4:4:4,4,6,0,1,3.2665200597349733,10.487770337251412,8.72308740755698,6.664247202932099
clip_1.mp4,15,0,4:4:4,4,6,0,1,2.9426122495317024,9.800733542556811,7.952078907202736,7.542099729938272
clip_1.mp4,16,0,4:4:4,4,6,0,1,2.8738212842388866,9.665150272205235,7.8817733990147785,7.6367185892489715
clip_1.mp4,17,0,4:4:4,4,6,0,1,2.7274377395517932,9.122825541799752,7.365624245179807,8.258851755401235
clip_1.mp4,18,1,4:4:4,4,6,0,1,1.0,1.0,1.0,0.36770142103909464
clip_1.mp4,19,0,4:4:4,4,6,0,1,6.863134482484709,16.415712725027312,15.956906502500962,3.125919174382716
clip_1.mp4,0,1,4:4:4,4,8,0,1,1.0,1.0,1.0,0.3692430234053498
clip_1.mp4,1,0,4:4:4,4,8,0,1,20.413065306845702,48.99579414961486,61.28021750694486,1.207795942644033
clip_1.mp4,2,0,4:4:4,4,8,0,1,3.1026217273295846,6.15801290046684,8.37445983603247,9.608516268004115
clip_1.mp4,3,0,4:4:4,4,8,0,1,2.7465409954621673,5.915309743601447,7.122199858490242,10.721010641718108
clip_1.mp4,4,0,4:4:4,4,8,0,1,2.488981073373088,5.3366824859222355,5.983517625060597,11.839109278549383
clip_1.mp4,5,0,4:4:4,4,8,0,1,2.4501312739122936,5.252013575806696,5.950754749469093,12.081004854681069
clip_1.mp4,6,0,4:4:4,4,8,0,1,2.4504729356041803,5.24730878043596,5.937430205988971,12.081199041923869
clip_1.mp4,7,0,4:4:4,4,8,0,1,2.3611503320367655,5.048793315023667,5.6568566471339246,12.230157214506173
clip_1.mp4,8,1,4:4:4,4,8,0,1,1.0,1.0,1.0,0.36033307613168725
clip_1.mp4,9,0,4:4:4,4,8,0,1,3.3295759993063383,7.854783478287221,7.72089213240496,8.212973733281894
clip_1.mp4,10,0,4:4:4,4,8,0,1,3.045810541653692,7.4496673229195105,7.154686982444518,8.919369052211934
clip_1.mp4,11,0,4:4:4,4,8,0,1,3.033894287745911,7.415990730011588,7.129693302159263,8.909825263631687
clip_1.mp4,12,0,4:4:4,4,8,0,1,2.9285901922734707,7.012275540225221,6.695727986050566,9.495426633230453
clip_1.mp4,13,0,4:4:4,4,8,0,1,2.6873261778435555,7.184632868586634,6.254184838668814,9.91529915766461
clip_1.mp4,14,0,4:4:4,4,8,0,1,2.5666797047130063,6.566929732331741,5.750990115485739,10.517936117541153
clip_1.mp4,15,0,4:4:4,4,8,0,1,2.5042631408599707,6.5964689040878,5.664614191038677,10.682568319187244
clip_1.mp4,16,1,4:4:4,4,8,0,1,1.0,1.0,1.0,0.3681587577160494
clip_1.mp4,17,0,4:4:4,4,8,0,1,6.627333917145542,20.81760501164565,19.043770549014567,2.914608571244856
clip_1.mp4,18,0,4:4:4,4,8,0,1,4.756203294661657,15.031969031360097,13.097358547769735,4.101052597736626
clip_1.mp4,19,0,4:4:4,4,8,0,1,3.7983309032026438,10.46532754617947,9.497549580909633,5.454411972736626
clip_1.mp4,0,1,4:4:4,4,10,0,1,1.0,1.0,1.0,0.3692430234053498
clip_1.mp4,1,0,4:4:4,4,10,0,1,20.413065306845702,48.99579414961486,61.28021750694486,1.207795942644033
clip_1.mp4,2,0,4:4:4,4,10,0,1,3.1026217273295846,6.15801290046684,8.37445983603247,9.608516268004115
clip_1.mp4,3,0,4:4:4,4,10,0,1,2.7465409954621673,5.915309743601447,7.122199858490242,10.721010641718108
clip_1.mp4,4,0,4:4:4,4,10,0,1,2.488981073373088,5.3366824859222355,5.983517625060597,11.839109278549383
clip_1.mp4,5,0,4:4:4,4,10,0,1,2.4501312739122936,5.252013575806696,5.950754749469093,12.081004854681069
clip_1.mp4,6,0,4:4:4,4,10,0,1,2.4504729356041803,5.24730878043596,5.937430205988971,12.081199041923869
clip_1.mp4,7,0,4:4:4,4,10,0,1,2.3611503320367655,5.048793315023667,5.6568566471339246,12.230157214506173
clip_1.mp4,8,0,4:4:4,4,10,0,1,2.287423802180201,4.947225774435516,5.5095891721268355,12.358218717849795
clip_1.mp4,9,0,4:4:4,4,10,0,1,2.244923588586573,4.837558264861914,5.241313766031555,12.533975855195473
clip_1.mp4,10,1,4:4:4,4,10,0,1,1.0,1.0,1.0,0.3616186021090535
clip_1.mp4,11,0,4:4:4,4,10,0,1,44.415884847705954,167.14492987264228,176.1168676745371,0.6133203125
clip_1.mp4,12,0,4:4:4,4,10,0,1,9.207406420674037,27.552484719638585,26.321401370906322,2.289655671296296
clip_1.mp4,13,0,4:4:4,4,10,0,1,3.766757493188011,13.841717398269786,10.753178867016532,5.554328542952675
clip_1.mp4,14,0,4:4:4,4,10,0,1,3.137539718565592,9.777350270178516,8.060077428984561,7.13315731095679
clip_1.mp4,15,0,4:4:4,4,10,0,1,2.8804080578081894,9.340877148726081,7.507603186097031,7.8958270640432096
clip_1.mp4,16,0,4:4:4,4,10,0,1,2.8213550014558497,9.219441924985327,7.44929264770335,7.986427147633745
clip_1.mp4,17,0,4:4:4,4,10,0,1,2.698496150582748,8.84505792625706,7.047212517502481,8.541919045781894
clip_1.mp4,18,0,4:4:4,4,10,0,1,2.627244484763097,8.336281478146207,6.777046415708524,8.885083751286007
clip_1.mp4,19,0,4:4:4,4,10,0,1,2.5366502906578456,7.583714908495106,6.323300704418626,9.297617991255144
clip_1.mp4,0,1,4:4:4,8,1,0,1,1.0,1.0,1.0,0.3692430234053498
clip_1.mp4,1,1,4:4:4,8,1,0,1,1.0,1.0,1.0,0.3694301376028807
clip_1.mp4,2,1,4:4:4,8,1,0,1,1.0,1.0,1.0,0.3632839827674897
clip_1.mp4,3,1,4:4:4,8,1,0,1,1.0,1.0,1.0,0.3602473958333333
clip_1.mp4,4,1,4:4:4,8,1,0,1,1.0,1.0,1.0,0.3595095486111111
clip_1.mp4,5,1,4:4:4,8,1,0,1,1.0,1.0,1.0,0.35903452932098767
clip_1.mp4,6,1,4:4:4,8,1,0,1,1.0,1.0,1.0,0.3592319315843621
clip_1.mp4,7,1,4:4:4,8,1,0,1,1.0,1.0,1.0,0.35902199074074076
clip_1.mp4,8,1,4:4:4,8,1,0,1,1.0,1.0,1.0,0.36033307613168725
clip_1.mp4,9,1,4:4:4,8,1,0,1,1.0,1.0,1.0,0.36248601466049385
clip_1.mp4,10,1,4:4:4,8,1,0,1,1.0,1.0,1.0,0.3616186021090535
clip_1.mp4,11,1,4:4:4,8,1,0,1,1.0,1.0,1.0,0.3615959362139918
clip_1.mp4,12,1,4:4:4,8,1,0,1,1.0,1.0,1.0,0.3621797839506173
clip_1.mp4,13,1,4:4:4,8,1,0,1,1.0,1.0,1.0,0.3630132780349794
clip_1.mp4,14,1,4:4:4,8,1,0,1,1.0,1.0,1.0,0.36714795524691357
clip_1.mp4,15,1,4:4:4,8,1,0,1,1.0,1.0,1.0,0.3677735982510288
clip_1.mp4,16,1,4:4:4,8,1,0,1,1.0,1.0,1.0,0.3681587577160494
clip_1.mp4,17,1,4:4:4,8,1,0,1,1.0,1.0,1.0,0.36801150977366254
clip_1.mp4,18,1,4:4:4,8,1,0,1,1.0,1.0,1.0,0.36770142103909464
clip_1.mp4,19,1,4:4:4,8,1,0,1,1.0,1.0,1.0,0.36875835905349796
clip_1.mp4,0,1,4:4:4,8,2,0,1,1.0,1.0,1.0,0.3692430234053498
clip_1.mp4,1,0,4:4:4,8,2,0,1,20.520534388916378,49.12114464395698,61.51290418273509,4.125196116255144
clip_1.mp4,2,1,4:4:4,8,2,0,1,1.0,1.0,1.0,0.3632839827674897
clip_1.mp4,3,0,4:4:4,8,2,0,1,5.235358870519799,9.079365635371696,12.891674127126231,34.650472447273664
clip_1.mp4,4,1,4:4:4,8,2,0,1,1.0,1.0,1.0,0.3595095486111111
clip_1.mp4,5,0,4:4:4,8,2,0,1,4.250939938253129,11.910259503049936,13.565176433646034,26.195776427469134
clip_1.mp4,6,1,4:4:4,8,2,0,1,1.0,1.0,1.0,0.3592319315843621
clip_1.mp4,7,0,4:4:4,8,2,0,1,4.200734156085149,10.080700048614487,10.587262200165426,35.5373080632716
clip_1.mp4,8,1,4:4:4,8,2,0,1,1.0,1.0,1.0,0.36033307613168725
clip_1.mp4,9,0,4:4:4,8,2,0,1,3.6322106457964027,7.9651524579962665,7.792852042541997,45.36248231738683
clip_1.mp4,10,1,4:4:4,8,2,0,1,1.0,1.0,1.0,0.3616186021090535
clip_1.mp4,11,0,4:4:4,8,2,0,1,44.87340402510279,167.14492987264228,176.1168676745371,1.5009551826131686
clip_1.mp4,12,1,4:4:4,8,2,0,1,1.0,1.0,1.0,0.3621797839506173
clip_1.mp4,13,0,4:4:4,8,2,0,1,4.533370645025885,16.987531335507022,12.923652228108445,19.243622845936216
clip_1.mp4,14,1,4:4:4,8,2,0,1,1.0,1.0,1.0,0.36714795524691357
clip_1.mp4,15,0,4:4:4,8,2,0,1,7.858176884772509,26.23548166704623,20.518909932909814,11.03564252186214
clip_1.mp4,16,1,4:4:4,8,2,0,1,1.0,1.0,1.0,0.3681587577160494
clip_1.mp4,17,0,4:4:4,8,2,0,1,6.815985484475357,20.99507927829415,19.11328233016868,12.115148855452675
clip_1.mp4,18,1,4:4:4,8,2,0,1,1.0,1.0,1.0,0.36770142103909464
clip_1.mp4,19,0,4:4:4,8,2,0,1,6.979891073844931,16.468121604879443,15.97756237382688,15.136820987654321
clip_1.mp4,0,1,4:4:4,8,4,0,1,1.0,1.0,1.0,0.3692430234053498
clip_1.mp4,1,0,4:4:4,8,4,0,1,20.520534388916378,49.12114464395698,61.51290418273509,4.125196116255144
clip_1.mp4,2,0,4:4:4,8,4,0,1,4.816724738675958,6.669926147036875,9.488857365121493,44.571846064814814
clip_1.mp4,3,0,4:4:4,8,4,0,1,5.202964806720496,7.3002774218078885,9.450110743485276,48.096612815072014
clip_1.mp4,4,1,4:4:4,8,4,0,1,1.0,1.0,1.0,0.3595095486111111
clip_1.mp4,5,0,4:4:4,8,4,0,1,4.250939938253129,11.910259503049936,13.565176433646034,26.195776427469134
clip_1.mp4,6,0,4:4:4,8,4,0,1,4.175543589888161,11.666085312749654,13.204447331219196,27.30576388888889
clip_1.mp4,7,0,4:4:4,8,4,0,1,4.215593793709137,8.643529441188486,9.049726360994004,42.80486062885802
clip_1.mp4,8,1,4:4:4,8,4,0,1,1.0,1.0,1.0,0.36033307613168725
clip_1.mp4,9,0,4:4:4,8,4,0,1,3.6322106457964027,7.9651524579962665,7.792852042541997,45.36248231738683
clip_1.mp4,10,0,4:4:4,8,4,0,1,3.4171245134519617,7.603458517589598,7.253240802277831,49.02810587062757
clip_1.mp4,11,0,4:4:4,8,4,0,1,3.4139739803024765,7.586433980902206,7.237039570579983,48.90090261702675
clip_1.mp4,12,1,4:4:4,8,4,0,1,1.0,1.0,1.0,0.3621797839506173
clip_1.mp4,13,0,4:4:4,8,4,0,1,4.533370645025885,16.987531335507022,12.923652228108445,19.243622845936216
clip_1.mp4,14,0,4:4:4,8,4,0,1,3.7548347843722385,11.206589059308019,8.954063787340985,29.695826099537037
clip_1.mp4,15,0,4:4:4,8,4,0,1,3.5105183499751136,10.820175118189123,8.2281143111097,32.74520029578189
clip_1.mp4,16,1,4:4:4,8,4,0,1,1.0,1.0,1.0,0.3681587577160494
clip_1.mp4,17,0,4:4:4,8,4,0,1,6.815985484475357,20.99507927829415,19.11328233016868,12.115148855452675
clip_1.mp4,18,0,4:4:4,8,4,0,1,5.024886954583125,15.265242421119275,13.19436490665445,18.115000482253087
clip_1.mp4,19,0,4:4:4,8,4,0,1,4.172031934071594,10.715503787839639,9.636852036026658,25.8610251093107
clip_1.mp4,0,1,4:4:4,8,6,0,1,1.0,1.0,1.0,0.3692430234053498
clip_1.mp4,1,0,4:4:4,8,6,0,1,20.520534388916378,49.12114464395698,61.51290418273509,4.125196116255144
clip_1.mp4,2,0,4:4:4,8,6,0,1,4.816724738675958,6.669926147036875,9.488857365121493,44.571846064814814
clip_1.mp4,3,0,4:4:4,8,6,0,1,5.202964806720496,7.3002774218078885,9.450110743485276,48.096612815072014
clip_1.mp4,4,0,4:4:4,8,6,0,1,4.9518805970149256,7.125234518352564,7.823075355954456,55.79727269804527
clip_1.mp4,5,0,4:4:4,8,6,0,1,5.014727861050249,7.397049170971148,8.359604918363233,54.08858908822017
clip_1.mp4,6,1,4:4:4,8,6,0,1,1.0,1.0,1.0,0.3592319315843621
clip_1.mp4,7,0,4:4:4,8,6,0,1,4.200734156085149,10.080700048614487,10.587262200165426,35.5373080632716
clip_1.mp4,8,0,4:4:4,8,6,0,1,4.416575790621592,7.502713655112526,7.067581016782778,51.15357108410494
clip_1.mp4,9,0,4:4:4,8,6,0,1,5.329495219492135,6.796994847185619,6.030641802677959,59.257555619855964
clip_1.mp4,10,0,4:4:4,8,6,0,1,5.331989364820596,6.877885686992517,6.016154488905394,59.924288998199586
clip_1.mp4,11,0,4:4:4,8,6,0,1,5.325006163201578,6.892150606253988,6.015526184480778,59.821804751800414
clip_1.mp4,12,1,4:4:4,8,6,0,1,1.0,1.0,1.0,0.3621797839506173
clip_1.mp4,13,0,4:4:4,8,6,0,1,4.533370645025885,16.987531335507022,12.923652228108445,19.243622845936216
clip_1.mp4,14,0,4:4:4,8,6,0,1,3.7548347843722385,11.206589059308019,8.954063787340985,29.695826099537037
clip_1.mp4,15,0,4:4:4,8,6,0,1,3.5105183499751136,10.820175118189123,8.2281143111097,32.74520029578189
clip_1.mp4,16,0,4:4:4,8,6,0,1,3.421962875927442,10.67424406214288,8.153828005190515,33.43777247299383
clip_1.mp4,17,0,4:4:4,8,6,0,1,3.3294049266715264,10.409116008232518,7.731140059802994,35.57265335648148
clip_1.mp4,18,1,4:4:4,8,6,0,1,1.0,1.0,1.0,0.36770142103909464
clip_1.mp4,19,0,4:4:4,8,6,0,1,6.979891073844931,16.468121604879443,15.97756237382688,15.136820987654321
clip_1.mp4,0,1,4:4:4,8,8,0,1,1.0,1.0,1.0,0.3692430234053498
clip_1.mp4,1,0,4:4:4,8,8,0,1,20.520534388916378,49.12114464395698,61.51290418273509,4.125196116255144
clip_1.mp4,2,0,4:4:4,8,8,0,1,4.816724738675958,6.669926147036875,9.488857365121493,44.571846064814814
clip_1.mp4,3,0,4:4:4,8,8,0,1,5.202964806720496,7.3002774218078885,9.450110743485276,48.096612815072014
clip_1.mp4,4,0,4:4:4,8,8,0,1,4.9518805970149256,7.125234518352564,7.823075355954456,55.79727269804527
clip_1.mp4,5,0,4:4:4,8,8,0,1,5.014727861050249,7.397049170971148,8.359604918363233,54.08858908822017
clip_1.mp4,6,0,4:4:4,8,8,0,1,5.0456483229837845,7.404021937842779,8.333668244769353,54.08196920010288
clip_1.mp4,7,0,4:4:4,8,8,0,1,4.7753714638392735,7.436362723510468,8.04425582099048,54.74279513888889
clip_1.mp4,8,1,4:4:4,8,8,0,1,1.0,1.0,1.0,0.36033307613168725
clip_1.mp4,9,0,4:4:4,8,8,0,1,3.6322106457964027,7.9651524579962665,7.792852042541997,45.36248231738683
clip_1.mp4,10,0,4:4:4,8,8,0,1,3.4171245134519617,7.603458517589598,7.253240802277831,49.02810587062757
clip_1.mp4,11,0,4:4:4,8,8,0,1,3.4139739803024765,7.586433980902206,7.237039570579983,48.90090261702675
clip_1.mp4,12,0,4:4:4,8,8,0,1,3.3744727386345885,7.203952168203389,6.821680944297501,52.91778195730453
clip_1.mp4,13,0,4:4:4,8,8,0,1,3.3520853540252182,7.697961911125961,6.469567821887207,51.095844907407404
clip_1.mp4,14,0,4:4:4,8,8,0,1,3.4870815199478016,7.231386224934612,6.007718249139519,55.20280060442387
clip_1.mp4,15,0,4:4:4,8,8,0,1,3.5358633672550677,7.5501926143852724,5.961292993410839,54.560959683641975
clip_1.mp4,16,1,4:4:4,8,8,0,1,1.0,1.0,1.0,0.3681587577160494
clip_1.mp4,17,0,4:4:4,8,8,0,1,6.815985484475357,20.99507927829415,19.11328233016868,12.115148855452675
clip_1.mp4,18,0,4:4:4,8,8,0,1,5.024886954583125,15.265242421119275,13.19436490665445,18.115000482253087
clip_1.mp4,19,0,4:4:4,8,8,0,1,4.172031934071594,10.715503787839639,9.636852036026658,25.8610251093107
clip_1.mp4,0,1,4:4:4,8,10,0,1,1.0,1.0,1.0,0.3692430234053498
clip_1.mp4,1,0,4:4:4,8,10,0,1,20.520534388916378,49.12114464395698,61.51290418273509,4.125196116255144
clip_1.mp4,2,0,4:4:4,8,10,0,1,4.816724738675958,6.669926147036875,9.488857365121493,44.571846064814814
clip_1.mp4,3,0,4:4:4,8,10,0,1,5.202964806720496,7.3002774218078885,9.450110743485276,48.096612815072014
clip_1.mp4,4,0,4:4:4,8,10,0,1,4.9518805970149256,7.125234518352564,7.823075355954456,55.79727269804527
clip_1.mp4,5,0,4:4:4,8,10,0,1,5.014727861050249,7.397049170971148,8.359604918363233,54.08858908822017
clip_1.mp4,6,0,4:4:4,8,10,0,1,5.0456483229837845,7.404021937842779,8.333668244769353,54.08196920010288
clip_1.mp4,7,0,4:4:4,8,10,0,1,4.7753714638392735,7.436362723510468,8.04425582099048,54.74279513888889
clip_1.mp4,8,0,4:4:4,8,10,0,1,4.429027903559285,7.550742475111244,7.882492473314478,55.96832304526749
clip_1.mp4,9,0,4:4:4,8,10,0,1,4.191292396005983,7.8012370017005015,7.483813222269541,59.33424848894033
clip_1.mp4,10,1,4:4:4,8,10,0,1,1.0,1.0,1.0,0.3616186021090535
clip_1.mp4,11,0,4:4:4,8,10,0,1,44.87340402510279,167.14492987264228,176.1168676745371,1.5009551826131686
clip_1.mp4,12,0,4:4:4,8,10,0,1,9.544149053685839,27.724890362605628,26.370943127479908,10.89372170781893
clip_1.mp4,13,0,4:4:4,8,10,0,1,4.121973522045084,14.362298965216308,10.878415243211483,23.888581532921812
clip_1.mp4,14,0,4:4:4,8,10,0,1,3.670452292616613,10.425444197528382,8.262671342046541,33.13935635288066
clip_1.mp4,15,0,4:4:4,8,10,0,1,3.5064816474511384,10.2845919592108,7.752007536673994,35.51758809156379
clip_1.mp4,16,0,4:4:4,8,10,0,1,3.4292291510937942,10.15584441026947,7.693335114197943,36.18436680169753
clip_1.mp4,17,0,4:4:4,8,10,0,1,3.3577521714629928,10.044078469363042,7.377784103038497,37.903490226337446
clip_1.mp4,18,0,4:4:4,8,10,0,1,3.3642676357972614,9.682570812204073,7.141381162954085,39.66153565457819
clip_1.mp4,19,0,4:4:4,8,10,0,1,3.3411211188630907,8.847246755241533,6.7014840477791,42.717196180555554
clip_1.mp4,0,1,4:4:4,16,1,0,1,1.0,1.0,1.0,0.3692430234053498
clip_1.mp4,1,1,4:4:4,16,1,0,1,1.0,1.0,1.0,0.3694301376028807
clip_1.mp4,2,1,4:4:4,16,1,0,1,1.0,1.0,1.0,0.3632839827674897
clip_1.mp4,3,1,4:4:4,16,1,0,1,1.0,1.0,1.0,0.3602473958333333
clip_1.mp4,4,1,4:4:4,16,1,0,1,1.0,1.0,1.0,0.3595095486111111
clip_1.mp4,5,1,4:4:4,16,1,0,1,1.0,1.0,1.0,0.35903452932098767
clip_1.mp4,6,1,4:4:4,16,1,0,1,1.0,1.0,1.0,0.3592319315843621
clip_1.mp4,7,1,4:4:4,16,1,0,1,1.0,1.0,1.0,0.35902199074074076
clip_1.mp4,8,1,4:4:4,16,1,0,1,1.0,1.0,1.0,0.36033307613168725
clip_1.mp4,9,1,4:4:4,16,1,0,1,1.0,1.0,1.0,0.36248601466049385
clip_1.mp4,10,1,4:4:4,16,1,0,1,1.0,1.0,1.0,0.3616186021090535
clip_1.mp4,11,1,4:4:4,16,1,0,1,1.0,1.0,1.0,0.3615959362139918
clip_1.mp4,12,1,4:4:4,16,1,0,1,1.0,1.0,1.0,0.3621797839506173
clip_1.mp4,13,1,4:4:4,16,1,0,1,1.0,1.0,1.0,0.3630132780349794
clip_1.mp4,14,1,4:4:4,16,1,0,1,1.0,1.0,1.0,0.36714795524691357
clip_1.mp4,15,1,4:4:4,16,1,0,1,1.0,1.0,1.0,0.3677735982510288
clip_1.mp4,16,1,4:4:4,16,1,0,1,1.0,1.0,1.0,0.3681587577160494
clip_1.mp4,17,1,4:4:4,16,1,0,1,1.0,1.0,1.0,0.36801150977366254
clip_1.mp4,18,1,4:4:4,16,1,0,1,1.0,1.0,1.0,0.36770142103909464
clip_1.mp4,19,1,4:4:4,16,1,0,1,1.0,1.0,1.0,0.36875835905349796
clip_1.mp4,0,1,4:4:4,16,2,0,1,1.0,1.0,1.0,0.3692430234053498
clip_1.mp4,1,0,4:4:4,16,2,0,1,20.521346713378065,49.12114464395698,61.51290418273509,16.602926311728396
clip_1.mp4,2,1,4:4:4,16,2,0,1,1.0,1.0,1.0,0.3632839827674897
clip_1.mp4,3,0,4:4:4,16,2,0,1,5.41209264450256,9.08334282435191,12.902904646937303,155.89851096322016
clip_1.mp4,4,1,4:4:4,16,2,0,1,1.0,1.0,1.0,0.3595095486111111
clip_1.mp4,5,0,4:4:4,16,2,0,1,4.274952686070532,11.910806805518858,13.565176433646034,114.17953060699588
clip_1.mp4,6,1,4:4:4,16,2,0,1,1.0,1.0,1.0,0.3592319315843621
clip_1.mp4,7,0,4:4:4,16,2,0,1,4.229540698314793,10.081876349209436,10.589424874117803,164.88587255658436
clip_1.mp4,8,1,4:4:4,16,2,0,1,1.0,1.0,1.0,0.36033307613168725
clip_1.mp4,9,0,4:4:4,16,2,0,1,3.6439936314463153,7.965397232700537,7.7933206551560845,216.11456822273664
clip_1.mp4,10,1,4:4:4,16,2,0,1,1.0,1.0,1.0,0.3616186021090535
clip_1.mp4,11,0,4:4:4,16,2,0,1,44.931744312026005,167.14492987264228,176.1168676745371,5.291900077160494
clip_1.mp4,12,1,4:4:4,16,2,0,1,1.0,1.0,1.0,0.3621797839506173
clip_1.mp4,13,0,4:4:4,16,2,0,1,4.553619662079961,16.987531335507022,12.923652228108445,81.93930362654321
clip_1.mp4,14,1,4:4:4,16,2,0,1,1.0,1.0,1.0,0.36714795524691357
clip_1.mp4,15,0,4:4:4,16,2,0,1,7.870106802085942,26.23548166704623,20.518909932909814,46.811696244855966
clip_1.mp4,16,1,4:4:4,16,2,0,1,1.0,1.0,1.0,0.3681587577160494
clip_1.mp4,17,0,4:4:4,16,2,0,1,6.830174509377656,20.99507927829415,19.11328233016868,52.0530931712963
clip_1.mp4,18,1,4:4:4,16,2,0,1,1.0,1.0,1.0,0.36770142103909464
clip_1.mp4,19,0,4:4:4,16,2,0,1,6.982147306607046,16.468121604879443,15.97756237382688,67.79822402263375
clip_1.mp4,0,1,4:4:4,16,4,0,1,1.0,1.0,1.0,0.3692430234053498
clip_1.mp4,1,0,4:4:4,16,4,0,1,20.521346713378065,49.12114464395698,61.51290418273509,16.602926311728396
clip_1.mp4,2,0,4:4:4,16,4,0,1,5.216262584082551,6.688126124847601,9.542831371321803,203.2375909850823
clip_1.mp4,3,0,4:4:4,16,4,0,1,6.855873250985267,7.418060057095023,9.692980815975469,218.74306005658437
clip_1.mp4,4,1,4:4:4,16,4,0,1,1.0,1.0,1.0,0.3595095486111111
clip_1.mp4,5,0,4:4:4,16,4,0,1,4.274952686070532,11.910806805518858,13.565176433646034,114.17953060699588
clip_1.mp4,6,0,4:4:4,16,4,0,1,4.19945805604948,11.666610404077913,13.204447331219196,119.38005626286008
clip_1.mp4,7,0,4:4:4,16,4,0,1,4.331351751047537,8.648720793466746,9.055891832403113,199.94141428755145
clip_1.mp4,8,1,4:4:4,16,4,0,1,1.0,1.0,1.0,0.36033307613168725
clip_1.mp4,9,0,4:4:4,16,4,0,1,3.6439936314463153,7.965397232700537,7.7933206551560845,216.11456822273664
clip_1.mp4,10,0,4:4:4,16,4,0,1,3.442196790868617,7.604239246030291,7.254255788081695,233.9981557034465
clip_1.mp4,11,0,4:4:4,16,4,0,1,3.4415797807187882,7.587211216895596,7.238050026877404,233.39303192515433
clip_1.mp4,12,1,4:4:4,16,4,0,1,1.0,1.0,1.0,0.3621797839506173
clip_1.mp4,13,0,4:4:4,16,4,0,1,4.553619662079961,16.987531335507022,12.923652228108445,81.93930362654321
clip_1.mp4,14,0,4:4:4,16,4,0,1,3.8109100532601143,11.209496934903182,8.954373116152937,131.97229825745885
clip_1.mp4,15,0,4:4:4,16,4,0,1,3.57647967877914,10.82378978797148,8.228636735212184,144.52393309542182
clip_1.mp4,16,1,4:4:4,16,4,0,1,1.0,1.0,1.0,0.3681587577160494
clip_1.mp4,17,0,4:4:4,16,4,0,1,6.830174509377656,20.99507927829415,19.11328233016868,52.0530931712963
clip_1.mp4,18,0,4:4:4,16,4,0,1,5.049653956487647,15.27423798229202,13.195708340227311,79.3043727494856
clip_1.mp4,19,0,4:4:4,16,4,0,1,4.207126307118597,10.720822260596222,9.637568670465425,116.47300090020576
clip_1.mp4,0,1,4:4:4,16,6,0,1,1.0,1.0,1.0,0.3692430234053498
clip_1.mp4,1,0,4:4:4,16,6,0,1,20.521346713378065,49.12114464395698,61.51290418273509,16.602926311728396
clip_1.mp4,2,0,4:4:4,16,6,0,1,5.216262584082551,6.688126124847601,9.542831371321803,203.2375909850823
clip_1.mp4,3,0,4:4:4,16,6,0,1,6.855873250985267,7.418060057095023,9.692980815975469,218.74306005658437
clip_1.mp4,4,0,4:4:4,16,6,0,1,7.658160062045278,7.412862403031495,8.153571512830393,260.6464581725823
clip_1.mp4,5,0,4:4:4,16,6,0,1,8.70536276543044,7.744190736549623,8.804048775517137,247.19979456018518
clip_1.mp4,6,1,4:4:4,16,6,0,1,1.0,1.0,1.0,0.3592319315843621
clip_1.mp4,7,0,4:4:4,16,6,0,1,4.229540698314793,10.081876349209436,10.589424874117803,164.88587255658436
clip_1.mp4,8,0,4:4:4,16,6,0,1,4.492434615317954,7.50597263447477,7.069315841867696,243.83378986625513
clip_1.mp4,9,0,4:4:4,16,6,0,1,5.6367432150313155,6.801096781811264,6.034713572285019,303.4860452031893
clip_1.mp4,10,0,4:4:4,16,6,0,1,5.701245497786698,6.884279302010571,6.020556297543696,308.10265625
clip_1.mp4,11,0,4:4:4,16,6,0,1,5.6989578294709995,6.898295386498822,6.020276626136641,307.5246879822531
clip_1.mp4,12,1,4:4:4,16,6,0,1,1.0,1.0,1.0,0.3621797839506173
clip_1.mp4,13,0,4:4:4,16,6,0,1,4.553619662079961,16.987531335507022,12.923652228108445,81.93930362654321
clip_1.mp4,14,0,4:4:4,16,6,0,1,3.8109100532601143,11.209496934903182,8.954373116152937,131.97229825745885
clip_1.mp4,15,0,4:4:4,16,6,0,1,3.57647967877914,10.82378978797148,8.228636735212184,144.52393309542182
clip_1.mp4,16,0,4:4:4,16,6,0,1,3.4854637872145875,10.679081648418428,8.154341038325718,147.91762860082304
clip_1.mp4,17,0,4:4:4,16,6,0,1,3.4088331125000413,10.414134616350433,7.73229321261569,156.7558013438786
clip_1.mp4,18,1,4:4:4,16,6,0,1,1.0,1.0,1.0,0.36770142103909464
clip_1.mp4,19,0,4:4:4,16,6,0,1,6.982147306607046,16.468121604879443,15.97756237382688,67.79822402263375
clip_1.mp4,0,1,4:4:4,16,8,0,1,1.0,1.0,1.0,0.3692430234053498
clip_1.mp4,1,0,4:4:4,16,8,0,1,20.521346713378065,49.12114464395698,61.51290418273509,16.602926311728396
clip_1.mp4,2,0,4:4:4,16,8,0,1,5.216262584082551,6.688126124847601,9.542831371321803,203.2375909850823
clip_1.mp4,3,0,4:4:4,16,8,0,1,6.855873250985267,7.418060057095023,9.692980815975469,218.74306005658437
clip_1.mp4,4,0,4:4:4,16,8,0,1,7.658160062045278,7.412862403031495,8.153571512830393,260.6464581725823
clip_1.mp4,5,0,4:4:4,16,8,0,1,8.70536276543044,7.744190736549623,8.804048775517137,247.19979456018518
clip_1.mp4,6,0,4:4:4,16,8,0,1,8.839025388327167,7.755660779605485,8.777068553917005,247.43875192901234
clip_1.mp4,7,0,4:4:4,16,8,0,1,9.41099583367372,7.881114362814032,8.520289926532222,252.9116345164609
clip_1.mp4,8,1,4:4:4,16,8,0,1,1.0,1.0,1.0,0.36033307613168725
clip_1.mp4,9,0,4:4:4,16,8,0,1,3.6439936314463153,7.965397232700537,7.7933206551560845,216.11456822273664
clip_1.mp4,10,0,4:4:4,16,8,0,1,3.442196790868617,7.604239246030291,7.254255788081695,233.9981557034465
clip_1.mp4,11,0,4:4:4,16,8,0,1,3.4415797807187882,7.587211216895596,7.238050026877404,233.39303192515433
clip_1.mp4,12,0,4:4:4,16,8,0,1,3.41923186006477,7.205253830918378,6.822668526756337,254.0824225180041
clip_1.mp4,13,0,4:4:4,16,8,0,1,3.430091376469732,7.701049535396751,6.470859910376593,242.59738586676954
clip_1.mp4,14,0,4:4:4,16,8,0,1,3.6283464566929133,7.2364334322107835,6.010992323925698,266.25840133101855
clip_1.mp4,15,0,4:4:4,16,8,0,1,3.7125628428606214,7.5558049541244285,5.96547756041427,262.18569685570986
clip_1.mp4,16,1,4:4:4,16,8,0,1,1.0,1.0,1.0,0.3681587577160494
clip_1.mp4,17,0,4:4:4,16,8,0,1,6.830174509377656,20.99507927829415,19.11328233016868,52.0530931712963
clip_1.mp4,18,0,4:4:4,16,8,0,1,5.049653956487647,15.27423798229202,13.195708340227311,79.3043727494856
clip_1.mp4,19,0,4:4:4,16,8,0,1,4.207126307118597,10.720822260596222,9.637568670465425,116.47300090020576
clip_1.mp4,0,1,4:4:4,16,10,0,1,1.0,1.0,1.0,0.3692430234053498
clip_1.mp4,1,0,4:4:4,16,10,0,1,20.521346713378065,49.12114464395698,61.51290418273509,16.602926311728396
clip_1.mp4,2,0,4:4:4,16,10,0,1,5.216262584082551,6.688126124847601,9.542831371321803,203.2375909850823
clip_1.mp4,3,0,4:4:4,16,10,0,1,6.855873250985267,7.418060057095023,9.692980815975469,218.74306005658437
clip_1.mp4,4,0,4:4:4,16,10,0,1,7.658160062045278,7.412862403031495,8.153571512830393,260.6464581725823
clip_1.mp4,5,0,4:4:4,16,10,0,1,8.70536276543044,7.744190736549623,8.804048775517137,247.19979456018518
clip_1.mp4,6,0,4:4:4,16,10,0,1,8.839025388327167,7.755660779605485,8.777068553917005,247.43875192901234
clip_1.mp4,7,0,4:4:4,16,10,0,1,9.41099583367372,7.881114362814032,8.520289926532222,252.9116345164609
clip_1.mp4,8,0,4:4:4,16,10,0,1,9.762803792879406,8.145116308301452,8.381094036715789,252.57238763503085
clip_1.mp4,9,0,4:4:4,16,10,0,1,10.19739753916969,8.533544038124399,7.953054884363135,259.6433577674897
clip_1.mp4,10,1,4:4:4,16,10,0,1,1.0,1.0,1.0,0.3616186021090535
clip_1.mp4,11,0,4:4:4,16,10,0,1,44.931744312026005,167.14492987264228,176.1168676745371,5.291900077160494
clip_1.mp4,12,0,4:4:4,16,10,0,1,9.589256481164622,27.724890362605628,26.370943127479908,48.87097817001029
clip_1.mp4,13,0,4:4:4,16,10,0,1,4.157694019705738,14.362298965216308,10.878415243211483,104.85226144547325
clip_1.mp4,14,0,4:4:4,16,10,0,1,3.7383716737578423,10.427541260598014,8.26293474449297,150.00335294495883
clip_1.mp4,15,0,4:4:4,16,10,0,1,3.5882633885001143,10.287449272198684,7.752471249756987,159.66622781635803
clip_1.mp4,16,0,4:4:4,16,10,0,1,3.5081070838859865,10.159426964420447,7.693791834251027,162.96793772505143
clip_1.mp4,17,0,4:4:4,16,10,0,1,3.4533294252444775,10.048751175165007,7.379254387837896,170.0137409979424
clip_1.mp4,18,0,4:4:4,16,10,0,1,3.4894874478747715,9.695609482395849,7.143743023688454,178.5488163901749
clip_1.mp4,19,0,4:4:4,16,10,0,1,3.505355404089581,8.863432357341312,6.706946295266065,195.0981963734568
clip_1.mp4,0,1,4:4:4,32,1,0,1,1.0,1.0,1.0,0.3692430234053498
clip_1.mp4,1,1,4:4:4,32,1,0,1,1.0,1.0,1.0,0.3694301376028807
clip_1.mp4,2,1,4:4:4,32,1,0,1,1.0,1.0,1.0,0.3632839827674897
clip_1.mp4,3,1,4:4:4,32,1,0,1,1.0,1.0,1.0,0.3602473958333333
clip_1.mp4,4,1,4:4:4,32,1,0,1,1.0,1.0,1.0,0.3595095486111111
clip_1.mp4,5,1,4:4:4,32,1,0,1,1.0,1.0,1.0,0.35903452932098767
clip_1.mp4,6,1,4:4:4,32,1,0,1,1.0,1.0,1.0,0.3592319315843621
clip_1.mp4,7,1,4:4:4,32,1,0,1,1.0,1.0,1.0,0.35902199074074076
clip_1.mp4,8,1,4:4:4,32,1,0,1,1.0,1.0,1.0,0.36033307613168725
clip_1.mp4,9,1,4:4:4,32,1,0,1,1.0,1.0,1.0,0.36248601466049385
clip_1.mp4,10,1,4:4:4,32,1,0,1,1.0,1.0,1.0,0.3616186021090535
clip_1.mp4,11,1,4:4:4,32,1,0,1,1.0,1.0,1.0,0.3615959362139918
clip_1.mp4,12,1,4:4:4,32,1,0,1,1.0,1.0,1.0,0.3621797839506173
clip_1.mp4,13,1,4:4:4,32,1,0,1,1.0,1.0,1.0,0.3630132780349794
clip_1.mp4,14,1,4:4:4,32,1,0,1,1.0,1.0,1.0,0.36714795524691357
clip_1.mp4,15,1,4:4:4,32,1,0,1,1.0,1.0,1.0,0.3677735982510288
clip_1.mp4,16,1,4:4:4,32,1,0,1,1.0,1.0,1.0,0.3681587577160494
clip_1.mp4,17,1,4:4:4,32,1,0,1,1.0,1.0,1.0,0.36801150977366254
clip_1.mp4,18,1,4:4:4,32,1,0,1,1.0,1.0,1.0,0.36770142103909464
clip_1.mp4,19,1,4:4:4,32,1,0,1,1.0,1.0,1.0,0.36875835905349796
clip_1.mp4,0,1,4:4:4,32,2,0,1,1.0,1.0,1.0,0.3692430234053498
clip_1.mp4,1,0,4:4:4,32,2,0,1,20.521346713378065,49.12114464395698,61.51290418273509,66.27344730581275
clip_1.mp4,2,1,4:4:4,32,2,0,1,1.0,1.0,1.0,0.3632839827674897
clip_1.mp4,3,0,4:4:4,32,2,0,1,5.425971184994845,9.08334282435191,12.902904646937303,657.993800315072
clip_1.mp4,4,1,4:4:4,32,2,0,1,1.0,1.0,1.0,0.3595095486111111
clip_1.mp4,5,0,4:4:4,32,2,0,1,4.275446286819435,11.910806805518858,13.565176433646034,467.7884442515432
clip_1.mp4,6,1,4:4:4,32,2,0,1,1.0,1.0,1.0,0.3592319315843621
clip_1.mp4,7,0,4:4:4,32,2,0,1,4.232856075544723,10.081876349209436,10.589424874117803,674.0793534593621
clip_1.mp4,8,1,4:4:4,32,2,0,1,1.0,1.0,1.0,0.36033307613168725
clip_1.mp4,9,0,4:4:4,32,2,0,1,3.6445572432411533,7.965397232700537,7.7933206551560845,912.5837123842592
clip_1.mp4,10,1,4:4:4,32,2,0,1,1.0,1.0,1.0,0.3616186021090535
clip_1.mp4,11,0,4:4:4,32,2,0,1,44.931744312026005,167.14492987264228,176.1168676745371,20.211486786265432
clip_1.mp4,12,1,4:4:4,32,2,0,1,1.0,1.0,1.0,0.3621797839506173
clip_1.mp4,13,0,4:4:4,32,2,0,1,4.553819665578868,16.987531335507022,12.923652228108445,325.40797469778806
clip_1.mp4,14,1,4:4:4,32,2,0,1,1.0,1.0,1.0,0.36714795524691357
clip_1.mp4,15,0,4:4:4,32,2,0,1,7.870106802085942,26.23548166704623,20.518909932909814,188.49200842335392
clip_1.mp4,16,1,4:4:4,32,2,0,1,1.0,1.0,1.0,0.3681587577160494
clip_1.mp4,17,0,4:4:4,32,2,0,1,6.832334974200818,20.99507927829415,19.11328233016868,207.17573350694445
clip_1.mp4,18,1,4:4:4,32,2,0,1,1.0,1.0,1.0,0.36770142103909464
clip_1.mp4,19,0,4:4:4,32,2,0,1,6.982617538708135,16.468121604879443,15.97756237382688,275.00280140817904
clip_1.mp4,0,1,4:4:4,32,4,0,1,1.0,1.0,1.0,0.3692430234053498
clip_1.mp4,1,0,4:4:4,32,4,0,1,20.521346713378065,49.12114464395698,61.51290418273509,66.27344730581275
clip_1.mp4,2,0,4:4:4,32,4,0,1,5.267409428297085,6.688126124847601,9.542831371321803,870.237884998714
clip_1.mp4,3,0,4:4:4,32,4,0,1,7.166506535428172,7.418484677194313,9.693705822955234,960.3716700424383
clip_1.mp4,4,1,4:4:4,32,4,0,1,1.0,1.0,1.0,0.3595095486111111
clip_1.mp4,5,0,4:4:4,32,4,0,1,4.275446286819435,11.910806805518858,13.565176433646034,467.7884442515432
clip_1.mp4,6,0,4:4:4,32,4,0,1,4.199934376025374,11.666610404077913,13.204447331219196,489.8909899048354
clip_1.mp4,7,0,4:4:4,32,4,0,1,4.337694177499048,8.648720793466746,9.055891832403113,831.5082230581276
clip_1.mp4,8,1,4:4:4,32,4,0,1,1.0,1.0,1.0,0.36033307613168725
clip_1.mp4,9,0,4:4:4,32,4,0,1,3.6445572432411533,7.965397232700537,7.7933206551560845,912.5837123842592
clip_1.mp4,10,0,4:4:4,32,4,0,1,3.444575491287231,7.604239246030291,7.254255788081695,987.8119788451646
clip_1.mp4,11,0,4:4:4,32,4,0,1,3.444438169212012,7.587211216895596,7.238050026877404,985.6231954089507
clip_1.mp4,12,1,4:4:4,32,4,0,1,1.0,1.0,1.0,0.3621797839506173
clip_1.mp4,13,0,4:4:4,32,4,0,1,4.553819665578868,16.987531335507022,12.923652228108445,325.40797469778806
clip_1.mp4,14,0,4:4:4,32,4,0,1,3.815959455430786,11.209496934903182,8.954373116152937,528.130647826646
clip_1.mp4,15,0,4:4:4,32,4,0,1,3.5817554332618227,10.82378978797148,8.228636735212184,581.6225311856996
clip_1.mp4,16,1,4:4:4,32,4,0,1,1.0,1.0,1.0,0.3681587577160494
clip_1.mp4,17,0,4:4:4,32,4,0,1,6.832334974200818,20.99507927829415,19.11328233016868,207.17573350694445
clip_1.mp4,18,0,4:4:4,32,4,0,1,5.052606956106452,15.27423798229202,13.195708340227311,317.2229414223251
clip_1.mp4,19,0,4:4:4,32,4,0,1,4.2105776142496865,10.720822260596222,9.637568670465425,472.08503697273665
clip_1.mp4,0,1,4:4:4,32,6,0,1,1.0,1.0,1.0,0.3692430234053498
clip_1.mp4,1,0,4:4:4,32,6,0,1,20.521346713378065,49.12114464395698,61.51290418273509,66.27344730581275
clip_1.mp4,2,0,4:4:4,32,6,0,1,5.267409428297085,6.688126124847601,9.542831371321803,870.237884998714
clip_1.mp4,3,0,4:4:4,32,6,0,1,7.166506535428172,7.418484677194313,9.693705822955234,960.3716700424383
clip_1.mp4,4,0,4:4:4,32,6,0,1,8.45339138517232,7.419334063244671,8.16165878157644,1173.2094785236625
clip_1.mp4,5,0,4:4:4,32,6,0,1,9.912898815385645,7.751949576439098,8.816926321518471,1121.941456725823
clip_1.mp4,6,1,4:4:4,32,6,0,1,1.0,1.0,1.0,0.3592319315843621
clip_1.mp4,7,0,4:4:4,32,6,0,1,4.232856075544723,10.081876349209436,10.589424874117803,674.0793534593621
clip_1.mp4,8,0,4:4:4,32,6,0,1,4.499921876356313,7.50597263447477,7.069315841867696,1016.5606486304013
clip_1.mp4,9,0,4:4:4,32,6,0,1,5.658153241650295,6.801096781811264,6.034713572285019,1316.1997492283951
clip_1.mp4,10,0,4:4:4,32,6,0,1,5.728683198514786,6.884279302010571,6.020556297543696,1339.6493227559156
clip_1.mp4,11,0,4:4:4,32,6,0,1,5.728809813239032,6.898295386498822,6.020276626136641,1337.3379730902777
clip_1.mp4,12,1,4:4:4,32,6,0,1,1.0,1.0,1.0,0.3621797839506173
clip_1.mp4,13,0,4:4:4,32,6,0,1,4.553819665578868,16.987531335507022,12.923652228108445,325.40797469778806
clip_1.mp4,14,0,4:4:4,32,6,0,1,3.815959455430786,11.209496934903182,8.954373116152937,528.130647826646
clip_1.mp4,15,0,4:4:4,32,6,0,1,3.5817554332618227,10.82378978797148,8.228636735212184,581.6225311856996
clip_1.mp4,16,0,4:4:4,32,6,0,1,3.490497752790075,10.679081648418428,8.154341038325718,596.007444219393
clip_1.mp4,17,0,4:4:4,32,6,0,1,3.4164489097876913,10.414134616350433,7.73229321261569,632.2198474472737
clip_1.mp4,18,1,4:4:4,32,6,0,1,1.0,1.0,1.0,0.36770142103909464
clip_1.mp4,19,0,4:4:4,32,6,0,1,6.982617538708135,16.468121604879443,15.97756237382688,275.00280140817904
clip_1.mp4,0,1,4:4:4,32,8,0,1,1.0,1.0,1.0,0.3692430234053498
clip_1.mp4,1,0,4:4:4,32,8,0,1,20.521346713378065,49.12114464395698,61.51290418273509,66.27344730581275
clip_1.mp4,2,0,4:4:4,32,8,0,1,5.267409428297085,6.688126124847601,9.542831371321803,870.237884998714
clip_1.mp4,3,0,4:4:4,32,8,0,1,7.166506535428172,7.418484677194313,9.693705822955234,960.3716700424383
clip_1.mp4,4,0,4:4:4,32,8,0,1,8.45339138517232,7.419334063244671,8.16165878157644,1173.2094785236625
clip_1.mp4,5,0,4:4:4,32,8,0,1,9.912898815385645,7.751949576439098,8.816926321518471,1121.941456725823
clip_1.mp4,6,0,4:4:4,32,8,0,1,10.093359683024893,7.763442631543478,8.789718200006782,1124.4282865547839
clip_1.mp4,7,0,4:4:4,32,8,0,1,11.12864273063919,7.89215275821909,8.537549407114625,1172.3827973894033
clip_1.mp4,8,1,4:4:4,32,8,0,1,1.0,1.0,1.0,0.36033307613168725
clip_1.mp4,9,0,4:4:4,32,8,0,1,3.6445572432411533,7.965397232700537,7.7933206551560845,912.5837123842592
clip_1.mp4,10,0,4:4:4,32,8,0,1,3.444575491287231,7.604239246030291,7.254255788081695,987.8119788451646
clip_1.mp4,11,0,4:4:4,32,8,0,1,3.444438169212012,7.587211216895596,7.238050026877404,985.6231954089507
clip_1.mp4,12,0,4:4:4,32,8,0,1,3.4251847544920864,7.205253830918378,6.822668526756337,1068.500412647891
clip_1.mp4,13,0,4:4:4,32,8,0,1,3.441259936604876,7.701049535396751,6.470859910376593,1018.183119373714
clip_1.mp4,14,0,4:4:4,32,8,0,1,3.6493036123459657,7.2364334322107835,6.010992323925698,1118.8794952417695
clip_1.mp4,15,0,4:4:4,32,8,0,1,3.7376304547666686,7.5558049541244285,5.96547756041427,1104.406009837963
clip_1.mp4,16,1,4:4:4,32,8,0,1,1.0,1.0,1.0,0.3681587577160494
clip_1.mp4,17,0,4:4:4,32,8,0,1,6.832334974200818,20.99507927829415,19.11328233016868,207.17573350694445
clip_1.mp4,18,0,4:4:4,32,8,0,1,5.052606956106452,15.27423798229202,13.195708340227311,317.2229414223251
clip_1.mp4,19,0,4:4:4,32,8,0,1,4.2105776142496865,10.720822260596222,9.637568670465425,472.08503697273665
clip_1.mp4,0,1,4:4:4,32,10,0,1,1.0,1.0,1.0,0.3692430234053498
clip_1.mp4,1,0,4:4:4,32,10,0,1,20.521346713378065,49.12114464395698,61.51290418273509,66.27344730581275
clip_1.mp4,2,0,4:4:4,32,10,0,1,5.267409428297085,6.688126124847601,9.542831371321803,870.237884998714
clip_1.mp4,3,0,4:4:4,32,10,0,1,7.166506535428172,7.418484677194313,9.693705822955234,960.3716700424383
clip_1.mp4,4,0,4:4:4,32,10,0,1,8.45339138517232,7.419334063244671,8.16165878157644,1173.2094785236625
clip_1.mp4,5,0,4:4:4,32,10,0,1,9.912898815385645,7.751949576439098,8.816926321518471,1121.941456725823
clip_1.mp4,6,0,4:4:4,32,10,0,1,10.093359683024893,7.763442631543478,8.789718200006782,1124.4282865547839
clip_1.mp4,7,0,4:4:4,32,10,0,1,11.12864273063919,7.89215275821909,8.537549407114625,1172.3827973894033
clip_1.mp4,8,0,4:4:4,32,10,0,1,12.029377298727216,8.166287285071794,8.397793635237038,1189.1589853395062
clip_1.mp4,9,0,4:4:4,32,10,0,1,13.43266178661657,8.555796700802931,7.970418431592623,1255.686840760031
clip_1.mp4,10,1,4:4:4,32,10,0,1,1.0,1.0,1.0,0.3616186021090535
clip_1.mp4,11,0,4:4:4,32,10,0,1,44.931744312026005,167.14492987264228,176.1168676745371,20.211486786265432
clip_1.mp4,12,0,4:4:4,32,10,0,1,9.592982910648692,27.724890362605628,26.370943127479908,190.89220389660494
clip_1.mp4,13,0,4:4:4,32,10,0,1,4.160263226531308,14.362298965216308,10.878415243211483,416.91075295781894
clip_1.mp4,14,0,4:4:4,32,10,0,1,3.747925952435176,10.427541260598014,8.26293474449297,600.9766321051954
clip_1.mp4,15,0,4:4:4,32,10,0,1,3.5991377065911294,10.287449272198684,7.752471249756987,642.9326441936728
clip_1.mp4,16,0,4:4:4,32,10,0,1,3.5185958196312397,10.159426964420447,7.693791834251027,657.0448802404835
clip_1.mp4,17,0,4:4:4,32,10,0,1,3.467338195900595,10.048751175165007,7.379254387837896,686.6273934220679
clip_1.mp4,18,0,4:4:4,32,10,0,1,3.5066951224874265,9.695609482395849,7.143743023688454,724.0504054140946
clip_1.mp4,19,0,4:4:4,32,10,0,1,3.526182791493356,8.863432357341312,6.706946295266065,797.6876742541152
clip_1.mp4,0,1,4:2:2,1,1,0,1,1.0,1.0,1.0,0.37249164094650206
clip_1.mp4,1,1,4:2:2,1,1,0,1,1.0,1.0,1.0,0.37275945216049383
clip_1.mp4,2,1,4:2:2,1,1,0,1,1.0,1.0,1.0,0.36548627186213994
clip_1.mp4,3,1,4:2:2,1,1,0,1,1.0,1.0,1.0,0.36173064557613166
clip_1.mp4,4,1,4:2:2,1,1,0,1,1.0,1.0,1.0,0.36130770961934155
clip_1.mp4,5,1,4:2:2,1,1,0,1,1.0,1.0,1.0,0.36049864969135803
clip_1.mp4,6,1,4:2:2,1,1,0,1,1.0,1.0,1.0,0.3607010352366255
clip_1.mp4,7,1,4:2:2,1,1,0,1,1.0,1.0,1.0,0.3604517103909465
clip_1.mp4,8,1,4:2:2,1,1,0,1,1.0,1.0,1.0,0.3619799704218107
clip_1.mp4,9,1,4:2:2,1,1,0,1,1.0,1.0,1.0,0.36412969393004113
clip_1.mp4,10,1,4:2:2,1,1,0,1,1.0,1.0,1.0,0.3632585841049383
clip_1.mp4,11,1,4:2:2,1,1,0,1,1.0,1.0,1.0,0.36322595164609056
clip_1.mp4,12,1,4:2:2,1,1,0,1,1.0,1.0,1.0,0.36390287422839507
clip_1.mp4,13,1,4:2:2,1,1,0,1,1.0,1.0,1.0,0.3643984696502058
clip_1.mp4,14,1,4:2:2,1,1,0,1,1.0,1.0,1.0,0.36869486239711935
clip_1.mp4,15,1,4:2:2,1,1,0,1,1.0,1.0,1.0,0.3692698688271605
clip_1.mp4,16,1,4:2:2,1,1,0,1,1.0,1.0,1.0,0.36967962319958847
clip_1.mp4,17,1,4:2:2,1,1,0,1,1.0,1.0,1.0,0.36933738425925927
clip_1.mp4,18,1,4:2:2,1,1,0,1,1.0,1.0,1.0,0.36908838091563784
clip_1.mp4,19,1,4:2:2,1,1,0,1,1.0,1.0,1.0,0.37022151491769545
clip_1.mp4,0,1,4:2:2,1,2,0,1,1.0,1.0,1.0,0.37249164094650206
clip_1.mp4,1,0,4:2:2,1,2,0,1,8.336281478146207,9.764734690802237,9.824135839902972,0.37275945216049383
clip_1.mp4,2,1,4:2:2,1,2,0,1,1.0,1.0,1.0,0.36548627186213994
clip_1.mp4,3,0,4:2:2,1,2,0,1,1.4564129649972046,1.7842453612718254,1.9159481245218446,0.36173064557613166
clip_1.mp4,4,1,4:2:2,1,2,0,1,1.0,1.0,1.0,0.36130770961934155
clip_1.mp4,5,0,4:2:2,1,2,0,1,1.554585938554271,1.8388130008051902,1.9247691502277866,0.36049864969135803
clip_1.mp4,6,1,4:2:2,1,2,0,1,1.0,1.0,1.0,0.3607010352366255
clip_1.mp4,7,0,4:2:2,1,2,0,1,1.7053893791481278,2.1071029366934253,2.3120768551473145,0.3604517103909465
clip_1.mp4,8,1,4:2:2,1,2,0,1,1.0,1.0,1.0,0.3619799704218107
clip_1.mp4,9,0,4:2:2,1,2,0,1,1.325961763498452,1.6992097232556387,1.7816086028600593,0.36412969393004113
clip_1.mp4,10,1,4:2:2,1,2,0,1,1.0,1.0,1.0,0.3632585841049383
clip_1.mp4,11,0,4:2:2,1,2,0,1,20.142207716517078,30.566037735849058,34.82466747279323,0.36322595164609056
clip_1.mp4,12,1,4:2:2,1,2,0,1,1.0,1.0,1.0,0.36390287422839507
clip_1.mp4,13,0,4:2:2,1,2,0,1,1.6404284606743351,1.9120190906844394,2.04963565986486,0.3643984696502058
clip_1.mp4,14,1,4:2:2,1,2,0,1,1.0,1.0,1.0,0.36869486239711935
clip_1.mp4,15,0,4:2:2,1,2,0,1,3.2847235642798984,3.956889445241657,4.239173099568232,0.3692698688271605
clip_1.mp4,16,1,4:2:2,1,2,0,1,1.0,1.0,1.0,0.36967962319958847
clip_1.mp4,17,0,4:2:2,1,2,0,1,2.5609864540415566,3.1538026318190946,3.2389271053963373,0.36933738425925927
clip_1.mp4,18,1,4:2:2,1,2,0,1,1.0,1.0,1.0,0.36908838091563784
clip_1.mp4,19,0,4:2:2,1,2,0,1,3.377154695052833,4.193258754155646,4.206187574545425,0.37022151491769545
clip_1.mp4,0,1,4:2:2,1,4,0,1,1.0,1.0,1.0,0.37249164094650206
clip_1.mp4,1,0,4:2:2,1,4,0,1,8.336281478146207,9.764734690802237,9.824135839902972,0.37275945216049383
clip_1.mp4,2,0,4:2:2,1,4,0,1,1.1418502202643173,1.281895939921019,1.3794571580627994,0.36548627186213994
clip_1.mp4,3,0,4:2:2,1,4,0,1,1.0440204454003892,1.1443683347277378,1.2423908354503188,0.36173064557613166
clip_1.mp4,4,1,4:2:2,1,4,0,1,1.0,1.0,1.0,0.36130770961934155
clip_1.mp4,5,0,4:2:2,1,4,0,1,1.554585938554271,1.8388130008051902,1.9247691502277866,0.36049864969135803
clip_1.mp4,6,0,4:2:2,1,4,0,1,1.5217094574066654,1.8260143643645406,1.9126892765429913,0.3607010352366255
clip_1.mp4,7,0,4:2:2,1,4,0,1,1.1715942631657454,1.3774668321185728,1.4760693957625646,0.3604517103909465
clip_1.mp4,8,1,4:2:2,1,4,0,1,1.0,1.0,1.0,0.3619799704218107
clip_1.mp4,9,0,4:2:2,1,4,0,1,1.325961763498452,1.6992097232556387,1.7816086028600593,0.36412969393004113
clip_1.mp4,10,0,4:2:2,1,4,0,1,1.2105516953911934,1.5712376224119589,1.6481367851794861,0.3632585841049383
clip_1.mp4,11,0,4:2:2,1,4,0,1,1.2023560054597724,1.5612764880916528,1.6386136266654023,0.36322595164609056
clip_1.mp4,12,1,4:2:2,1,4,0,1,1.0,1.0,1.0,0.36390287422839507
clip_1.mp4,13,0,4:2:2,1,4,0,1,1.6404284606743351,1.9120190906844394,2.04963565986486,0.3643984696502058
clip_1.mp4,14,0,4:2:2,1,4,0,1,1.3273333632051618,1.5973426922496217,1.703313312392393,0.36869486239711935
clip_1.mp4,15,0,4:2:2,1,4,0,1,1.1883080936296921,1.4478626988227736,1.5529234142746733,0.3692698688271605
clip_1.mp4,16,1,4:2:2,1,4,0,1,1.0,1.0,1.0,0.36967962319958847
clip_1.mp4,17,0,4:2:2,1,4,0,1,2.5609864540415566,3.1538026318190946,3.2389271053963373,0.36933738425925927
clip_1.mp4,18,0,4:2:2,1,4,0,1,1.9243511718162734,2.4863905609247223,2.5399936304172077,0.36908838091563784
clip_1.mp4,19,0,4:2:2,1,4,0,1,1.573235572604336,1.9966106917270066,2.038657411959022,0.37022151491769545
clip_1.mp4,0,1,4:2:2,1,6,0,1,1.0,1.0,1.0,0.37249164094650206
clip_1.mp4,1,0,4:2:2,1,6,0,1,8.336281478146207,9.764734690802237,9.824135839902972,0.37275945216049383
clip_1.mp4,2,0,4:2:2,1,6,0,1,1.1418502202643173,1.281895939921019,1.3794571580627994,0.36548627186213994
clip_1.mp4,3,0,4:2:2,1,6,0,1,1.0440204454003892,1.1443683347277378,1.2423908354503188,0.36173064557613166
clip_1.mp4,4,0,4:2:2,1,6,0,1,0.9945295121452888,1.0711717594161452,1.1669026433136074,0.36130770961934155
clip_1.mp4,5,0,4:2:2,1,6,0,1,0.979119113882092,1.0336885973220606,1.1142396560988717,0.36049864969135803
clip_1.mp4,6,1,4:2:2,1,6,0,1,1.0,1.0,1.0,0.3607010352366255
clip_1.mp4,7,0,4:2:2,1,6,0,1,1.7053893791481278,2.1071029366934253,2.3120768551473145,0.3604517103909465
clip_1.mp4,8,0,4:2:2,1,6,0,1,1.252402310083119,1.5424531670276833,1.6747052951571166,0.3619799704218107
clip_1.mp4,9,0,4:2:2,1,6,0,1,1.0483433081662181,1.220885047455312,1.2940459905542632,0.36412969393004113
clip_1.mp4,10,0,4:2:2,1,6,0,1,1.0258155669095328,1.1974720035480653,1.268644845518507,0.3632585841049383
clip_1.mp4,11,0,4:2:2,1,6,0,1,1.023810910972492,1.1953266050095805,1.2673917986255254,0.36322595164609056
clip_1.mp4,12,1,4:2:2,1,6,0,1,1.0,1.0,1.0,0.36390287422839507
clip_1.mp4,13,0,4:2:2,1,6,0,1,1.6404284606743351,1.9120190906844394,2.04963565986486,0.3643984696502058
clip_1.mp4,14,0,4:2:2,1,6,0,1,1.3273333632051618,1.5973426922496217,1.703313312392393,0.36869486239711935
clip_1.mp4,15,0,4:2:2,1,6,0,1,1.1883080936296921,1.4478626988227736,1.5529234142746733,0.3692698688271605
clip_1.mp4,16,0,4:2:2,1,6,0,1,1.1787430606163616,1.4586381541924591,1.5650803522638417,0.36967962319958847
clip_1.mp4,17,0,4:2:2,1,6,0,1,1.1052868916684524,1.309672985973564,1.3965065784511277,0.36933738425925927
clip_1.mp4,18,1,4:2:2,1,6,0,1,1.0,1.0,1.0,0.36908838091563784
clip_1.mp4,19,0,4:2:2,1,6,0,1,3.377154695052833,4.193258754155646,4.206187574545425,0.37022151491769545
clip_1.mp4,0,1,4:2:2,1,8,0,1,1.0,1.0,1.0,0.37249164094650206
clip_1.mp4,1,0,4:2:2,1,8,0,1,8.336281478146207,9.764734690802237,9.824135839902972,0.37275945216049383
clip_1.mp4,2,0,4:2:2,1,8,0,1,1.1418502202643173,1.281895939921019,1.3794571580627994,0.36548627186213994
clip_1.mp4,3,0,4:2:2,1,8,0,1,1.0440204454003892,1.1443683347277378,1.2423908354503188,0.36173064557613166
clip_1.mp4,4,0,4:2:2,1,8,0,1,0.9945295121452888,1.0711717594161452,1.1669026433136074,0.36130770961934155
clip_1.mp4,5,0,4:2:2,1,8,0,1,0.979119113882092,1.0336885973220606,1.1142396560988717,0.36049864969135803
clip_1.mp4,6,0,4:2:2,1,8,0,1,0.978834405349602,1.033692719684628,1.1139068607122213,0.3607010352366255
clip_1.mp4,7,0,4:2:2,1,8,0,1,0.9636887865217415,1.0077760497667185,1.0888514549525519,0.3604517103909465
clip_1.mp4,8,1,4:2:2,1,8,0,1,1.0,1.0,1.0,0.3619799704218107
clip_1.mp4,9,0,4:2:2,1,8,0,1,1.325961763498452,1.6992097232556387,1.7816086028600593,0.36412969393004113
clip_1.mp4,10,0,4:2:2,1,8,0,1,1.2105516953911934,1.5712376224119589,1.6481367851794861,0.3632585841049383
clip_1.mp4,11,0,4:2:2,1,8,0,1,1.2023560054597724,1.5612764880916528,1.6386136266654023,0.36322595164609056
clip_1.mp4,12,0,4:2:2,1,8,0,1,1.158730939278386,1.5124902989385727,1.5829635985550572,0.36390287422839507
clip_1.mp4,13,0,4:2:2,1,8,0,1,1.0545780772258737,1.252630790457389,1.3249298431246261,0.3643984696502058
clip_1.mp4,14,0,4:2:2,1,8,0,1,1.0130757911234705,1.1880888591459235,1.2583929273656767,0.36869486239711935
clip_1.mp4,15,0,4:2:2,1,8,0,1,0.9902597712698592,1.1573030196143217,1.2305530367409334,0.3692698688271605
clip_1.mp4,16,1,4:2:2,1,8,0,1,1.0,1.0,1.0,0.36967962319958847
clip_1.mp4,17,0,4:2:2,1,8,0,1,2.5609864540415566,3.1538026318190946,3.2389271053963373,0.36933738425925927
clip_1.mp4,18,0,4:2:2,1,8,0,1,1.9243511718162734,2.4863905609247223,2.5399936304172077,0.36908838091563784
clip_1.mp4,19,0,4:2:2,1,8,0,1,1.573235572604336,1.9966106917270066,2.038657411959022,0.37022151491769545
clip_1.mp4,0,1,4:2:2,1,10,0,1,1.0,1.0,1.0,0.37249164094650206
clip_1.mp4,1,0,4:2:2,1,10,0,1,8.336281478146207,9.764734690802237,9.824135839902972,0.37275945216049383
clip_1.mp4,2,0,4:2:2,1,10,0,1,1.1418502202643173,1.281895939921019,1.3794571580627994,0.36548627186213994
clip_1.mp4,3,0,4:2:2,1,10,0,1,1.0440204454003892,1.1443683347277378,1.2423908354503188,0.36173064557613166
clip_1.mp4,4,0,4:2:2,1,10,0,1,0.9945295121452888,1.0711717594161452,1.1669026433136074,0.36130770961934155
clip_1.mp4,5,0,4:2:2,1,10,0,1,0.979119113882092,1.0336885973220606,1.1142396560988717,0.36049864969135803
clip_1.mp4,6,0,4:2:2,1,10,0,1,0.978834405349602,1.033692719684628,1.1139068607122213,0.3607010352366255
clip_1.mp4,7,0,4:2:2,1,10,0,1,0.9636887865217415,1.0077760497667185,1.0888514549525519,0.3604517103909465
clip_1.mp4,8,0,4:2:2,1,10,0,1,0.9528816213692527,0.9980747015787447,1.0790109066688869,0.3619799704218107
clip_1.mp4,9,0,4:2:2,1,10,0,1,0.9373804880562645,0.97772211869969,1.0509585130883259,0.36412969393004113
clip_1.mp4,10,1,4:2:2,1,10,0,1,1.0,1.0,1.0,0.3632585841049383
clip_1.mp4,11,0,4:2:2,1,10,0,1,20.142207716517078,30.566037735849058,34.82466747279323,0.36322595164609056
clip_1.mp4,12,0,4:2:2,1,10,0,1,4.888237207745367,7.123618974330786,7.6225205487509005,0.36390287422839507
clip_1.mp4,13,0,4:2:2,1,10,0,1,1.5119785803034458,1.7894188185831696,1.915473806339095,0.3643984696502058
clip_1.mp4,14,0,4:2:2,1,10,0,1,1.2799699760129084,1.5392518119761154,1.6429187160894478,0.36869486239711935
clip_1.mp4,15,0,4:2:2,1,10,0,1,1.167140404694228,1.4127496293712392,1.5149212731884651,0.3692698688271605
clip_1.mp4,16,0,4:2:2,1,10,0,1,1.1584694080498428,1.4233429339425008,1.5252845932721533,0.36967962319958847
clip_1.mp4,17,0,4:2:2,1,10,0,1,1.0940921346298944,1.2906149092909833,1.3756209400076422,0.36933738425925927
clip_1.mp4,18,0,4:2:2,1,10,0,1,1.0684154825439582,1.2578433228027777,1.3389536325316143,0.36908838091563784
clip_1.mp4,19,0,4:2:2,1,10,0,1,1.0394078743567612,1.2142591122135635,1.2895137458583326,0.37022151491769545
clip_1.mp4,0,1,4:2:2,2,1,0,1,1.0,1.0,1.0,0.37249164094650206
clip_1.mp4,1,1,4:2:2,2,1,0,1,1.0,1.0,1.0,0.37275945216049383
clip_1.mp4,2,1,4:2:2,2,1,0,1,1.0,1.0,1.0,0.36548627186213994
clip_1.mp4,3,1,4:2:2,2,1,0,1,1.0,1.0,1.0,0.36173064557613166
clip_1.mp4,4,1,4:2:2,2,1,0,1,1.0,1.0,1.0,0.36130770961934155
clip_1.mp4,5,1,4:2:2,2,1,0,1,1.0,1.0,1.0,0.36049864969135803
clip_1.mp4,6,1,4:2:2,2,1,0,1,1.0,1.0,1.0,0.3607010352366255
clip_1.mp4,7,1,4:2:2,2,1,0,1,1.0,1.0,1.0,0.3604517103909465
clip_1.mp4,8,1,4:2:2,2,1,0,1,1.0,1.0,1.0,0.3619799704218107
clip_1.mp4,9,1,4:2:2,2,1,0,1,1.0,1.0,1.0,0.36412969393004113
clip_1.mp4,10,1,4:2:2,2,1,0,1,1.0,1.0,1.0,0.3632585841049383
clip_1.mp4,11,1,4:2:2,2,1,0,1,1.0,1.0,1.0,0.36322595164609056
clip_1.mp4,12,1,4:2:2,2,1,0,1,1.0,1.0,1.0,0.36390287422839507
clip_1.mp4,13,1,4:2:2,2,1,0,1,1.0,1.0,1.0,0.3643984696502058
clip_1.mp4,14,1,4:2:2,2,1,0,1,1.0,1.0,1.0,0.36869486239711935
clip_1.mp4,15,1,4:2:2,2,1,0,1,1.0,1.0,1.0,0.3692698688271605
clip_1.mp4,16,1,4:2:2,2,1,0,1,1.0,1.0,1.0,0.36967962319958847
clip_1.mp4,17,1,4:2:2,2,1,0,1,1.0,1.0,1.0,0.36933738425925927
clip_1.mp4,18,1,4:2:2,2,1,0,1,1.0,1.0,1.0,0.36908838091563784
clip_1.mp4,19,1,4:2:2,2,1,0,1,1.0,1.0,1.0,0.37022151491769545
clip_1.mp4,0,1,4:2:2,2,2,0,1,1.0,1.0,1.0,0.37249164094650206
clip_1.mp4,1,0,4:2:2,2,2,0,1,15.426734912510415,17.97752808988764,17.7722925023141,0.5283275462962963
clip_1.mp4,2,1,4:2:2,2,2,0,1,1.0,1.0,1.0,0.36548627186213994
clip_1.mp4,3,0,4:2:2,2,2,0,1,2.3017442905952166,2.9265483778092665,3.1818516608971055,1.4661130401234568
clip_1.mp4,4,1,4:2:2,2,2,0,1,1.0,1.0,1.0,0.36130770961934155
clip_1.mp4,5,0,4:2:2,2,2,0,1,2.4704360195671495,3.2105830329604994,3.264648093102927,1.3333474794238682
clip_1.mp4,6,1,4:2:2,2,2,0,1,1.0,1.0,1.0,0.3607010352366255
clip_1.mp4,7,0,4:2:2,2,2,0,1,2.6637891166949283,3.467744093329409,3.6500873091871795,1.217295524691358
clip_1.mp4,8,1,4:2:2,2,2,0,1,1.0,1.0,1.0,0.3619799704218107
clip_1.mp4,9,0,4:2:2,2,2,0,1,2.0557927234296525,2.7489222252270884,2.757021523275665,1.3669251543209877
clip_1.mp4,10,1,4:2:2,2,2,0,1,1.0,1.0,1.0,0.3632585841049383
clip_1.mp4,11,0,4:2:2,2,2,0,1,35.44615384615385,63.38958180484226,62.59357643081381,0.4120069765946502
clip_1.mp4,12,1,4:2:2,2,2,0,1,1.0,1.0,1.0,0.36390287422839507
clip_1.mp4,13,0,4:2:2,2,2,0,1,2.6942256569903567,3.550563336872025,3.527490473598258,1.2285998585390947
clip_1.mp4,14,1,4:2:2,2,2,0,1,1.0,1.0,1.0,0.36869486239711935
clip_1.mp4,15,0,4:2:2,2,2,0,1,5.394212459548609,7.111306208675135,6.8102100602987345,0.7928268068415638
clip_1.mp4,16,1,4:2:2,2,2,0,1,1.0,1.0,1.0,0.36967962319958847
clip_1.mp4,17,0,4:2:2,2,2,0,1,4.518158919964789,6.170840872297877,5.704727528831763,0.8448963155864198
clip_1.mp4,18,1,4:2:2,2,2,0,1,1.0,1.0,1.0,0.36908838091563784
clip_1.mp4,19,0,4:2:2,2,2,0,1,5.352358434559055,6.737104760419509,6.470859910376593,0.7342246977880659
clip_1.mp4,0,1,4:2:2,2,4,0,1,1.0,1.0,1.0,0.37249164094650206
clip_1.mp4,1,0,4:2:2,2,4,0,1,15.426734912510415,17.97752808988764,17.7722925023141,0.5283275462962963
clip_1.mp4,2,0,4:2:2,2,4,0,1,1.7241465324998628,1.9573639020411862,2.1241722939749557,1.7091443222736626
clip_1.mp4,3,0,4:2:2,2,4,0,1,1.5357110588081946,1.7081794247415818,1.8663527277047534,1.8499389146090535
clip_1.mp4,4,1,4:2:2,2,4,0,1,1.0,1.0,1.0,0.36130770961934155
clip_1.mp4,5,0,4:2:2,2,4,0,1,2.4704360195671495,3.2105830329604994,3.264648093102927,1.3333474794238682
clip_1.mp4,6,0,4:2:2,2,4,0,1,2.4124138797562455,3.1625568882001978,3.2192759113208718,1.350104809670782
clip_1.mp4,7,0,4:2:2,2,4,0,1,1.7795475610174727,2.2032853773083705,2.309162260520185,1.5747402263374486
clip_1.mp4,8,1,4:2:2,2,4,0,1,1.0,1.0,1.0,0.3619799704218107
clip_1.mp4,9,0,4:2:2,2,4,0,1,2.0557927234296525,2.7489222252270884,2.757021523275665,1.3669251543209877
clip_1.mp4,10,0,4:2:2,2,4,0,1,1.8520007073613813,2.5146615830143926,2.5319917944710366,1.4617592592592592
clip_1.mp4,11,0,4:2:2,2,4,0,1,1.8360288792042458,2.4925833145011227,2.5136982980167772,1.4618203446502058
clip_1.mp4,12,1,4:2:2,2,4,0,1,1.0,1.0,1.0,0.36390287422839507
clip_1.mp4,13,0,4:2:2,2,4,0,1,2.6942256569903567,3.550563336872025,3.527490473598258,1.2285998585390947
clip_1.mp4,14,0,4:2:2,2,4,0,1,2.0457855003374124,2.6646928201332347,2.6989035704245152,1.3734087255658436
clip_1.mp4,15,0,4:2:2,2,4,0,1,1.807162764917198,2.358636504267749,2.4332316357662522,1.4829578189300412
clip_1.mp4,16,1,4:2:2,2,4,0,1,1.0,1.0,1.0,0.36967962319958847
clip_1.mp4,17,0,4:2:2,2,4,0,1,4.518158919964789,6.170840872297877,5.704727528831763,0.8448963155864198
clip_1.mp4,18,0,4:2:2,2,4,0,1,3.1825548843377045,4.493641808898867,4.195974001796887,1.007562210648148
clip_1.mp4,19,0,4:2:2,2,4,0,1,2.4803175036063645,3.343416037303855,3.206472323764636,1.138835680298354
clip_1.mp4,0,1,4:2:2,2,6,0,1,1.0,1.0,1.0,0.37249164094650206
clip_1.mp4,1,0,4:2:2,2,6,0,1,15.426734912510415,17.97752808988764,17.7722925023141,0.5283275462962963
clip_1.mp4,2,0,4:2:2,2,6,0,1,1.7241465324998628,1.9573639020411862,2.1241722939749557,1.7091443222736626
clip_1.mp4,3,0,4:2:2,2,6,0,1,1.5357110588081946,1.7081794247415818,1.8663527277047534,1.8499389146090535
clip_1.mp4,4,0,4:2:2,2,6,0,1,1.4289435492873888,1.5519657034739602,1.6903392416950347,1.921195183899177
clip_1.mp4,5,0,4:2:2,2,6,0,1,1.4073934308065499,1.497858963171855,1.6174525122931382,1.9572272055041153
clip_1.mp4,6,1,4:2:2,2,6,0,1,1.0,1.0,1.0,0.3607010352366255
clip_1.mp4,7,0,4:2:2,2,6,0,1,2.6637891166949283,3.467744093329409,3.6500873091871795,1.217295524691358
clip_1.mp4,8,0,4:2:2,2,6,0,1,1.9711251459142118,2.4258987149849784,2.521781007836785,1.5508503729423868
clip_1.mp4,9,0,4:2:2,2,6,0,1,1.577928481852605,1.8874519398811604,1.9285355555142203,1.7298316936728395
clip_1.mp4,10,0,4:2:2,2,6,0,1,1.533605303718342,1.846798384051414,1.889880898130899,1.761480999228395
clip_1.mp4,11,0,4:2:2,2,6,0,1,1.5295035751851027,1.843167232582532,1.886675716692931,1.763188175154321
clip_1.mp4,12,1,4:2:2,2,6,0,1,1.0,1.0,1.0,0.36390287422839507
clip_1.mp4,13,0,4:2:2,2,6,0,1,2.6942256569903567,3.550563336872025,3.527490473598258,1.2285998585390947
clip_1.mp4,14,0,4:2:2,2,6,0,1,2.0457855003374124,2.6646928201332347,2.6989035704245152,1.3734087255658436
clip_1.mp4,15,0,4:2:2,2,6,0,1,1.807162764917198,2.358636504267749,2.4332316357662522,1.4829578189300412
clip_1.mp4,16,0,4:2:2,2,6,0,1,1.7764466611952292,2.351148361815609,2.4354378761328026,1.4844984567901234
clip_1.mp4,17,0,4:2:2,2,6,0,1,1.664245527580921,2.1219637989046345,2.1776480225158052,1.574427244084362
clip_1.mp4,18,1,4:2:2,2,6,0,1,1.0,1.0,1.0,0.36908838091563784
clip_1.mp4,19,0,4:2:2,2,6,0,1,5.352358434559055,6.737104760419509,6.470859910376593,0.7342246977880659
clip_1.mp4,0,1,4:2:2,2,8,0,1,1.0,1.0,1.0,0.37249164094650206
clip_1.mp4,1,0,4:2:2,2,8,0,1,15.426734912510415,17.97752808988764,17.7722925023141,0.5283275462962963
clip_1.mp4,2,0,4:2:2,2,8,0,1,1.7241465324998628,1.9573639020411862,2.1241722939749557,1.7091443222736626
clip_1.mp4,3,0,4:2:2,2,8,0,1,1.5357110588081946,1.7081794247415818,1.8663527277047534,1.8499389146090535
clip_1.mp4,4,0,4:2:2,2,8,0,1,1.4289435492873888,1.5519657034739602,1.6903392416950347,1.921195183899177
clip_1.mp4,5,0,4:2:2,2,8,0,1,1.4073934308065499,1.497858963171855,1.6174525122931382,1.9572272055041153
clip_1.mp4,6,0,4:2:2,2,8,0,1,1.4067632640489762,1.4966006033748576,1.6158996546263855,1.9572847543724279
clip_1.mp4,7,0,4:2:2,2,8,0,1,1.375484066115571,1.4531428699571682,1.5663713605433955,1.9666875643004116
clip_1.mp4,8,1,4:2:2,2,8,0,1,1.0,1.0,1.0,0.3619799704218107
clip_1.mp4,9,0,4:2:2,2,8,0,1,2.0557927234296525,2.7489222252270884,2.757021523275665,1.3669251543209877
clip_1.mp4,10,0,4:2:2,2,8,0,1,1.8520007073613813,2.5146615830143926,2.5319917944710366,1.4617592592592592
clip_1.mp4,11,0,4:2:2,2,8,0,1,1.8360288792042458,2.4925833145011227,2.5136982980167772,1.4618203446502058
clip_1.mp4,12,0,4:2:2,2,8,0,1,1.7513010606114352,2.3786035798350946,2.3884227840053076,1.5093651941872428
clip_1.mp4,13,0,4:2:2,2,8,0,1,1.5778636444571603,2.0011503526332652,2.0229217639690473,1.6827930491255143
clip_1.mp4,14,0,4:2:2,2,8,0,1,1.4930230548795416,1.8483457946924238,1.8780431254347323,1.7288278034979423
clip_1.mp4,15,0,4:2:2,2,8,0,1,1.449372609541703,1.788628545600712,1.8333180085300214,1.7628737461419752
clip_1.mp4,16,1,4:2:2,2,8,0,1,1.0,1.0,1.0,0.36967962319958847
clip_1.mp4,17,0,4:2:2,2,8,0,1,4.518158919964789,6.170840872297877,5.704727528831763,0.8448963155864198
clip_1.mp4,18,0,4:2:2,2,8,0,1,3.1825548843377045,4.493641808898867,4.195974001796887,1.007562210648148
clip_1.mp4,19,0,4:2:2,2,8,0,1,2.4803175036063645,3.343416037303855,3.206472323764636,1.138835680298354
clip_1.mp4,0,1,4:2:2,2,10,0,1,1.0,1.0,1.0,0.37249164094650206
clip_1.mp4,1,0,4:2:2,2,10,0,1,15.426734912510415,17.97752808988764,17.7722925023141,0.5283275462962963
clip_1.mp4,2,0,4:2:2,2,10,0,1,1.7241465324998628,1.9573639020411862,2.1241722939749557,1.7091443222736626
clip_1.mp4,3,0,4:2:2,2,10,0,1,1.5357110588081946,1.7081794247415818,1.8663527277047534,1.8499389146090535
clip_1.mp4,4,0,4:2:2,2,10,0,1,1.4289435492873888,1.5519657034739602,1.6903392416950347,1.921195183899177
clip_1.mp4,5,0,4:2:2,2,10,0,1,1.4073934308065499,1.497858963171855,1.6174525122931382,1.9572272055041153
clip_1.mp4,6,0,4:2:2,2,10,0,1,1.4067632640489762,1.4966006033748576,1.6158996546263855,1.9572847543724279
clip_1.mp4,7,0,4:2:2,2,10,0,1,1.375484066115571,1.4531428699571682,1.5663713605433955,1.9666875643004116
clip_1.mp4,8,0,4:2:2,2,10,0,1,1.3456040098168873,1.4290085426262993,1.544038148226471,1.9798103137860081
clip_1.mp4,9,0,4:2:2,2,10,0,1,1.3218032517277911,1.3942492597085094,1.4936511183655123,1.9900200938786008
clip_1.mp4,10,1,4:2:2,2,10,0,1,1.0,1.0,1.0,0.3632585841049383
clip_1.mp4,11,0,4:2:2,2,10,0,1,35.44615384615385,63.38958180484226,62.59357643081381,0.4120069765946502
clip_1.mp4,12,0,4:2:2,2,10,0,1,7.244270542202348,11.366925404552033,11.094703049759229,0.6033812371399176
clip_1.mp4,13,0,4:2:2,2,10,0,1,2.4248434189169594,3.2393318877981416,3.1953450528859193,1.2859907085905349
clip_1.mp4,14,0,4:2:2,2,10,0,1,1.954544769028911,2.543071308033437,2.5669593119122958,1.4106147119341563
clip_1.mp4,15,0,4:2:2,2,10,0,1,1.7631753481965207,2.288479026690093,2.3530800201536946,1.5106164801954733
clip_1.mp4,16,0,4:2:2,2,10,0,1,1.7363344051446945,2.283207589551154,2.355945991392435,1.511808609825103
clip_1.mp4,17,0,4:2:2,2,10,0,1,1.6405790129942466,2.08349242201975,2.130265050339018,1.5939274691358025
clip_1.mp4,18,0,4:2:2,2,10,0,1,1.5907549642049448,2.008298176493149,2.049862591193974,1.62683191872428
clip_1.mp4,19,0,4:2:2,2,10,0,1,1.5343769701382537,1.9157427937915743,1.9526012083226614,1.6547812178497943
clip_1.mp4,0,1,4:2:2,4,1,0,1,1.0,1.0,1.0,0.37249164094650206
clip_1.mp4,1,1,4:2:2,4,1,0,1,1.0,1.0,1.0,0.37275945216049383
clip_1.mp4,2,1,4:2:2,4,1,0,1,1.0,1.0,1.0,0.36548627186213994
clip_1.mp4,3,1,4:2:2,4,1,0,1,1.0,1.0,1.0,0.36173064557613166
clip_1.mp4,4,1,4:2:2,4,1,0,1,1.0,1.0,1.0,0.36130770961934155
clip_1.mp4,5,1,4:2:2,4,1,0,1,1.0,1.0,1.0,0.36049864969135803
clip_1.mp4,6,1,4:2:2,4,1,0,1,1.0,1.0,1.0,0.3607010352366255
clip_1.mp4,7,1,4:2:2,4,1,0,1,1.0,1.0,1.0,0.3604517103909465
clip_1.mp4,8,1,4:2:2,4,1,0,1,1.0,1.0,1.0,0.3619799704218107
clip_1.mp4,9,1,4:2:2,4,1,0,1,1.0,1.0,1.0,0.36412969393004113
clip_1.mp4,10,1,4:2:2,4,1,0,1,1.0,1.0,1.0,0.3632585841049383
clip_1.mp4,11,1,4:2:2,4,1,0,1,1.0,1.0,1.0,0.36322595164609056
clip_1.mp4,12,1,4:2:2,4,1,0,1,1.0,1.0,1.0,0.36390287422839507
clip_1.mp4,13,1,4:2:2,4,1,0,1,1.0,1.0,1.0,0.3643984696502058
clip_1.mp4,14,1,4:2:2,4,1,0,1,1.0,1.0,1.0,0.36869486239711935
clip_1.mp4,15,1,4:2:2,4,1,0,1,1.0,1.0,1.0,0.3692698688271605
clip_1.mp4,16,1,4:2:2,4,1,0,1,1.0,1.0,1.0,0.36967962319958847
clip_1.mp4,17,1,4:2:2,4,1,0,1,1.0,1.0,1.0,0.36933738425925927
clip_1.mp4,18,1,4:2:2,4,1,0,1,1.0,1.0,1.0,0.36908838091563784
clip_1.mp4,19,1,4:2:2,4,1,0,1,1.0,1.0,1.0,0.37022151491769545
clip_1.mp4,0,1,4:2:2,4,2,0,1,1.0,1.0,1.0,0.37249164094650206
clip_1.mp4,1,0,4:2:2,4,2,0,1,20.413065306845702,25.66717829380601,30.77836489936472,1.2114218428497943
clip_1.mp4,2,1,4:2:2,4,2,0,1,1.0,1.0,1.0,0.36548627186213994
clip_1.mp4,3,0,4:2:2,4,2,0,1,4.033738989697781,4.477766644784577,6.213294340436752,7.558356481481481
clip_1.mp4,4,1,4:2:2,4,2,0,1,1.0,1.0,1.0,0.36130770961934155
clip_1.mp4,5,0,4:2:2,4,2,0,1,3.8529000802687516,5.948637917976729,6.689118569271861,6.038031121399177
clip_1.mp4,6,1,4:2:2,4,2,0,1,1.0,1.0,1.0,0.3607010352366255
clip_1.mp4,7,0,4:2:2,4,2,0,1,3.8999582469747867,5.026665373800058,5.279398735144053,6.804102205504115
clip_1.mp4,8,1,4:2:2,4,2,0,1,1.0,1.0,1.0,0.3619799704218107
clip_1.mp4,9,0,4:2:2,4,2,0,1,3.3295759993063383,3.977290164185975,3.8706498122167385,8.214299447016462
clip_1.mp4,10,1,4:2:2,4,2,0,1,1.0,1.0,1.0,0.3632585841049383
clip_1.mp4,11,0,4:2:2,4,2,0,1,44.415884847705954,88.47926267281106,88.53970964987191,0.6150172003600823
clip_1.mp4,12,1,4:2:2,4,2,0,1,1.0,1.0,1.0,0.36390287422839507
clip_1.mp4,13,0,4:2:2,4,2,0,1,4.195413694173441,8.373851099229489,6.409099338567102,4.842775527263375
clip_1.mp4,14,1,4:2:2,4,2,0,1,1.0,1.0,1.0,0.36869486239711935
clip_1.mp4,15,0,4:2:2,4,2,0,1,7.58299384905688,13.2708701328623,10.29613299171781,2.7387297453703705
clip_1.mp4,16,1,4:2:2,4,2,0,1,1.0,1.0,1.0,0.36967962319958847
clip_1.mp4,17,0,4:2:2,4,2,0,1,6.627333917145542,10.70189925681255,9.575352333807421,2.91579603909465
clip_1.mp4,18,1,4:2:2,4,2,0,1,1.0,1.0,1.0,0.36908838091563784
clip_1.mp4,19,0,4:2:2,4,2,0,1,6.863134482484709,8.324501397051739,8.010012515644556,3.127346322016461
clip_1.mp4,0,1,4:2:2,4,4,0,1,1.0,1.0,1.0,0.37249164094650206
clip_1.mp4,1,0,4:2:2,4,4,0,1,20.413065306845702,25.66717829380601,30.77836489936472,1.2114218428497943
clip_1.mp4,2,0,4:2:2,4,4,0,1,3.1026217273295846,3.133424402509641,4.204515961588372,9.610431455761317
clip_1.mp4,3,0,4:2:2,4,4,0,1,2.7465409954621673,2.9989413459369088,3.574851909828774,10.721632908950617
clip_1.mp4,4,1,4:2:2,4,4,0,1,1.0,1.0,1.0,0.36130770961934155
clip_1.mp4,5,0,4:2:2,4,4,0,1,3.8529000802687516,5.948637917976729,6.689118569271861,6.038031121399177
clip_1.mp4,6,0,4:2:2,4,4,0,1,3.7728845754959006,5.826552173717574,6.514445128617566,6.2345680619855965
clip_1.mp4,7,0,4:2:2,4,4,0,1,3.1634832489168243,4.027721664542996,4.261510764753755,8.664987461419754
clip_1.mp4,8,1,4:2:2,4,4,0,1,1.0,1.0,1.0,0.3619799704218107
clip_1.mp4,9,0,4:2:2,4,4,0,1,3.3295759993063383,3.977290164185975,3.8706498122167385,8.214299447016462
clip_1.mp4,10,0,4:2:2,4,4,0,1,3.045810541653692,3.7739420367930228,3.588188878275676,8.920594457304526
clip_1.mp4,11,0,4:2:2,4,4,0,1,3.033894287745911,3.758618939553229,3.5753203580837827,8.911127186213992
clip_1.mp4,12,1,4:2:2,4,4,0,1,1.0,1.0,1.0,0.36390287422839507
clip_1.mp4,13,0,4:2:2,4,4,0,1,4.195413694173441,8.373851099229489,6.409099338567102,4.842775527263375
clip_1.mp4,14,0,4:2:2,4,4,0,1,3.2665200597349733,5.336627547869055,4.380043090701703,6.665364744084362
clip_1.mp4,15,0,4:2:2,4,4,0,1,2.9426122495317024,4.98662921564478,3.9959608728831197,7.543329796810699
clip_1.mp4,16,1,4:2:2,4,4,0,1,1.0,1.0,1.0,0.36967962319958847
clip_1.mp4,17,0,4:2:2,4,4,0,1,6.627333917145542,10.70189925681255,9.575352333807421,2.91579603909465
clip_1.mp4,18,0,4:2:2,4,4,0,1,4.756203294661657,7.694134409878888,6.590975550837221,4.101953768004115
clip_1.mp4,19,0,4:2:2,4,4,0,1,3.7983309032026438,5.327961520277909,4.7744918352873995,5.4553988233024695
clip_1.mp4,0,1,4:2:2,4,6,0,1,1.0,1.0,1.0,0.37249164094650206
clip_1.mp4,1,0,4:2:2,4,6,0,1,20.413065306845702,25.66717829380601,30.77836489936472,1.2114218428497943
clip_1.mp4,2,0,4:2:2,4,6,0,1,3.1026217273295846,3.133424402509641,4.204515961588372,9.610431455761317
clip_1.mp4,3,0,4:2:2,4,6,0,1,2.7465409954621673,2.9989413459369088,3.574851909828774,10.721632908950617
clip_1.mp4,4,0,4:2:2,4,6,0,1,2.488981073373088,2.7037881198136975,3.003667672910788,11.840591081532923
clip_1.mp4,5,0,4:2:2,4,6,0,1,2.4501312739122936,2.659634505474209,2.984971497667991,12.082405317644033
clip_1.mp4,6,1,4:2:2,4,6,0,1,1.0,1.0,1.0,0.3607010352366255
clip_1.mp4,7,0,4:2:2,4,6,0,1,3.8999582469747867,5.026665373800058,5.279398735144053,6.804102205504115
clip_1.mp4,8,0,4:2:2,4,6,0,1,3.576467341623691,3.643980824113256,3.481390944622782,9.511329893261317
clip_1.mp4,9,0,4:2:2,4,6,0,1,2.9370938408280973,3.157721616139466,2.904445751743844,10.844989872685185
clip_1.mp4,10,0,4:2:2,4,6,0,1,2.828999426996644,3.158010161190102,2.882450082570185,11.03657728909465
clip_1.mp4,11,0,4:2:2,4,6,0,1,2.817291780453408,3.160994884115147,2.8793121643163024,11.04197723765432
clip_1.mp4,12,1,4:2:2,4,6,0,1,1.0,1.0,1.0,0.36390287422839507
clip_1.mp4,13,0,4:2:2,4,6,0,1,4.195413694173441,8.373851099229489,6.409099338567102,4.842775527263375
clip_1.mp4,14,0,4:2:2,4,6,0,1,3.2665200597349733,5.336627547869055,4.380043090701703,6.665364744084362
clip_1.mp4,15,0,4:2:2,4,6,0,1,2.9426122495317024,4.98662921564478,3.9959608728831197,7.543329796810699
clip_1.mp4,16,0,4:2:2,4,6,0,1,2.8738212842388866,4.916820001138153,3.9605775842310336,7.637944637345679
clip_1.mp4,17,0,4:2:2,4,6,0,1,2.7274377395517932,4.6285301024098,3.6991579848722704,8.259487364969136
clip_1.mp4,18,1,4:2:2,4,6,0,1,1.0,1.0,1.0,0.36908838091563784
clip_1.mp4,19,0,4:2:2,4,6,0,1,6.863134482484709,8.324501397051739,8.010012515644556,3.127346322016461
clip_1.mp4,0,1,4:2:2,4,8,0,1,1.0,1.0,1.0,0.37249164094650206
clip_1.mp4,1,0,4:2:2,4,8,0,1,20.413065306845702,25.66717829380601,30.77836489936472,1.2114218428497943
clip_1.mp4,2,0,4:2:2,4,8,0,1,3.1026217273295846,3.133424402509641,4.204515961588372,9.610431455761317
clip_1.mp4,3,0,4:2:2,4,8,0,1,2.7465409954621673,2.9989413459369088,3.574851909828774,10.721632908950617
clip_1.mp4,4,0,4:2:2,4,8,0,1,2.488981073373088,2.7037881198136975,3.003667672910788,11.840591081532923
clip_1.mp4,5,0,4:2:2,4,8,0,1,2.4501312739122936,2.659634505474209,2.984971497667991,12.082405317644033
clip_1.mp4,6,0,4:2:2,4,8,0,1,2.4504729356041803,2.657139781749591,2.9782833505687694,12.082635191615227
clip_1.mp4,7,0,4:2:2,4,8,0,1,2.3611503320367655,2.5563390699738644,2.838013171797244,12.231322016460906
clip_1.mp4,8,1,4:2:2,4,8,0,1,1.0,1.0,1.0,0.3619799704218107
clip_1.mp4,9,0,4:2:2,4,8,0,1,3.3295759993063383,3.977290164185975,3.8706498122167385,8.214299447016462
clip_1.mp4,10,0,4:2:2,4,8,0,1,3.045810541653692,3.7739420367930228,3.588188878275676,8.920594457304526
clip_1.mp4,11,0,4:2:2,4,8,0,1,3.033894287745911,3.758618939553229,3.5753203580837827,8.911127186213992
clip_1.mp4,12,0,4:2:2,4,8,0,1,2.9285901922734707,3.5510497653868547,3.358056680161943,9.496494180812757
clip_1.mp4,13,0,4:2:2,4,8,0,1,2.6873261778435555,3.635012235911172,3.136875226915164,9.916244373713992
clip_1.mp4,14,0,4:2:2,4,8,0,1,2.5666797047130063,3.3196296153993927,2.8839734745649563,10.518649209104938
clip_1.mp4,15,0,4:2:2,4,8,0,1,2.5042631408599707,3.3349416192222328,2.8420741000646923,10.683513213734567
clip_1.mp4,16,1,4:2:2,4,8,0,1,1.0,1.0,1.0,0.36967962319958847
clip_1.mp4,17,0,4:2:2,4,8,0,1,6.627333917145542,10.70189925681255,9.575352333807421,2.91579603909465
clip_1.mp4,18,0,4:2:2,4,8,0,1,4.756203294661657,7.694134409878888,6.590975550837221,4.101953768004115
clip_1.mp4,19,0,4:2:2,4,8,0,1,3.7983309032026438,5.327961520277909,4.7744918352873995,5.4553988233024695
clip_1.mp4,0,1,4:2:2,4,10,0,1,1.0,1.0,1.0,0.37249164094650206
clip_1.mp4,1,0,4:2:2,4,10,0,1,20.413065306845702,25.66717829380601,30.77836489936472,1.2114218428497943
clip_1.mp4,2,0,4:2:2,4,10,0,1,3.1026217273295846,3.133424402509641,4.204515961588372,9.610431455761317
clip_1.mp4,3,0,4:2:2,4,10,0,1,2.7465409954621673,2.9989413459369088,3.574851909828774,10.721632908950617
clip_1.mp4,4,0,4:2:2,4,10,0,1,2.488981073373088,2.7037881198136975,3.003667672910788,11.840591081532923
clip_1.mp4,5,0,4:2:2,4,10,0,1,2.4501312739122936,2.659634505474209,2.984971497667991,12.082405317644033
clip_1.mp4,6,0,4:2:2,4,10,0,1,2.4504729356041803,2.657139781749591,2.9782833505687694,12.082635191615227
clip_1.mp4,7,0,4:2:2,4,10,0,1,2.3611503320367655,2.5563390699738644,2.838013171797244,12.231322016460906
clip_1.mp4,8,0,4:2:2,4,10,0,1,2.287423802180201,2.506588013441965,2.764180823495537,12.359116190843622
clip_1.mp4,9,0,4:2:2,4,10,0,1,2.244923588586573,2.4511101864810683,2.629523297454678,12.534634130658436
clip_1.mp4,10,1,4:2:2,4,10,0,1,1.0,1.0,1.0,0.3632585841049383
clip_1.mp4,11,0,4:2:2,4,10,0,1,44.415884847705954,88.47926267281106,88.53970964987191,0.6150172003600823
clip_1.mp4,12,0,4:2:2,4,10,0,1,9.207406420674037,14.132657233990349,13.26713415570456,2.291136188271605
clip_1.mp4,13,0,4:2:2,4,10,0,1,3.766757493188011,7.0664249396818475,5.402701350675338,5.555625321502058
clip_1.mp4,14,0,4:2:2,4,10,0,1,3.137539718565592,4.963853114377364,4.0460803596515875,7.133951099537037
clip_1.mp4,15,0,4:2:2,4,10,0,1,2.8804080578081894,4.7406106828344905,3.770894860119004,7.896785300925926
clip_1.mp4,16,0,4:2:2,4,10,0,1,2.8213550014558497,4.67984075541874,3.7415285125547624,7.98737606095679
clip_1.mp4,17,0,4:2:2,4,10,0,1,2.698496150582748,4.4787724845783,3.538566552901024,8.542720711162552
clip_1.mp4,18,0,4:2:2,4,10,0,1,2.627244484763097,4.219024676085683,3.404054133916435,8.885715020576132
clip_1.mp4,19,0,4:2:2,4,10,0,1,2.5366502906578456,3.836646486774523,3.1748753689935203,9.29855725951646
clip_1.mp4,0,1,4:2:2,8,1,0,1,1.0,1.0,1.0,0.37249164094650206
clip_1.mp4,1,1,4:2:2,8,1,0,1,1.0,1.0,1.0,0.37275945216049383
clip_1.mp4,2,1,4:2:2,8,1,0,1,1.0,1.0,1.0,0.36548627186213994
clip_1.mp4,3,1,4:2:2,8,1,0,1,1.0,1.0,1.0,0.36173064557613166
clip_1.mp4,4,1,4:2:2,8,1,0,1,1.0,1.0,1.0,0.36130770961934155
clip_1.mp4,5,1,4:2:2,8,1,0,1,1.0,1.0,1.0,0.36049864969135803
clip_1.mp4,6,1,4:2:2,8,1,0,1,1.0,1.0,1.0,0.3607010352366255
clip_1.mp4,7,1,4:2:2,8,1,0,1,1.0,1.0,1.0,0.3604517103909465
clip_1.mp4,8,1,4:2:2,8,1,0,1,1.0,1.0,1.0,0.3619799704218107
clip_1.mp4,9,1,4:2:2,8,1,0,1,1.0,1.0,1.0,0.36412969393004113
clip_1.mp4,10,1,4:2:2,8,1,0,1,1.0,1.0,1.0,0.3632585841049383
clip_1.mp4,11,1,4:2:2,8,1,0,1,1.0,1.0,1.0,0.36322595164609056
clip_1.mp4,12,1,4:2:2,8,1,0,1,1.0,1.0,1.0,0.36390287422839507
clip_1.mp4,13,1,4:2:2,8,1,0,1,1.0,1.0,1.0,0.3643984696502058
clip_1.mp4,14,1,4:2:2,8,1,0,1,1.0,1.0,1.0,0.36869486239711935
clip_1.mp4,15,1,4:2:2,8,1,0,1,1.0,1.0,1.0,0.3692698688271605
clip_1.mp4,16,1,4:2:2,8,1,0,1,1.0,1.0,1.0,0.36967962319958847
clip_1.mp4,17,1,4:2:2,8,1,0,1,1.0,1.0,1.0,0.36933738425925927
clip_1.mp4,18,1,4:2:2,8,1,0,1,1.0,1.0,1.0,0.36908838091563784
clip_1.mp4,19,1,4:2:2,8,1,0,1,1.0,1.0,1.0,0.37022151491769545
clip_1.mp4,0,1,4:2:2,8,2,0,1,1.0,1.0,1.0,0.37249164094650206
clip_1.mp4,1,0,4:2:2,8,2,0,1,20.520534388916378,25.73598768803058,30.895762560343286,4.129852752057613
clip_1.mp4,2,1,4:2:2,8,2,0,1,1.0,1.0,1.0,0.36548627186213994
clip_1.mp4,3,0,4:2:2,8,2,0,1,5.235358870519799,4.6285301024098,6.473364801078894,34.65223186728395
clip_1.mp4,4,1,4:2:2,8,2,0,1,1.0,1.0,1.0,0.36130770961934155
clip_1.mp4,5,0,4:2:2,8,2,0,1,4.250939938253129,6.102628697893981,6.809315521929306,26.20033130787037
clip_1.mp4,6,1,4:2:2,8,2,0,1,1.0,1.0,1.0,0.3607010352366255
clip_1.mp4,7,0,4:2:2,8,2,0,1,4.200734156085149,5.112526874297323,5.315233105371625,35.53895093878601
clip_1.mp4,8,1,4:2:2,8,2,0,1,1.0,1.0,1.0,0.3619799704218107
clip_1.mp4,9,0,4:2:2,8,2,0,1,3.6322106457964027,4.033142723771736,3.906762225588388,45.3640256880144
clip_1.mp4,10,1,4:2:2,8,2,0,1,1.0,1.0,1.0,0.3632585841049383
clip_1.mp4,11,0,4:2:2,8,2,0,1,44.87340402510279,88.47926267281106,88.53970964987191,1.502998649691358
clip_1.mp4,12,1,4:2:2,8,2,0,1,1.0,1.0,1.0,0.36390287422839507
clip_1.mp4,13,0,4:2:2,8,2,0,1,4.533370645025885,8.723894788213318,6.489328409588784,19.247058577674895
clip_1.mp4,14,1,4:2:2,8,2,0,1,1.0,1.0,1.0,0.36869486239711935
clip_1.mp4,15,0,4:2:2,8,2,0,1,7.858176884772509,13.408861643516722,10.331014966420216,11.03844955632716
clip_1.mp4,16,1,4:2:2,8,2,0,1,1.0,1.0,1.0,0.36967962319958847
clip_1.mp4,17,0,4:2:2,8,2,0,1,6.815985484475357,10.7934789398072,9.610144040932095,12.11703542952675
clip_1.mp4,18,1,4:2:2,8,2,0,1,1.0,1.0,1.0,0.36908838091563784
clip_1.mp4,19,0,4:2:2,8,2,0,1,6.979891073844931,8.351053547264643,8.020422371779995,15.138972640174897
clip_1.mp4,0,1,4:2:2,8,4,0,1,1.0,1.0,1.0,0.37249164094650206
clip_1.mp4,1,0,4:2:2,8,4,0,1,20.520534388916378,25.73598768803058,30.895762560343286,4.129852752057613
clip_1.mp4,2,0,4:2:2,8,4,0,1,4.816724738675958,3.39373625222583,4.761861020530014,44.575741383744855
clip_1.mp4,3,0,4:2:2,8,4,0,1,5.202964806720496,3.699052403242379,4.739657142857143,48.09793145576132
clip_1.mp4,4,1,4:2:2,8,4,0,1,1.0,1.0,1.0,0.36130770961934155
clip_1.mp4,5,0,4:2:2,8,4,0,1,4.250939938253129,6.102628697893981,6.809315521929306,26.20033130787037
clip_1.mp4,6,0,4:2:2,8,4,0,1,4.175543589888161,5.974759407595228,6.627715202577445,27.30976658950617
clip_1.mp4,7,0,4:2:2,8,4,0,1,4.215593793709137,4.391322394558284,4.53904683518812,42.80905060442387
clip_1.mp4,8,1,4:2:2,8,4,0,1,1.0,1.0,1.0,0.3619799704218107
clip_1.mp4,9,0,4:2:2,8,4,0,1,3.6322106457964027,4.033142723771736,3.906762225588388,45.3640256880144
clip_1.mp4,10,0,4:2:2,8,4,0,1,3.4171245134519617,3.851898085196496,3.6377160420189885,49.0301149369856
clip_1.mp4,11,0,4:2:2,8,4,0,1,3.4139739803024765,3.8449272030082997,3.6292609161363494,48.903087705761315
clip_1.mp4,12,1,4:2:2,8,4,0,1,1.0,1.0,1.0,0.36390287422839507
clip_1.mp4,13,0,4:2:2,8,4,0,1,4.533370645025885,8.723894788213318,6.489328409588784,19.247058577674895
clip_1.mp4,14,0,4:2:2,8,4,0,1,3.7548347843722385,5.704413658021282,4.496292120213366,29.69804671424897
clip_1.mp4,15,0,4:2:2,8,4,0,1,3.5105183499751136,5.5095598941450294,4.135191404162312,32.748183513374485
clip_1.mp4,16,1,4:2:2,8,4,0,1,1.0,1.0,1.0,0.36967962319958847
clip_1.mp4,17,0,4:2:2,8,4,0,1,6.815985484475357,10.7934789398072,9.610144040932095,12.11703542952675
clip_1.mp4,18,0,4:2:2,8,4,0,1,5.024886954583125,7.814172231350145,6.639769452449568,18.116026556069958
clip_1.mp4,19,0,4:2:2,8,4,0,1,4.172031934071594,5.455291653950982,4.8445428803723125,25.862205986368313
clip_1.mp4,0,1,4:2:2,8,6,0,1,1.0,1.0,1.0,0.37249164094650206
clip_1.mp4,1,0,4:2:2,8,6,0,1,20.520534388916378,25.73598768803058,30.895762560343286,4.129852752057613
clip_1.mp4,2,0,4:2:2,8,6,0,1,4.816724738675958,3.39373625222583,4.761861020530014,44.575741383744855
clip_1.mp4,3,0,4:2:2,8,6,0,1,5.202964806720496,3.699052403242379,4.739657142857143,48.09793145576132
clip_1.mp4,4,0,4:2:2,8,6,0,1,4.9518805970149256,3.6027521023003684,3.924270066085798,55.798209555041154
clip_1.mp4,5,0,4:2:2,8,6,0,1,5.014727861050249,3.74223075645903,4.190106692531523,54.09088011188272
clip_1.mp4,6,1,4:2:2,8,6,0,1,1.0,1.0,1.0,0.3607010352366255
clip_1.mp4,7,0,4:2:2,8,6,0,1,4.200734156085149,5.112526874297323,5.315233105371625,35.53895093878601
clip_1.mp4,8,0,4:2:2,8,6,0,1,4.416575790621592,3.7912473671893285,3.548108907231736,51.15449749228395
clip_1.mp4,9,0,4:2:2,8,6,0,1,5.329495219492135,3.4302956512532754,3.024821743240247,59.25902472350823
clip_1.mp4,10,0,4:2:2,8,6,0,1,5.331989364820596,3.47113414487164,3.0176026823134956,59.92610371656379
clip_1.mp4,11,0,4:2:2,8,6,0,1,5.325006163201578,3.478610971313538,3.0170758110137235,59.82414609053498
clip_1.mp4,12,1,4:2:2,8,6,0,1,1.0,1.0,1.0,0.36390287422839507
clip_1.mp4,13,0,4:2:2,8,6,0,1,4.533370645025885,8.723894788213318,6.489328409588784,19.247058577674895
clip_1.mp4,14,0,4:2:2,8,6,0,1,3.7548347843722385,5.704413658021282,4.496292120213366,29.69804671424897
clip_1.mp4,15,0,4:2:2,8,6,0,1,3.5105183499751136,5.5095598941450294,4.135191404162312,32.748183513374485
clip_1.mp4,16,0,4:2:2,8,6,0,1,3.421962875927442,5.434474950467025,4.097732177157356,33.440819026491766
clip_1.mp4,17,0,4:2:2,8,6,0,1,3.3294049266715264,5.2849962788895795,3.8833496887477246,35.574168274176955
clip_1.mp4,18,1,4:2:2,8,6,0,1,1.0,1.0,1.0,0.36908838091563784
clip_1.mp4,19,0,4:2:2,8,6,0,1,6.979891073844931,8.351053547264643,8.020422371779995,15.138972640174897
clip_1.mp4,0,1,4:2:2,8,8,0,1,1.0,1.0,1.0,0.37249164094650206
clip_1.mp4,1,0,4:2:2,8,8,0,1,20.520534388916378,25.73598768803058,30.895762560343286,4.129852752057613
clip_1.mp4,2,0,4:2:2,8,8,0,1,4.816724738675958,3.39373625222583,4.761861020530014,44.575741383744855
clip_1.mp4,3,0,4:2:2,8,8,0,1,5.202964806720496,3.699052403242379,4.739657142857143,48.09793145576132
clip_1.mp4,4,0,4:2:2,8,8,0,1,4.9518805970149256,3.6027521023003684,3.924270066085798,55.798209555041154
clip_1.mp4,5,0,4:2:2,8,8,0,1,5.014727861050249,3.74223075645903,4.190106692531523,54.09088011188272
clip_1.mp4,6,0,4:2:2,8,8,0,1,5.0456483229837845,3.746016605606018,4.177276390008058,54.084403131430044
clip_1.mp4,7,0,4:2:2,8,8,0,1,4.7753714638392735,3.765006645411035,4.032891717168574,54.74545412165638
clip_1.mp4,8,1,4:2:2,8,8,0,1,1.0,1.0,1.0,0.3619799704218107
clip_1.mp4,9,0,4:2:2,8,8,0,1,3.6322106457964027,4.033142723771736,3.906762225588388,45.3640256880144
clip_1.mp4,10,0,4:2:2,8,8,0,1,3.4171245134519617,3.851898085196496,3.6377160420189885,49.0301149369856
clip_1.mp4,11,0,4:2:2,8,8,0,1,3.4139739803024765,3.8449272030082997,3.6292609161363494,48.903087705761315
clip_1.mp4,12,0,4:2:2,8,8,0,1,3.3744727386345885,3.647955413878275,3.421375678137251,52.919247524434155
clip_1.mp4,13,0,4:2:2,8,8,0,1,3.3520853540252182,3.8936750313582045,3.2447048219918884,51.09778260030864
clip_1.mp4,14,0,4:2:2,8,8,0,1,3.4870815199478016,3.6532512103508785,3.0124822760977197,55.203965888631686
clip_1.mp4,15,0,4:2:2,8,8,0,1,3.5358633672550677,3.8145414676860363,2.9907922368633604,54.56311728395062
clip_1.mp4,16,1,4:2:2,8,8,0,1,1.0,1.0,1.0,0.36967962319958847
clip_1.mp4,17,0,4:2:2,8,8,0,1,6.815985484475357,10.7934789398072,9.610144040932095,12.11703542952675
clip_1.mp4,18,0,4:2:2,8,8,0,1,5.024886954583125,7.814172231350145,6.639769452449568,18.116026556069958
clip_1.mp4,19,0,4:2:2,8,8,0,1,4.172031934071594,5.455291653950982,4.8445428803723125,25.862205986368313
clip_1.mp4,0,1,4:2:2,8,10,0,1,1.0,1.0,1.0,0.37249164094650206
clip_1.mp4,1,0,4:2:2,8,10,0,1,20.520534388916378,25.73598768803058,30.895762560343286,4.129852752057613
clip_1.mp4,2,0,4:2:2,8,10,0,1,4.816724738675958,3.39373625222583,4.761861020530014,44.575741383744855
clip_1.mp4,3,0,4:2:2,8,10,0,1,5.202964806720496,3.699052403242379,4.739657142857143,48.09793145576132
clip_1.mp4,4,0,4:2:2,8,10,0,1,4.9518805970149256,3.6027521023003684,3.924270066085798,55.798209555041154
clip_1.mp4,5,0,4:2:2,8,10,0,1,5.014727861050249,3.74223075645903,4.190106692531523,54.09088011188272
clip_1.mp4,6,0,4:2:2,8,10,0,1,5.0456483229837845,3.746016605606018,4.177276390008058,54.084403131430044
clip_1.mp4,7,0,4:2:2,8,10,0,1,4.7753714638392735,3.765006645411035,4.032891717168574,54.74545412165638
clip_1.mp4,8,0,4:2:2,8,10,0,1,4.429027903559285,3.826592752799451,3.951821924073792,55.97128632973251
clip_1.mp4,9,0,4:2:2,8,10,0,1,4.191292396005983,3.9553497173115217,3.7527146373244533,59.337824395576135
clip_1.mp4,10,1,4:2:2,8,10,0,1,1.0,1.0,1.0,0.3632585841049383
clip_1.mp4,11,0,4:2:2,8,10,0,1,44.87340402510279,88.47926267281106,88.53970964987191,1.502998649691358
clip_1.mp4,12,0,4:2:2,8,10,0,1,9.544149053685839,14.223002633889376,13.29026303645593,10.895564879115227
clip_1.mp4,13,0,4:2:2,8,10,0,1,4.121973522045084,7.3349840820657946,5.46570229635409,23.892156957304525
clip_1.mp4,14,0,4:2:2,8,10,0,1,3.670452292616613,5.293090597208466,4.14799641531174,33.14082947530864
clip_1.mp4,15,0,4:2:2,8,10,0,1,3.5064816474511384,5.221437708369006,3.8940552559229604,35.51987075617284
clip_1.mp4,16,0,4:2:2,8,10,0,1,3.4292291510937942,5.156823539944493,3.8644462004085103,36.186558159722225
clip_1.mp4,17,0,4:2:2,8,10,0,1,3.3577521714629928,5.086691589885491,3.7050801909717257,37.905731256430045
clip_1.mp4,18,0,4:2:2,8,10,0,1,3.3642676357972614,4.898653437278526,3.5876425645000554,39.66273517875514
clip_1.mp4,19,0,4:2:2,8,10,0,1,3.3411211188630907,4.474018072133185,3.365228568090051,42.71936792695473
clip_1.mp4,0,1,4:2:2,16,1,0,1,1.0,1.0,1.0,0.37249164094650206
clip_1.mp4,1,1,4:2:2,16,1,0,1,1.0,1.0,1.0,0.37275945216049383
clip_1.mp4,2,1,4:2:2,16,1,0,1,1.0,1.0,1.0,0.36548627186213994
clip_1.mp4,3,1,4:2:2,16,1,0,1,1.0,1.0,1.0,0.36173064557613166
clip_1.mp4,4,1,4:2:2,16,1,0,1,1.0,1.0,1.0,0.36130770961934155
clip_1.mp4,5,1,4:2:2,16,1,0,1,1.0,1.0,1.0,0.36049864969135803
clip_1.mp4,6,1,4:2:2,16,1,0,1,1.0,1.0,1.0,0.3607010352366255
clip_1.mp4,7,1,4:2:2,16,1,0,1,1.0,1.0,1.0,0.3604517103909465
clip_1.mp4,8,1,4:2:2,16,1,0,1,1.0,1.0,1.0,0.3619799704218107
clip_1.mp4,9,1,4:2:2,16,1,0,1,1.0,1.0,1.0,0.36412969393004113
clip_1.mp4,10,1,4:2:2,16,1,0,1,1.0,1.0,1.0,0.3632585841049383
clip_1.mp4,11,1,4:2:2,16,1,0,1,1.0,1.0,1.0,0.36322595164609056
clip_1.mp4,12,1,4:2:2,16,1,0,1,1.0,1.0,1.0,0.36390287422839507
clip_1.mp4,13,1,4:2:2,16,1,0,1,1.0,1.0,1.0,0.3643984696502058
clip_1.mp4,14,1,4:2:2,16,1,0,1,1.0,1.0,1.0,0.36869486239711935
clip_1.mp4,15,1,4:2:2,16,1,0,1,1.0,1.0,1.0,0.3692698688271605
clip_1.mp4,16,1,4:2:2,16,1,0,1,1.0,1.0,1.0,0.36967962319958847
clip_1.mp4,17,1,4:2:2,16,1,0,1,1.0,1.0,1.0,0.36933738425925927
clip_1.mp4,18,1,4:2:2,16,1,0,1,1.0,1.0,1.0,0.36908838091563784
clip_1.mp4,19,1,4:2:2,16,1,0,1,1.0,1.0,1.0,0.37022151491769545
clip_1.mp4,0,1,4:2:2,16,2,0,1,1.0,1.0,1.0,0.37249164094650206
clip_1.mp4,1,0,4:2:2,16,2,0,1,20.521346713378065,25.73598768803058,30.895762560343286,16.611074138374487
clip_1.mp4,2,1,4:2:2,16,2,0,1,1.0,1.0,1.0,0.36548627186213994
clip_1.mp4,3,0,4:2:2,16,2,0,1,5.41209264450256,4.630597314896696,6.479028145778133,155.89971161265433
clip_1.mp4,4,1,4:2:2,16,2,0,1,1.0,1.0,1.0,0.36130770961934155
clip_1.mp4,5,0,4:2:2,16,2,0,1,4.274952686070532,6.102916073131394,6.809315521929306,114.1930089377572
clip_1.mp4,6,1,4:2:2,16,2,0,1,1.0,1.0,1.0,0.3607010352366255
clip_1.mp4,7,0,4:2:2,16,2,0,1,4.229540698314793,5.113131990610143,5.316323286603563,164.8876808449074
clip_1.mp4,8,1,4:2:2,16,2,0,1,1.0,1.0,1.0,0.3619799704218107
clip_1.mp4,9,0,4:2:2,16,2,0,1,3.6439936314463153,4.033268238790642,3.906997776689151,216.1149520961934
clip_1.mp4,10,1,4:2:2,16,2,0,1,1.0,1.0,1.0,0.3632585841049383
clip_1.mp4,11,0,4:2:2,16,2,0,1,44.931744312026005,88.47926267281106,88.53970964987191,5.295310570987654
clip_1.mp4,12,1,4:2:2,16,2,0,1,1.0,1.0,1.0,0.36390287422839507
clip_1.mp4,13,0,4:2:2,16,2,0,1,4.553619662079961,8.723894788213318,6.489328409588784,81.94943061985597
clip_1.mp4,14,1,4:2:2,16,2,0,1,1.0,1.0,1.0,0.36869486239711935
clip_1.mp4,15,0,4:2:2,16,2,0,1,7.870106802085942,13.408861643516722,10.331014966420216,46.81971289866255
clip_1.mp4,16,1,4:2:2,16,2,0,1,1.0,1.0,1.0,0.36967962319958847
clip_1.mp4,17,0,4:2:2,16,2,0,1,6.830174509377656,10.7934789398072,9.610144040932095,52.05648759002057
clip_1.mp4,18,1,4:2:2,16,2,0,1,1.0,1.0,1.0,0.36908838091563784
clip_1.mp4,19,0,4:2:2,16,2,0,1,6.982147306607046,8.351053547264643,8.020422371779995,67.802723283179
clip_1.mp4,0,1,4:2:2,16,4,0,1,1.0,1.0,1.0,0.37249164094650206
clip_1.mp4,1,0,4:2:2,16,4,0,1,20.521346713378065,25.73598768803058,30.895762560343286,16.611074138374487
clip_1.mp4,2,0,4:2:2,16,4,0,1,5.216262584082551,3.402624168870977,4.78895878945764,203.24729214891974
clip_1.mp4,3,0,4:2:2,16,4,0,1,6.855873250985267,3.758237456230018,4.8608506488635514,218.74706774048354
clip_1.mp4,4,1,4:2:2,16,4,0,1,1.0,1.0,1.0,0.36130770961934155
clip_1.mp4,5,0,4:2:2,16,4,0,1,4.274952686070532,6.102916073131394,6.809315521929306,114.1930089377572
clip_1.mp4,6,0,4:2:2,16,4,0,1,4.19945805604948,5.975034865895967,6.627715202577445,119.39103861239713
clip_1.mp4,7,0,4:2:2,16,4,0,1,4.331351751047537,4.394002322447215,4.542148934119564,199.95416393389917
clip_1.mp4,8,1,4:2:2,16,4,0,1,1.0,1.0,1.0,0.3619799704218107
clip_1.mp4,9,0,4:2:2,16,4,0,1,3.6439936314463153,4.033268238790642,3.906997776689151,216.1149520961934
clip_1.mp4,10,0,4:2:2,16,4,0,1,3.442196790868617,3.852298820679354,3.638226645237811,234.00078896604938
clip_1.mp4,11,0,4:2:2,16,4,0,1,3.4415797807187882,3.8453264892851577,3.629769148362613,233.39649337705762
clip_1.mp4,12,1,4:2:2,16,4,0,1,1.0,1.0,1.0,0.36390287422839507
clip_1.mp4,13,0,4:2:2,16,4,0,1,4.553619662079961,8.723894788213318,6.489328409588784,81.94943061985597
clip_1.mp4,14,0,4:2:2,16,4,0,1,3.8109100532601143,5.70592055298119,4.496448118239932,131.9770564879115
clip_1.mp4,15,0,4:2:2,16,4,0,1,3.57647967877914,5.511434312505981,4.135455306928324,144.5324620627572
clip_1.mp4,16,1,4:2:2,16,4,0,1,1.0,1.0,1.0,0.36967962319958847
clip_1.mp4,17,0,4:2:2,16,4,0,1,6.830174509377656,10.7934789398072,9.610144040932095,52.05648759002057
clip_1.mp4,18,0,4:2:2,16,4,0,1,5.049653956487647,7.818886592962399,6.640449869983476,79.30376109182099
clip_1.mp4,19,0,4:2:2,16,4,0,1,4.207126307118597,5.457933692001558,4.844905092570959,116.47242412551441
clip_1.mp4,0,1,4:2:2,16,6,0,1,1.0,1.0,1.0,0.37249164094650206
clip_1.mp4,1,0,4:2:2,16,6,0,1,20.521346713378065,25.73598768803058,30.895762560343286,16.611074138374487
clip_1.mp4,2,0,4:2:2,16,6,0,1,5.216262584082551,3.402624168870977,4.78895878945764,203.24729214891974
clip_1.mp4,3,0,4:2:2,16,6,0,1,6.855873250985267,3.758237456230018,4.8608506488635514,218.74706774048354
clip_1.mp4,4,0,4:2:2,16,6,0,1,7.658160062045278,3.7471538544941994,4.090102173655765,260.6518761252572
clip_1.mp4,5,0,4:2:2,16,6,0,1,8.70536276543044,3.9158514937492916,4.4123655181805805,247.2087450167181
clip_1.mp4,6,1,4:2:2,16,6,0,1,1.0,1.0,1.0,0.3607010352366255
clip_1.mp4,7,0,4:2:2,16,6,0,1,4.229540698314793,5.113131990610143,5.316323286603563,164.8876808449074
clip_1.mp4,8,0,4:2:2,16,6,0,1,4.492434615317954,3.7928562021686005,3.5489833641404807,243.83427822788065
clip_1.mp4,9,0,4:2:2,16,6,0,1,5.6367432150313155,3.4322942874546465,3.0268351355769902,303.4868811085391
clip_1.mp4,10,0,4:2:2,16,6,0,1,5.701245497786698,3.474344539166801,3.019817552689525,308.1070060120885
clip_1.mp4,11,0,4:2:2,16,6,0,1,5.6989578294709995,3.4817182924535905,3.019465768903696,307.53087528935185
clip_1.mp4,12,1,4:2:2,16,6,0,1,1.0,1.0,1.0,0.36390287422839507
clip_1.mp4,13,0,4:2:2,16,6,0,1,4.553619662079961,8.723894788213318,6.489328409588784,81.94943061985597
clip_1.mp4,14,0,4:2:2,16,6,0,1,3.8109100532601143,5.70592055298119,4.496448118239932,131.9770564879115
clip_1.mp4,15,0,4:2:2,16,6,0,1,3.57647967877914,5.511434312505981,4.135455306928324,144.5324620627572
clip_1.mp4,16,0,4:2:2,16,6,0,1,3.4854637872145875,5.436982810156586,4.0979913202267175,147.9261975951646
clip_1.mp4,17,0,4:2:2,16,6,0,1,3.4088331125000413,5.28758376597546,3.8839315816682025,156.75894724151235
clip_1.mp4,18,1,4:2:2,16,6,0,1,1.0,1.0,1.0,0.36908838091563784
clip_1.mp4,19,0,4:2:2,16,6,0,1,6.982147306607046,8.351053547264643,8.020422371779995,67.802723283179
clip_1.mp4,0,1,4:2:2,16,8,0,1,1.0,1.0,1.0,0.37249164094650206
clip_1.mp4,1,0,4:2:2,16,8,0,1,20.521346713378065,25.73598768803058,30.895762560343286,16.611074138374487
clip_1.mp4,2,0,4:2:2,16,8,0,1,5.216262584082551,3.402624168870977,4.78895878945764,203.24729214891974
clip_1.mp4,3,0,4:2:2,16,8,0,1,6.855873250985267,3.758237456230018,4.8608506488635514,218.74706774048354
clip_1.mp4,4,0,4:2:2,16,8,0,1,7.658160062045278,3.7471538544941994,4.090102173655765,260.6518761252572
clip_1.mp4,5,0,4:2:2,16,8,0,1,8.70536276543044,3.9158514937492916,4.4123655181805805,247.2087450167181
clip_1.mp4,6,0,4:2:2,16,8,0,1,8.839025388327167,3.9218356369578538,4.398961356346418,247.44823463220163
clip_1.mp4,7,0,4:2:2,16,8,0,1,9.41099583367372,3.9869255912324553,4.270955197811794,252.91594409079218
clip_1.mp4,8,1,4:2:2,16,8,0,1,1.0,1.0,1.0,0.3619799704218107
clip_1.mp4,9,0,4:2:2,16,8,0,1,3.6439936314463153,4.033268238790642,3.906997776689151,216.1149520961934
clip_1.mp4,10,0,4:2:2,16,8,0,1,3.442196790868617,3.852298820679354,3.638226645237811,234.00078896604938
clip_1.mp4,11,0,4:2:2,16,8,0,1,3.4415797807187882,3.8453264892851577,3.629769148362613,233.39649337705762
clip_1.mp4,12,0,4:2:2,16,8,0,1,3.41923186006477,3.6486229685883402,3.4218725246871204,254.08283950617283
clip_1.mp4,13,0,4:2:2,16,8,0,1,3.430091376469732,3.8952549122741105,3.2453548354785395,242.6013080311214
clip_1.mp4,14,0,4:2:2,16,8,0,1,3.6283464566929133,3.6556728511286467,3.014093678775757,266.25878761574074
clip_1.mp4,15,0,4:2:2,16,8,0,1,3.7125628428606214,3.8172379514745405,2.9928642357342445,262.1912194573045
clip_1.mp4,16,1,4:2:2,16,8,0,1,1.0,1.0,1.0,0.36967962319958847
clip_1.mp4,17,0,4:2:2,16,8,0,1,6.830174509377656,10.7934789398072,9.610144040932095,52.05648759002057
clip_1.mp4,18,0,4:2:2,16,8,0,1,5.049653956487647,7.818886592962399,6.640449869983476,79.30376109182099
clip_1.mp4,19,0,4:2:2,16,8,0,1,4.207126307118597,5.457933692001558,4.844905092570959,116.47242412551441
clip_1.mp4,0,1,4:2:2,16,10,0,1,1.0,1.0,1.0,0.37249164094650206
clip_1.mp4,1,0,4:2:2,16,10,0,1,20.521346713378065,25.73598768803058,30.895762560343286,16.611074138374487
clip_1.mp4,2,0,4:2:2,16,10,0,1,5.216262584082551,3.402624168870977,4.78895878945764,203.24729214891974
clip_1.mp4,3,0,4:2:2,16,10,0,1,6.855873250985267,3.758237456230018,4.8608506488635514,218.74706774048354
clip_1.mp4,4,0,4:2:2,16,10,0,1,7.658160062045278,3.7471538544941994,4.090102173655765,260.6518761252572
clip_1.mp4,5,0,4:2:2,16,10,0,1,8.70536276543044,3.9158514937492916,4.4123655181805805,247.2087450167181
clip_1.mp4,6,0,4:2:2,16,10,0,1,8.839025388327167,3.9218356369578538,4.398961356346418,247.44823463220163
clip_1.mp4,7,0,4:2:2,16,10,0,1,9.41099583367372,3.9869255912324553,4.270955197811794,252.91594409079218
clip_1.mp4,8,0,4:2:2,16,10,0,1,9.762803792879406,4.124006586954965,4.20141505993338,252.5802917631173
clip_1.mp4,9,0,4:2:2,16,10,0,1,10.19739753916969,4.323639062877922,3.9872322424335653,259.6537516075103
clip_1.mp4,10,1,4:2:2,16,10,0,1,1.0,1.0,1.0,0.3632585841049383
clip_1.mp4,11,0,4:2:2,16,10,0,1,44.931744312026005,88.47926267281106,88.53970964987191,5.295310570987654
clip_1.mp4,12,0,4:2:2,16,10,0,1,9.589256481164622,14.223002633889376,13.29026303645593,48.873613361625516
clip_1.mp4,13,0,4:2:2,16,10,0,1,4.157694019705738,7.3349840820657946,5.46570229635409,104.86279610339506
clip_1.mp4,14,0,4:2:2,16,10,0,1,3.7383716737578423,5.294171713354916,4.14812918093653,150.0045244984568
clip_1.mp4,15,0,4:2:2,16,10,0,1,3.5882633885001143,5.222910684600272,3.89428927718265,159.67138342335392
clip_1.mp4,16,0,4:2:2,16,10,0,1,3.5081070838859865,5.158670925754545,3.864676676258778,162.972622653035
clip_1.mp4,17,0,4:2:2,16,10,0,1,3.4533294252444775,5.089088499484612,3.7058218002973806,170.01899739583334
clip_1.mp4,18,0,4:2:2,16,10,0,1,3.4894874478747715,4.9051426408667265,3.58883473637572,178.5488933899177
clip_1.mp4,19,0,4:2:2,16,10,0,1,3.505355404089581,4.482141467590071,3.367983367983368,195.10193287037038
clip_1.mp4,0,1,4:2:2,32,1,0,1,1.0,1.0,1.0,0.37249164094650206
clip_1.mp4,1,1,4:2:2,32,1,0,1,1.0,1.0,1.0,0.37275945216049383
clip_1.mp4,2,1,4:2:2,32,1,0,1,1.0,1.0,1.0,0.36548627186213994
clip_1.mp4,3,1,4:2:2,32,1,0,1,1.0,1.0,1.0,0.36173064557613166
clip_1.mp4,4,1,4:2:2,32,1,0,1,1.0,1.0,1.0,0.36130770961934155
clip_1.mp4,5,1,4:2:2,32,1,0,1,1.0,1.0,1.0,0.36049864969135803
clip_1.mp4,6,1,4:2:2,32,1,0,1,1.0,1.0,1.0,0.3607010352366255
clip_1.mp4,7,1,4:2:2,32,1,0,1,1.0,1.0,1.0,0.3604517103909465
clip_1.mp4,8,1,4:2:2,32,1,0,1,1.0,1.0,1.0,0.3619799704218107
clip_1.mp4,9,1,4:2:2,32,1,0,1,1.0,1.0,1.0,0.36412969393004113
clip_1.mp4,10,1,4:2:2,32,1,0,1,1.0,1.0,1.0,0.3632585841049383
clip_1.mp4,11,1,4:2:2,32,1,0,1,1.0,1.0,1.0,0.36322595164609056
clip_1.mp4,12,1,4:2:2,32,1,0,1,1.0,1.0,1.0,0.36390287422839507
clip_1.mp4,13,1,4:2:2,32,1,0,1,1.0,1.0,1.0,0.3643984696502058
clip_1.mp4,14,1,4:2:2,32,1,0,1,1.0,1.0,1.0,0.36869486239711935
clip_1.mp4,15,1,4:2:2,32,1,0,1,1.0,1.0,1.0,0.3692698688271605
clip_1.mp4,16,1,4:2:2,32,1,0,1,1.0,1.0,1.0,0.36967962319958847
clip_1.mp4,17,1,4:2:2,32,1,0,1,1.0,1.0,1.0,0.36933738425925927
clip_1.mp4,18,1,4:2:2,32,1,0,1,1.0,1.0,1.0,0.36908838091563784
clip_1.mp4,19,1,4:2:2,32,1,0,1,1.0,1.0,1.0,0.37022151491769545
clip_1.mp4,0,1,4:2:2,32,2,0,1,1.0,1.0,1.0,0.37249164094650206
clip_1.mp4,1,0,4:2:2,32,2,0,1,20.521346713378065,25.73598768803058,30.895762560343286,66.29511590149177
clip_1.mp4,2,1,4:2:2,32,2,0,1,1.0,1.0,1.0,0.36548627186213994
clip_1.mp4,3,0,4:2:2,32,2,0,1,5.425971184994845,4.630597314896696,6.479028145778133,657.995786554784
clip_1.mp4,4,1,4:2:2,32,2,0,1,1.0,1.0,1.0,0.36130770961934155
clip_1.mp4,5,0,4:2:2,32,2,0,1,4.275446286819435,6.102916073131394,6.809315521929306,467.83208285108026
clip_1.mp4,6,1,4:2:2,32,2,0,1,1.0,1.0,1.0,0.3607010352366255
clip_1.mp4,7,0,4:2:2,32,2,0,1,4.232856075544723,5.113131990610143,5.316323286603563,674.0823789544753
clip_1.mp4,8,1,4:2:2,32,2,0,1,1.0,1.0,1.0,0.3619799704218107
clip_1.mp4,9,0,4:2:2,32,2,0,1,3.6445572432411533,4.033268238790642,3.906997776689151,912.582215309928
clip_1.mp4,10,1,4:2:2,32,2,0,1,1.0,1.0,1.0,0.3632585841049383
clip_1.mp4,11,0,4:2:2,32,2,0,1,44.931744312026005,88.47926267281106,88.53970964987191,20.22036233281893
clip_1.mp4,12,1,4:2:2,32,2,0,1,1.0,1.0,1.0,0.36390287422839507
clip_1.mp4,13,0,4:2:2,32,2,0,1,4.553819665578868,8.723894788213318,6.489328409588784,325.4389215213477
clip_1.mp4,14,1,4:2:2,32,2,0,1,1.0,1.0,1.0,0.36869486239711935
clip_1.mp4,15,0,4:2:2,32,2,0,1,7.870106802085942,13.408861643516722,10.331014966420216,188.52885255915638
clip_1.mp4,16,1,4:2:2,32,2,0,1,1.0,1.0,1.0,0.36967962319958847
clip_1.mp4,17,0,4:2:2,32,2,0,1,6.832334974200818,10.7934789398072,9.610144040932095,207.18597302597738
clip_1.mp4,18,1,4:2:2,32,2,0,1,1.0,1.0,1.0,0.36908838091563784
clip_1.mp4,19,0,4:2:2,32,2,0,1,6.982617538708135,8.351053547264643,8.020422371779995,275.0125405092593
clip_1.mp4,0,1,4:2:2,32,4,0,1,1.0,1.0,1.0,0.37249164094650206
clip_1.mp4,1,0,4:2:2,32,4,0,1,20.521346713378065,25.73598768803058,30.895762560343286,66.29511590149177
clip_1.mp4,2,0,4:2:2,32,4,0,1,5.267409428297085,3.402624168870977,4.78895878945764,870.2644627700618
clip_1.mp4,3,0,4:2:2,32,4,0,1,7.166506535428172,3.758455437217699,4.861215303825957,960.3822444058642
clip_1.mp4,4,1,4:2:2,32,4,0,1,1.0,1.0,1.0,0.36130770961934155
clip_1.mp4,5,0,4:2:2,32,4,0,1,4.275446286819435,6.102916073131394,6.809315521929306,467.83208285108026
clip_1.mp4,6,0,4:2:2,32,4,0,1,4.199934376025374,5.975034865895967,6.627715202577445,489.9254539609054
clip_1.mp4,7,0,4:2:2,32,4,0,1,4.337694177499048,4.394002322447215,4.542148934119564,831.5437575552984
clip_1.mp4,8,1,4:2:2,32,4,0,1,1.0,1.0,1.0,0.3619799704218107
clip_1.mp4,9,0,4:2:2,32,4,0,1,3.6445572432411533,4.033268238790642,3.906997776689151,912.582215309928
clip_1.mp4,10,0,4:2:2,32,4,0,1,3.444575491287231,3.852298820679354,3.638226645237811,987.8214991640947
clip_1.mp4,11,0,4:2:2,32,4,0,1,3.444438169212012,3.8453264892851577,3.629769148362613,985.634029385288
clip_1.mp4,12,1,4:2:2,32,4,0,1,1.0,1.0,1.0,0.36390287422839507
clip_1.mp4,13,0,4:2:2,32,4,0,1,4.553819665578868,8.723894788213318,6.489328409588784,325.4389215213477
clip_1.mp4,14,0,4:2:2,32,4,0,1,3.815959455430786,5.70592055298119,4.496448118239932,528.1489718364197
clip_1.mp4,15,0,4:2:2,32,4,0,1,3.5817554332618227,5.511434312505981,4.135455306928324,581.6579247042181
clip_1.mp4,16,1,4:2:2,32,4,0,1,1.0,1.0,1.0,0.36967962319958847
clip_1.mp4,17,0,4:2:2,32,4,0,1,6.832334974200818,10.7934789398072,9.610144040932095,207.18597302597738
clip_1.mp4,18,0,4:2:2,32,4,0,1,5.052606956106452,7.818886592962399,6.640449869983476,317.2264977173354
clip_1.mp4,19,0,4:2:2,32,4,0,1,4.2105776142496865,5.457933692001558,4.844905092570959,472.09520769032923
clip_1.mp4,0,1,4:2:2,32,6,0,1,1.0,1.0,1.0,0.37249164094650206
clip_1.mp4,1,0,4:2:2,32,6,0,1,20.521346713378065,25.73598768803058,30.895762560343286,66.29511590149177
clip_1.mp4,2,0,4:2:2,32,6,0,1,5.267409428297085,3.402624168870977,4.78895878945764,870.2644627700618
clip_1.mp4,3,0,4:2:2,32,6,0,1,7.166506535428172,3.758455437217699,4.861215303825957,960.3822444058642
clip_1.mp4,4,0,4:2:2,32,6,0,1,8.45339138517232,3.750406945198047,4.094172280621391,1173.2280155285493
clip_1.mp4,5,0,4:2:2,32,6,0,1,9.912898815385645,3.9196413044300114,4.418834600565993,1121.9735243055557
clip_1.mp4,6,1,4:2:2,32,6,0,1,1.0,1.0,1.0,0.3607010352366255
clip_1.mp4,7,0,4:2:2,32,6,0,1,4.232856075544723,5.113131990610143,5.316323286603563,674.0823789544753
clip_1.mp4,8,0,4:2:2,32,6,0,1,4.499921876356313,3.7928562021686005,3.5489833641404807,1016.5605140817901
clip_1.mp4,9,0,4:2:2,32,6,0,1,5.658153241650295,3.4322942874546465,3.0268351355769902,1316.1984341242285
clip_1.mp4,10,0,4:2:2,32,6,0,1,5.728683198514786,3.474344539166801,3.019817552689525,1339.65802501286
clip_1.mp4,11,0,4:2:2,32,6,0,1,5.728809813239032,3.4817182924535905,3.019465768903696,1337.3518320794753
clip_1.mp4,12,1,4:2:2,32,6,0,1,1.0,1.0,1.0,0.36390287422839507
clip_1.mp4,13,0,4:2:2,32,6,0,1,4.553819665578868,8.723894788213318,6.489328409588784,325.4389215213477
clip_1.mp4,14,0,4:2:2,32,6,0,1,3.815959455430786,5.70592055298119,4.496448118239932,528.1489718364197
clip_1.mp4,15,0,4:2:2,32,6,0,1,3.5817554332618227,5.511434312505981,4.135455306928324,581.6579247042181
clip_1.mp4,16,0,4:2:2,32,6,0,1,3.490497752790075,5.436982810156586,4.0979913202267175,596.0421413644548
clip_1.mp4,17,0,4:2:2,32,6,0,1,3.4164489097876913,5.28758376597546,3.8839315816682025,632.2399368248457
clip_1.mp4,18,1,4:2:2,32,6,0,1,1.0,1.0,1.0,0.36908838091563784
clip_1.mp4,19,0,4:2:2,32,6,0,1,6.982617538708135,8.351053547264643,8.020422371779995,275.0125405092593
clip_1.mp4,0,1,4:2:2,32,8,0,1,1.0,1.0,1.0,0.37249164094650206
clip_1.mp4,1,0,4:2:2,32,8,0,1,20.521346713378065,25.73598768803058,30.895762560343286,66.29511590149177
clip_1.mp4,2,0,4:2:2,32,8,0,1,5.267409428297085,3.402624168870977,4.78895878945764,870.2644627700618
clip_1.mp4,3,0,4:2:2,32,8,0,1,7.166506535428172,3.758455437217699,4.861215303825957,960.3822444058642
clip_1.mp4,4,0,4:2:2,32,8,0,1,8.45339138517232,3.750406945198047,4.094172280621391,1173.2280155285493
clip_1.mp4,5,0,4:2:2,32,8,0,1,9.912898815385645,3.9196413044300114,4.418834600565993,1121.9735243055557
clip_1.mp4,6,0,4:2:2,32,8,0,1,10.093359683024893,3.9256370451705727,4.405316292192121,1124.462326710391
clip_1.mp4,7,0,4:2:2,32,8,0,1,11.12864273063919,3.992268061085398,4.279346210995542,1172.3982118055555
clip_1.mp4,8,1,4:2:2,32,8,0,1,1.0,1.0,1.0,0.3619799704218107
clip_1.mp4,9,0,4:2:2,32,8,0,1,3.6445572432411533,4.033268238790642,3.906997776689151,912.582215309928
clip_1.mp4,10,0,4:2:2,32,8,0,1,3.444575491287231,3.852298820679354,3.638226645237811,987.8214991640947
clip_1.mp4,11,0,4:2:2,32,8,0,1,3.444438169212012,3.8453264892851577,3.629769148362613,985.634029385288
clip_1.mp4,12,0,4:2:2,32,8,0,1,3.4251847544920864,3.6486229685883402,3.4218725246871204,1068.51217656893
clip_1.mp4,13,0,4:2:2,32,8,0,1,3.441259936604876,3.8952549122741105,3.2453548354785395,1018.2026134902263
clip_1.mp4,14,0,4:2:2,32,8,0,1,3.6493036123459657,3.6556728511286467,3.014093678775757,1118.8896336484054
clip_1.mp4,15,0,4:2:2,32,8,0,1,3.7376304547666686,3.8172379514745405,2.9928642357342445,1104.430101112397
clip_1.mp4,16,1,4:2:2,32,8,0,1,1.0,1.0,1.0,0.36967962319958847
clip_1.mp4,17,0,4:2:2,32,8,0,1,6.832334974200818,10.7934789398072,9.610144040932095,207.18597302597738
clip_1.mp4,18,0,4:2:2,32,8,0,1,5.052606956106452,7.818886592962399,6.640449869983476,317.2264977173354
clip_1.mp4,19,0,4:2:2,32,8,0,1,4.2105776142496865,5.457933692001558,4.844905092570959,472.09520769032923
clip_1.mp4,0,1,4:2:2,32,10,0,1,1.0,1.0,1.0,0.37249164094650206
clip_1.mp4,1,0,4:2:2,32,10,0,1,20.521346713378065,25.73598768803058,30.895762560343286,66.29511590149177
clip_1.mp4,2,0,4:2:2,32,10,0,1,5.267409428297085,3.402624168870977,4.78895878945764,870.2644627700618
clip_1.mp4,3,0,4:2:2,32,10,0,1,7.166506535428172,3.758455437217699,4.861215303825957,960.3822444058642
clip_1.mp4,4,0,4:2:2,32,10,0,1,8.45339138517232,3.750406945198047,4.094172280621391,1173.2280155285493
clip_1.mp4,5,0,4:2:2,32,10,0,1,9.912898815385645,3.9196413044300114,4.418834600565993,1121.9735243055557
clip_1.mp4,6,0,4:2:2,32,10,0,1,10.093359683024893,3.9256370451705727,4.405316292192121,1124.462326710391
clip_1.mp4,7,0,4:2:2,32,10,0,1,11.12864273063919,3.992268061085398,4.279346210995542,1172.3982118055555
clip_1.mp4,8,0,4:2:2,32,10,0,1,12.029377298727216,4.134465845196794,4.20953479118791,1189.1837282986112
clip_1.mp4,9,0,4:2:2,32,10,0,1,13.43266178661657,4.334701863821461,3.9957144729032903,1255.7243119855966
clip_1.mp4,10,1,4:2:2,32,10,0,1,1.0,1.0,1.0,0.3632585841049383
clip_1.mp4,11,0,4:2:2,32,10,0,1,44.931744312026005,88.47926267281106,88.53970964987191,20.22036233281893
clip_1.mp4,12,0,4:2:2,32,10,0,1,9.592982910648692,14.223002633889376,13.29026303645593,190.91038869598765
clip_1.mp4,13,0,4:2:2,32,10,0,1,4.160263226531308,7.3349840820657946,5.46570229635409,416.9495113168724
clip_1.mp4,14,0,4:2:2,32,10,0,1,3.747925952435176,5.294171713354916,4.14812918093653,600.9897932741769
clip_1.mp4,15,0,4:2:2,32,10,0,1,3.5991377065911294,5.222910684600272,3.89428927718265,642.9604682677469
clip_1.mp4,16,0,4:2:2,32,10,0,1,3.5185958196312397,5.158670925754545,3.864676676258778,657.0704267939815
clip_1.mp4,17,0,4:2:2,32,10,0,1,3.467338195900595,5.089088499484612,3.7058218002973806,686.6537808641975
clip_1.mp4,18,0,4:2:2,32,10,0,1,3.5066951224874265,4.9051426408667265,3.58883473637572,724.0640851658951
clip_1.mp4,19,0,4:2:2,32,10,0,1,3.526182791493356,4.482141467590071,3.367983367983368,797.7184905478395
clip_1.mp4,0,1,4:4:0,1,1,0,1,1.0,1.0,1.0,0.37151475694444447
clip_1.mp4,1,1,4:4:0,1,1,0,1,1.0,1.0,1.0,0.37177147633744856
clip_1.mp4,2,1,4:4:0,1,1,0,1,1.0,1.0,1.0,0.36513004758230455
clip_1.mp4,3,1,4:4:0,1,1,0,1,1.0,1.0,1.0,0.361649787808642
clip_1.mp4,4,1,4:4:0,1,1,0,1,1.0,1.0,1.0,0.36110210905349793
clip_1.mp4,5,1,4:4:0,1,1,0,1,1.0,1.0,1.0,0.3604515496399177
clip_1.mp4,6,1,4:4:0,1,1,0,1,1.0,1.0,1.0,0.3606703317901235
clip_1.mp4,7,1,4:4:0,1,1,0,1,1.0,1.0,1.0,0.3603875707304527
clip_1.mp4,8,1,4:4:0,1,1,0,1,1.0,1.0,1.0,0.36173964763374483
clip_1.mp4,9,1,4:4:0,1,1,0,1,1.0,1.0,1.0,0.36389017489711933
clip_1.mp4,10,1,4:4:0,1,1,0,1,1.0,1.0,1.0,0.36308658050411524
clip_1.mp4,11,1,4:4:0,1,1,0,1,1.0,1.0,1.0,0.3630415702160494
clip_1.mp4,12,1,4:4:0,1,1,0,1,1.0,1.0,1.0,0.3636553176440329
clip_1.mp4,13,1,4:4:0,1,1,0,1,1.0,1.0,1.0,0.3642169817386831
clip_1.mp4,14,1,4:4:0,1,1,0,1,1.0,1.0,1.0,0.3684791345164609
clip_1.mp4,15,1,4:4:0,1,1,0,1,1.0,1.0,1.0,0.3691528420781893
clip_1.mp4,16,1,4:4:0,1,1,0,1,1.0,1.0,1.0,0.36954218106995884
clip_1.mp4,17,1,4:4:0,1,1,0,1,1.0,1.0,1.0,0.36929783950617284
clip_1.mp4,18,1,4:4:0,1,1,0,1,1.0,1.0,1.0,0.3691171553497942
clip_1.mp4,19,1,4:4:0,1,1,0,1,1.0,1.0,1.0,0.37034320344650207
clip_1.mp4,0,1,4:4:0,1,2,0,1,1.0,1.0,1.0,0.37151475694444447
clip_1.mp4,1,0,4:4:0,1,2,0,1,8.336281478146207,19.084081873067294,19.564478997622373,0.37177147633744856
clip_1.mp4,2,1,4:4:0,1,2,0,1,1.0,1.0,1.0,0.36513004758230455
clip_1.mp4,3,0,4:4:0,1,2,0,1,1.4564129649972046,3.503815400836752,3.8100837865647508,0.361649787808642
clip_1.mp4,4,1,4:4:0,1,2,0,1,1.0,1.0,1.0,0.36110210905349793
clip_1.mp4,5,0,4:4:0,1,2,0,1,1.554585938554271,3.6134752514585644,3.8303531845721888,0.3604515496399177
clip_1.mp4,6,1,4:4:0,1,2,0,1,1.0,1.0,1.0,0.3606703317901235
clip_1.mp4,7,0,4:4:0,1,2,0,1,1.7053893791481278,4.130808950086059,4.598598421005944,0.3603875707304527
clip_1.mp4,8,1,4:4:0,1,2,0,1,1.0,1.0,1.0,0.36173964763374483
clip_1.mp4,9,0,4:4:0,1,2,0,1,1.325961763498452,3.3444298211659054,3.5506119737265673,0.36389017489711933
clip_1.mp4,10,1,4:4:0,1,2,0,1,1.0,1.0,1.0,0.36308658050411524
clip_1.mp4,11,0,4:4:0,1,2,0,1,20.142207716517078,59.09039097230138,68.9636823200745,0.3630415702160494
clip_1.mp4,12,1,4:4:0,1,2,0,1,1.0,1.0,1.0,0.3636553176440329
clip_1.mp4,13,0,4:4:0,1,2,0,1,1.6404284606743351,3.7510310994052185,4.080219122878821,0.3642169817386831
clip_1.mp4,14,1,4:4:0,1,2,0,1,1.0,1.0,1.0,0.3684791345164609
clip_1.mp4,15,0,4:4:0,1,2,0,1,3.2847235642798984,7.755834829443447,8.427075882697185,0.3691528420781893
clip_1.mp4,16,1,4:4:0,1,2,0,1,1.0,1.0,1.0,0.36954218106995884
clip_1.mp4,17,0,4:4:0,1,2,0,1,2.5609864540415566,6.15655024167785,6.442312472038575,0.36929783950617284
clip_1.mp4,18,1,4:4:0,1,2,0,1,1.0,1.0,1.0,0.3691171553497942
clip_1.mp4,19,0,4:4:0,1,2,0,1,3.377154695052833,8.216833095577746,8.3741216379937,0.37034320344650207
clip_1.mp4,0,1,4:4:0,1,4,0,1,1.0,1.0,1.0,0.37151475694444447
clip_1.mp4,1,0,4:4:0,1,4,0,1,8.336281478146207,19.084081873067294,19.564478997622373,0.37177147633744856
clip_1.mp4,2,0,4:4:0,1,4,0,1,1.1418502202643173,2.511250732690342,2.7391469755252147,0.36513004758230455
clip_1.mp4,3,0,4:4:0,1,4,0,1,1.0440204454003892,2.246918289152031,2.4695592522723375,0.361649787808642
clip_1.mp4,4,1,4:4:0,1,4,0,1,1.0,1.0,1.0,0.36110210905349793
clip_1.mp4,5,0,4:4:0,1,4,0,1,1.554585938554271,3.6134752514585644,3.8303531845721888,0.3604515496399177
clip_1.mp4,6,0,4:4:0,1,4,0,1,1.5217094574066654,3.590027700831025,3.8065307261339187,0.3606703317901235
clip_1.mp4,7,0,4:4:0,1,4,0,1,1.1715942631657454,2.708039492242595,2.9372602568969524,0.3603875707304527
clip_1.mp4,8,1,4:4:0,1,4,0,1,1.0,1.0,1.0,0.36173964763374483
clip_1.mp4,9,0,4:4:0,1,4,0,1,1.325961763498452,3.3444298211659054,3.5506119737265673,0.36389017489711933
clip_1.mp4,10,0,4:4:0,1,4,0,1,1.2105516953911934,3.088784684775938,3.2836104513064135,0.36308658050411524
clip_1.mp4,11,0,4:4:0,1,4,0,1,1.2023560054597724,3.0675826809394473,3.2640519830501002,0.3630415702160494
clip_1.mp4,12,1,4:4:0,1,4,0,1,1.0,1.0,1.0,0.3636553176440329
clip_1.mp4,13,0,4:4:0,1,4,0,1,1.6404284606743351,3.7510310994052185,4.080219122878821,0.3642169817386831
clip_1.mp4,14,0,4:4:0,1,4,0,1,1.3273333632051618,3.128186870545924,3.3904069273129194,0.3684791345164609
clip_1.mp4,15,0,4:4:0,1,4,0,1,1.1883080936296921,2.8353278347808963,3.090902586484456,0.3691528420781893
clip_1.mp4,16,1,4:4:0,1,4,0,1,1.0,1.0,1.0,0.36954218106995884
clip_1.mp4,17,0,4:4:0,1,4,0,1,2.5609864540415566,6.15655024167785,6.442312472038575,0.36929783950617284
clip_1.mp4,18,0,4:4:0,1,4,0,1,1.9243511718162734,4.852478658079976,5.049973698053656,0.3691171553497942
clip_1.mp4,19,0,4:4:0,1,4,0,1,1.573235572604336,3.901998419329344,4.054783377265368,0.37034320344650207
clip_1.mp4,0,1,4:4:0,1,6,0,1,1.0,1.0,1.0,0.37151475694444447
clip_1.mp4,1,0,4:4:0,1,6,0,1,8.336281478146207,19.084081873067294,19.564478997622373,0.37177147633744856
clip_1.mp4,2,0,4:4:0,1,6,0,1,1.1418502202643173,2.511250732690342,2.7391469755252147,0.36513004758230455
clip_1.mp4,3,0,4:4:0,1,6,0,1,1.0440204454003892,2.246918289152031,2.4695592522723375,0.361649787808642
clip_1.mp4,4,0,4:4:0,1,6,0,1,0.9945295121452888,2.1025564068349305,2.3193489358465578,0.36110210905349793
clip_1.mp4,5,0,4:4:0,1,6,0,1,0.979119113882092,2.031539016208421,2.215403550457696,0.3604515496399177
clip_1.mp4,6,1,4:4:0,1,6,0,1,1.0,1.0,1.0,0.3606703317901235
clip_1.mp4,7,0,4:4:0,1,6,0,1,1.7053893791481278,4.130808950086059,4.598598421005944,0.3603875707304527
clip_1.mp4,8,0,4:4:0,1,6,0,1,1.252402310083119,3.0295769462285156,3.33157671495225,0.36173964763374483
clip_1.mp4,9,0,4:4:0,1,6,0,1,1.0483433081662181,2.4034159662112353,2.576399898613893,0.36389017489711933
clip_1.mp4,10,0,4:4:0,1,6,0,1,1.0258155669095328,2.3564064801178204,2.52608189300211,0.36308658050411524
clip_1.mp4,11,0,4:4:0,1,6,0,1,1.023810910972492,2.352428664778915,2.5233644859813085,0.3630415702160494
clip_1.mp4,12,1,4:4:0,1,6,0,1,1.0,1.0,1.0,0.3636553176440329
clip_1.mp4,13,0,4:4:0,1,6,0,1,1.6404284606743351,3.7510310994052185,4.080219122878821,0.3642169817386831
clip_1.mp4,14,0,4:4:0,1,6,0,1,1.3273333632051618,3.128186870545924,3.3904069273129194,0.3684791345164609
clip_1.mp4,15,0,4:4:0,1,6,0,1,1.1883080936296921,2.8353278347808963,3.090902586484456,0.3691528420781893
clip_1.mp4,16,0,4:4:0,1,6,0,1,1.1787430606163616,2.85572632622707,3.1150850879723104,0.36954218106995884
clip_1.mp4,17,0,4:4:0,1,6,0,1,1.1052868916684524,2.5697969543147208,2.7795501461086833,0.36929783950617284
clip_1.mp4,18,1,4:4:0,1,6,0,1,1.0,1.0,1.0,0.3691171553497942
clip_1.mp4,19,0,4:4:0,1,6,0,1,3.377154695052833,8.216833095577746,8.3741216379937,0.37034320344650207
clip_1.mp4,0,1,4:4:0,1,8,0,1,1.0,1.0,1.0,0.37151475694444447
clip_1.mp4,1,0,4:4:0,1,8,0,1,8.336281478146207,19.084081873067294,19.564478997622373,0.37177147633744856
clip_1.mp4,2,0,4:4:0,1,8,0,1,1.1418502202643173,2.511250732690342,2.7391469755252147,0.36513004758230455
clip_1.mp4,3,0,4:4:0,1,8,0,1,1.0440204454003892,2.246918289152031,2.4695592522723375,0.361649787808642
clip_1.mp4,4,0,4:4:0,1,8,0,1,0.9945295121452888,2.1025564068349305,2.3193489358465578,0.36110210905349793
clip_1.mp4,5,0,4:4:0,1,8,0,1,0.979119113882092,2.031539016208421,2.215403550457696,0.3604515496399177
clip_1.mp4,6,0,4:4:0,1,8,0,1,0.978834405349602,2.031562900463607,2.2146937066641605,0.3606703317901235
clip_1.mp4,7,0,4:4:0,1,8,0,1,0.9636887865217415,1.979396558965704,2.1657301610511146,0.3603875707304527
clip_1.mp4,8,1,4:4:0,1,8,0,1,1.0,1.0,1.0,0.36173964763374483
clip_1.mp4,9,0,4:4:0,1,8,0,1,1.325961763498452,3.3444298211659054,3.5506119737265673,0.36389017489711933
clip_1.mp4,10,0,4:4:0,1,8,0,1,1.2105516953911934,3.088784684775938,3.2836104513064135,0.36308658050411524
clip_1.mp4,11,0,4:4:0,1,8,0,1,1.2023560054597724,3.0675826809394473,3.2640519830501002,0.3630415702160494
clip_1.mp4,12,0,4:4:0,1,8,0,1,1.158730939278386,2.9678653010516913,3.1523642732049035,0.3636553176440329
clip_1.mp4,13,0,4:4:0,1,8,0,1,1.0545780772258737,2.4647452050626173,2.6387856699278203,0.3642169817386831
clip_1.mp4,14,0,4:4:0,1,8,0,1,1.0130757911234705,2.3356190922443387,2.5064304639603923,0.3684791345164609
clip_1.mp4,15,0,4:4:0,1,8,0,1,0.9902597712698592,2.2734947526302633,2.4506582834991844,0.3691528420781893
clip_1.mp4,16,1,4:4:0,1,8,0,1,1.0,1.0,1.0,0.36954218106995884
clip_1.mp4,17,0,4:4:0,1,8,0,1,2.5609864540415566,6.15655024167785,6.442312472038575,0.36929783950617284
clip_1.mp4,18,0,4:4:0,1,8,0,1,1.9243511718162734,4.852478658079976,5.049973698053656,0.3691171553497942
clip_1.mp4,19,0,4:4:0,1,8,0,1,1.573235572604336,3.901998419329344,4.054783377265368,0.37034320344650207
clip_1.mp4,0,1,4:4:0,1,10,0,1,1.0,1.0,1.0,0.37151475694444447
clip_1.mp4,1,0,4:4:0,1,10,0,1,8.336281478146207,19.084081873067294,19.564478997622373,0.37177147633744856
clip_1.mp4,2,0,4:4:0,1,10,0,1,1.1418502202643173,2.511250732690342,2.7391469755252147,0.36513004758230455
clip_1.mp4,3,0,4:4:0,1,10,0,1,1.0440204454003892,2.246918289152031,2.4695592522723375,0.361649787808642
clip_1.mp4,4,0,4:4:0,1,10,0,1,0.9945295121452888,2.1025564068349305,2.3193489358465578,0.36110210905349793
clip_1.mp4,5,0,4:4:0,1,10,0,1,0.979119113882092,2.031539016208421,2.215403550457696,0.3604515496399177
clip_1.mp4,6,0,4:4:0,1,10,0,1,0.978834405349602,2.031562900463607,2.2146937066641605,0.3606703317901235
clip_1.mp4,7,0,4:4:0,1,10,0,1,0.9636887865217415,1.979396558965704,2.1657301610511146,0.3603875707304527
clip_1.mp4,8,0,4:4:0,1,10,0,1,0.9528816213692527,1.9583251484609923,2.145615436511057,0.36173964763374483
clip_1.mp4,9,0,4:4:0,1,10,0,1,0.9373804880562645,1.9185433282137636,2.0896400772328394,0.36389017489711933
clip_1.mp4,10,1,4:4:0,1,10,0,1,1.0,1.0,1.0,0.36308658050411524
clip_1.mp4,11,0,4:4:0,1,10,0,1,20.142207716517078,59.09039097230138,68.9636823200745,0.3630415702160494
clip_1.mp4,12,0,4:4:0,1,10,0,1,4.888237207745367,13.636722346442195,15.107976568647452,0.3636553176440329
clip_1.mp4,13,0,4:4:0,1,10,0,1,1.5119785803034458,3.5110770960466517,3.8122692709329176,0.3642169817386831
clip_1.mp4,14,0,4:4:0,1,10,0,1,1.2799699760129084,3.016320949582521,3.2700228977297816,0.3684791345164609
clip_1.mp4,15,0,4:4:0,1,10,0,1,1.167140404694228,2.7685800346072504,3.015952433589705,0.3691528420781893
clip_1.mp4,16,0,4:4:0,1,10,0,1,1.1584694080498428,2.7886260207210407,3.0364799325226683,0.36954218106995884
clip_1.mp4,17,0,4:4:0,1,10,0,1,1.0940921346298944,2.5338234144052554,2.7382933206560494,0.36929783950617284
clip_1.mp4,18,0,4:4:0,1,10,0,1,1.0684154825439582,2.469935774046616,2.664733912131633,0.3691171553497942
clip_1.mp4,19,0,4:4:0,1,10,0,1,1.0394078743567612,2.3832291283560134,2.5665526306669375,0.37034320344650207
clip_1.mp4,0,1,4:4:0,2,1,0,1,1.0,1.0,1.0,0.37151475694444447
clip_1.mp4,1,1,4:4:0,2,1,0,1,1.0,1.0,1.0,0.37177147633744856
clip_1.mp4,2,1,4:4:0,2,1,0,1,1.0,1.0,1.0,0.36513004758230455
clip_1.mp4,3,1,4:4:0,2,1,0,1,1.0,1.0,1.0,0.361649787808642
clip_1.mp4,4,1,4:4:0,2,1,0,1,1.0,1.0,1.0,0.36110210905349793
clip_1.mp4,5,1,4:4:0,2,1,0,1,1.0,1.0,1.0,0.3604515496399177
clip_1.mp4,6,1,4:4:0,2,1,0,1,1.0,1.0,1.0,0.3606703317901235
clip_1.mp4,7,1,4:4:0,2,1,0,1,1.0,1.0,1.0,0.3603875707304527
clip_1.mp4,8,1,4:4:0,2,1,0,1,1.0,1.0,1.0,0.36173964763374483
clip_1.mp4,9,1,4:4:0,2,1,0,1,1.0,1.0,1.0,0.36389017489711933
clip_1.mp4,10,1,4:4:0,2,1,0,1,1.0,1.0,1.0,0.36308658050411524
clip_1.mp4,11,1,4:4:0,2,1,0,1,1.0,1.0,1.0,0.3630415702160494
clip_1.mp4,12,1,4:4:0,2,1,0,1,1.0,1.0,1.0,0.3636553176440329
clip_1.mp4,13,1,4:4:0,2,1,0,1,1.0,1.0,1.0,0.3642169817386831
clip_1.mp4,14,1,4:4:0,2,1,0,1,1.0,1.0,1.0,0.3684791345164609
clip_1.mp4,15,1,4:4:0,2,1,0,1,1.0,1.0,1.0,0.3691528420781893
clip_1.mp4,16,1,4:4:0,2,1,0,1,1.0,1.0,1.0,0.36954218106995884
clip_1.mp4,17,1,4:4:0,2,1,0,1,1.0,1.0,1.0,0.36929783950617284
clip_1.mp4,18,1,4:4:0,2,1,0,1,1.0,1.0,1.0,0.3691171553497942
clip_1.mp4,19,1,4:4:0,2,1,0,1,1.0,1.0,1.0,0.37034320344650207
clip_1.mp4,0,1,4:4:0,2,2,0,1,1.0,1.0,1.0,0.37151475694444447
clip_1.mp4,1,0,4:4:0,2,2,0,1,15.426734912510415,34.759286576371196,35.429196282121374,0.5272551761831276
clip_1.mp4,2,1,4:4:0,2,2,0,1,1.0,1.0,1.0,0.36513004758230455
clip_1.mp4,3,0,4:4:0,2,2,0,1,2.3017442905952166,5.76,6.335084932176463,1.4660117669753086
clip_1.mp4,4,1,4:4:0,2,2,0,1,1.0,1.0,1.0,0.36110210905349793
clip_1.mp4,5,0,4:4:0,2,2,0,1,2.4704360195671495,6.314558565581758,6.504881170477074,1.3329451195987654
clip_1.mp4,6,1,4:4:0,2,2,0,1,1.0,1.0,1.0,0.3606703317901235
clip_1.mp4,7,0,4:4:0,2,2,0,1,2.6637891166949283,6.827790582811986,7.270789211629896,1.2171715856481482
clip_1.mp4,8,1,4:4:0,2,2,0,1,1.0,1.0,1.0,0.36173964763374483
clip_1.mp4,9,0,4:4:0,2,2,0,1,2.0557927234296525,5.430433051894995,5.497698687085074,1.3667488104423868
clip_1.mp4,10,1,4:4:0,2,2,0,1,1.0,1.0,1.0,0.36308658050411524
clip_1.mp4,11,0,4:4:0,2,2,0,1,35.44615384615385,121.86177715091678,124.19741255390512,0.4118155221193416
clip_1.mp4,12,1,4:4:0,2,2,0,1,1.0,1.0,1.0,0.3636553176440329
clip_1.mp4,13,0,4:4:0,2,2,0,1,2.6942256569903567,6.987182079171889,7.03306244827633,1.2282719264403292
clip_1.mp4,14,1,4:4:0,2,2,0,1,1.0,1.0,1.0,0.3684791345164609
clip_1.mp4,15,0,4:4:0,2,2,0,1,5.394212459548609,14.022938757844623,13.535248041775457,0.7926697530864197
clip_1.mp4,16,1,4:4:0,2,2,0,1,1.0,1.0,1.0,0.36954218106995884
clip_1.mp4,17,0,4:4:0,2,2,0,1,4.518158919964789,12.073503039336703,11.357959773892468,0.8448366769547325
clip_1.mp4,18,1,4:4:0,2,2,0,1,1.0,1.0,1.0,0.3691171553497942
clip_1.mp4,19,0,4:4:0,2,2,0,1,5.352358434559055,13.295034878949528,12.888148571712701,0.7342632780349794
clip_1.mp4,0,1,4:4:0,2,4,0,1,1.0,1.0,1.0,0.37151475694444447
clip_1.mp4,1,0,4:4:0,2,4,0,1,15.426734912510415,34.759286576371196,35.429196282121374,0.5272551761831276
clip_1.mp4,2,0,4:4:0,2,4,0,1,1.7241465324998628,3.845725858500434,4.225524318772772,1.7088286072530865
clip_1.mp4,3,0,4:4:0,2,4,0,1,1.5357110588081946,3.366627268122248,3.71615567136682,1.8496423289609054
clip_1.mp4,4,1,4:4:0,2,4,0,1,1.0,1.0,1.0,0.36110210905349793
clip_1.mp4,5,0,4:4:0,2,4,0,1,2.4704360195671495,6.314558565581758,6.504881170477074,1.3329451195987654
clip_1.mp4,6,0,4:4:0,2,4,0,1,2.4124138797562455,6.222617004165216,6.415127027930057,1.349719167952675
clip_1.mp4,7,0,4:4:0,2,4,0,1,1.7795475610174727,4.343491047414768,4.601374021409171,1.5745264274691357
clip_1.mp4,8,1,4:4:0,2,4,0,1,1.0,1.0,1.0,0.36173964763374483
clip_1.mp4,9,0,4:4:0,2,4,0,1,2.0557927234296525,5.430433051894995,5.497698687085074,1.3667488104423868
clip_1.mp4,10,0,4:4:0,2,4,0,1,1.8520007073613813,4.966706586826347,5.049629362659627,1.4615213477366256
clip_1.mp4,11,0,4:4:0,2,4,0,1,1.8360288792042458,4.920600267671542,5.012667040553869,1.461617316100823
clip_1.mp4,12,1,4:4:0,2,4,0,1,1.0,1.0,1.0,0.3636553176440329
clip_1.mp4,13,0,4:4:0,2,4,0,1,2.6942256569903567,6.987182079171889,7.03306244827633,1.2282719264403292
clip_1.mp4,14,0,4:4:0,2,4,0,1,2.0457855003374124,5.244256507268515,5.3782628542972155,1.3730864197530863
clip_1.mp4,15,0,4:4:0,2,4,0,1,1.807162764917198,4.642374201868054,4.846263870841085,1.4827631494341564
clip_1.mp4,16,1,4:4:0,2,4,0,1,1.0,1.0,1.0,0.36954218106995884
clip_1.mp4,17,0,4:4:0,2,4,0,1,4.518158919964789,12.073503039336703,11.357959773892468,0.8448366769547325
clip_1.mp4,18,0,4:4:0,2,4,0,1,3.1825548843377045,8.812879315913843,8.348094946697156,1.0075196116255145
clip_1.mp4,19,0,4:4:0,2,4,0,1,2.4803175036063645,6.573008064107116,6.382742954234846,1.138770897633745
clip_1.mp4,0,1,4:4:0,2,6,0,1,1.0,1.0,1.0,0.37151475694444447
clip_1.mp4,1,0,4:4:0,2,6,0,1,15.426734912510415,34.759286576371196,35.429196282121374,0.5272551761831276
clip_1.mp4,2,0,4:4:0,2,6,0,1,1.7241465324998628,3.845725858500434,4.225524318772772,1.7088286072530865
clip_1.mp4,3,0,4:4:0,2,6,0,1,1.5357110588081946,3.366627268122248,3.71615567136682,1.8496423289609054
clip_1.mp4,4,0,4:4:0,2,6,0,1,1.4289435492873888,3.057451062499631,3.3656218349910407,1.920659079218107
clip_1.mp4,5,0,4:4:0,2,6,0,1,1.4073934308065499,2.9544016823676245,3.2212763313241783,1.9569301376028807
clip_1.mp4,6,1,4:4:0,2,6,0,1,1.0,1.0,1.0,0.3606703317901235
clip_1.mp4,7,0,4:4:0,2,6,0,1,2.6637891166949283,6.827790582811986,7.270789211629896,1.2171715856481482
clip_1.mp4,8,0,4:4:0,2,6,0,1,1.9711251459142118,4.788074148648274,5.0224284759293525,1.5506148726851852
clip_1.mp4,9,0,4:4:0,2,6,0,1,1.577928481852605,3.730757882161594,3.8431314404329453,1.7295293209876543
clip_1.mp4,10,0,4:4:0,2,6,0,1,1.533605303718342,3.6496504530382072,3.766866975243604,1.7612397119341563
clip_1.mp4,11,0,4:4:0,2,6,0,1,1.5295035751851027,3.642393412214384,3.7602820211515864,1.7629624807098765
clip_1.mp4,12,1,4:4:0,2,6,0,1,1.0,1.0,1.0,0.3636553176440329
clip_1.mp4,13,0,4:4:0,2,6,0,1,2.6942256569903567,6.987182079171889,7.03306244827633,1.2282719264403292
clip_1.mp4,14,0,4:4:0,2,6,0,1,2.0457855003374124,5.244256507268515,5.3782628542972155,1.3730864197530863
clip_1.mp4,15,0,4:4:0,2,6,0,1,1.807162764917198,4.642374201868054,4.846263870841085,1.4827631494341564
clip_1.mp4,16,0,4:4:0,2,6,0,1,1.7764466611952292,4.6273732694213106,4.8507078627504185,1.4842425411522633
clip_1.mp4,17,0,4:4:0,2,6,0,1,1.664245527580921,4.1839518329001955,4.33854728966331,1.5742980002572016
clip_1.mp4,18,1,4:4:0,2,6,0,1,1.0,1.0,1.0,0.3691171553497942
clip_1.mp4,19,0,4:4:0,2,6,0,1,5.352358434559055,13.295034878949528,12.888148571712701,0.7342632780349794
clip_1.mp4,0,1,4:4:0,2,8,0,1,1.0,1.0,1.0,0.37151475694444447
clip_1.mp4,1,0,4:4:0,2,8,0,1,15.426734912510415,34.759286576371196,35.429196282121374,0.5272551761831276
clip_1.mp4,2,0,4:4:0,2,8,0,1,1.7241465324998628,3.845725858500434,4.225524318772772,1.7088286072530865
clip_1.mp4,3,0,4:4:0,2,8,0,1,1.5357110588081946,3.366627268122248,3.71615567136682,1.8496423289609054
clip_1.mp4,4,0,4:4:0,2,8,0,1,1.4289435492873888,3.057451062499631,3.3656218349910407,1.920659079218107
clip_1.mp4,5,0,4:4:0,2,8,0,1,1.4073934308065499,2.9544016823676245,3.2212763313241783,1.9569301376028807
clip_1.mp4,6,0,4:4:0,2,8,0,1,1.4067632640489762,2.9524162086738617,3.218276632729079,1.9569553755144034
clip_1.mp4,7,0,4:4:0,2,8,0,1,1.375484066115571,2.8663371263643302,3.1202788026893145,1.9665141139403293
clip_1.mp4,8,1,4:4:0,2,8,0,1,1.0,1.0,1.0,0.36173964763374483
clip_1.mp4,9,0,4:4:0,2,8,0,1,2.0557927234296525,5.430433051894995,5.497698687085074,1.3667488104423868
clip_1.mp4,10,0,4:4:0,2,8,0,1,1.8520007073613813,4.966706586826347,5.049629362659627,1.4615213477366256
clip_1.mp4,11,0,4:4:0,2,8,0,1,1.8360288792042458,4.920600267671542,5.012667040553869,1.461617316100823
clip_1.mp4,12,0,4:4:0,2,8,0,1,1.7513010606114352,4.690893296655567,4.762823516441112,1.509169720936214
clip_1.mp4,13,0,4:4:0,2,8,0,1,1.5778636444571603,3.9537508770859393,4.032703482718652,1.6825623713991769
clip_1.mp4,14,0,4:4:0,2,8,0,1,1.4930230548795416,3.6474164133738602,3.7446636376113323,1.7286803948045268
clip_1.mp4,15,0,4:4:0,2,8,0,1,1.449372609541703,3.5288591791862656,3.654229785074332,1.7627599344135803
clip_1.mp4,16,1,4:4:0,2,8,0,1,1.0,1.0,1.0,0.36954218106995884
clip_1.mp4,17,0,4:4:0,2,8,0,1,4.518158919964789,12.073503039336703,11.357959773892468,0.8448366769547325
clip_1.mp4,18,0,4:4:0,2,8,0,1,3.1825548843377045,8.812879315913843,8.348094946697156,1.0075196116255145
clip_1.mp4,19,0,4:4:0,2,8,0,1,2.4803175036063645,6.573008064107116,6.382742954234846,1.138770897633745
clip_1.mp4,0,1,4:4:0,2,10,0,1,1.0,1.0,1.0,0.37151475694444447
clip_1.mp4,1,0,4:4:0,2,10,0,1,15.426734912510415,34.759286576371196,35.429196282121374,0.5272551761831276
clip_1.mp4,2,0,4:4:0,2,10,0,1,1.7241465324998628,3.845725858500434,4.225524318772772,1.7088286072530865
clip_1.mp4,3,0,4:4:0,2,10,0,1,1.5357110588081946,3.366627268122248,3.71615567136682,1.8496423289609054
clip_1.mp4,4,0,4:4:0,2,10,0,1,1.4289435492873888,3.057451062499631,3.3656218349910407,1.920659079218107
clip_1.mp4,5,0,4:4:0,2,10,0,1,1.4073934308065499,2.9544016823676245,3.2212763313241783,1.9569301376028807
clip_1.mp4,6,0,4:4:0,2,10,0,1,1.4067632640489762,2.9524162086738617,3.218276632729079,1.9569553755144034
clip_1.mp4,7,0,4:4:0,2,10,0,1,1.375484066115571,2.8663371263643302,3.1202788026893145,1.9665141139403293
clip_1.mp4,8,0,4:4:0,2,10,0,1,1.3456040098168873,2.817820103059161,3.0759737023235942,1.979714184670782
clip_1.mp4,9,0,4:4:0,2,10,0,1,1.3218032517277911,2.7500888580022598,2.975855615894192,1.989948398919753
clip_1.mp4,10,1,4:4:0,2,10,0,1,1.0,1.0,1.0,0.36308658050411524
clip_1.mp4,11,0,4:4:0,2,10,0,1,35.44615384615385,121.86177715091678,124.19741255390512,0.4118155221193416
clip_1.mp4,12,0,4:4:0,2,10,0,1,7.244270542202348,22.12359166951178,22.02676864244742,0.6031368955761317
clip_1.mp4,13,0,4:4:0,2,10,0,1,2.4248434189169594,6.382900131745817,6.36487531769126,1.2856735468106997
clip_1.mp4,14,0,4:4:0,2,10,0,1,1.954544769028911,5.007147548584013,5.1139894839645255,1.410380658436214
clip_1.mp4,15,0,4:4:0,2,10,0,1,1.7631753481965207,4.50551456209423,4.687118561314997,1.5104501028806585
clip_1.mp4,16,0,4:4:0,2,10,0,1,1.7363344051446945,4.494031364593899,4.692846667752974,1.5115809863683127
clip_1.mp4,17,0,4:4:0,2,10,0,1,1.6405790129942466,4.10971935944189,4.2440665755196605,1.5937377829218107
clip_1.mp4,18,0,4:4:0,2,10,0,1,1.5907549642049448,3.9618791412871524,4.082468381345388,1.6266390174897118
clip_1.mp4,19,0,4:4:0,2,10,0,1,1.5343769701382537,3.779086720709162,3.889176475883955,1.654572080761317
clip_1.mp4,0,1,4:4:0,4,1,0,1,1.0,1.0,1.0,0.37151475694444447
clip_1.mp4,1,1,4:4:0,4,1,0,1,1.0,1.0,1.0,0.37177147633744856
clip_1.mp4,2,1,4:4:0,4,1,0,1,1.0,1.0,1.0,0.36513004758230455
clip_1.mp4,3,1,4:4:0,4,1,0,1,1.0,1.0,1.0,0.361649787808642
clip_1.mp4,4,1,4:4:0,4,1,0,1,1.0,1.0,1.0,0.36110210905349793
clip_1.mp4,5,1,4:4:0,4,1,0,1,1.0,1.0,1.0,0.3604515496399177
clip_1.mp4,6,1,4:4:0,4,1,0,1,1.0,1.0,1.0,0.3606703317901235
clip_1.mp4,7,1,4:4:0,4,1,0,1,1.0,1.0,1.0,0.3603875707304527
clip_1.mp4,8,1,4:4:0,4,1,0,1,1.0,1.0,1.0,0.36173964763374483
clip_1.mp4,9,1,4:4:0,4,1,0,1,1.0,1.0,1.0,0.36389017489711933
clip_1.mp4,10,1,4:4:0,4,1,0,1,1.0,1.0,1.0,0.36308658050411524
clip_1.mp4,11,1,4:4:0,4,1,0,1,1.0,1.0,1.0,0.3630415702160494
clip_1.mp4,12,1,4:4:0,4,1,0,1,1.0,1.0,1.0,0.3636553176440329
clip_1.mp4,13,1,4:4:0,4,1,0,1,1.0,1.0,1.0,0.3642169817386831
clip_1.mp4,14,1,4:4:0,4,1,0,1,1.0,1.0,1.0,0.3684791345164609
clip_1.mp4,15,1,4:4:0,4,1,0,1,1.0,1.0,1.0,0.3691528420781893
clip_1.mp4,16,1,4:4:0,4,1,0,1,1.0,1.0,1.0,0.36954218106995884
clip_1.mp4,17,1,4:4:0,4,1,0,1,1.0,1.0,1.0,0.36929783950617284
clip_1.mp4,18,1,4:4:0,4,1,0,1,1.0,1.0,1.0,0.3691171553497942
clip_1.mp4,19,1,4:4:0,4,1,0,1,1.0,1.0,1.0,0.37034320344650207
clip_1.mp4,0,1,4:4:0,4,2,0,1,1.0,1.0,1.0,0.37151475694444447
clip_1.mp4,1,0,4:4:0,4,2,0,1,20.413065306845702,49.007373794668176,61.327339406128004,1.2101565715020577
clip_1.mp4,2,1,4:4:0,4,2,0,1,1.0,1.0,1.0,0.36513004758230455
clip_1.mp4,3,0,4:4:0,4,2,0,1,4.033738989697781,8.789718200006782,12.372610324828754,7.557873424639918
clip_1.mp4,4,1,4:4:0,4,2,0,1,1.0,1.0,1.0,0.36110210905349793
clip_1.mp4,5,0,4:4:0,4,2,0,1,3.8529000802687516,11.608222490931077,13.33024762786392,6.0371920010288065
clip_1.mp4,6,1,4:4:0,4,2,0,1,1.0,1.0,1.0,0.3606703317901235
clip_1.mp4,7,0,4:4:0,4,2,0,1,3.8999582469747867,9.921910886541111,10.520761456346147,6.803977462705761
clip_1.mp4,8,1,4:4:0,4,2,0,1,1.0,1.0,1.0,0.36173964763374483
clip_1.mp4,9,0,4:4:0,4,2,0,1,3.3295759993063383,7.857640888834996,7.718535503178834,8.214384162808642
clip_1.mp4,10,1,4:4:0,4,2,0,1,1.0,1.0,1.0,0.36308658050411524
clip_1.mp4,11,0,4:4:0,4,2,0,1,44.415884847705954,167.7127143319314,175.7884028484232,0.614795524691358
clip_1.mp4,12,1,4:4:0,4,2,0,1,1.0,1.0,1.0,0.3636553176440329
clip_1.mp4,13,0,4:4:0,4,2,0,1,4.195413694173441,16.337850614560352,12.770045572114793,4.842527166923868
clip_1.mp4,14,1,4:4:0,4,2,0,1,1.0,1.0,1.0,0.3684791345164609
clip_1.mp4,15,0,4:4:0,4,2,0,1,7.58299384905688,26.005819203371125,20.431972252877188,2.7385551697530865
clip_1.mp4,16,1,4:4:0,4,2,0,1,1.0,1.0,1.0,0.36954218106995884
clip_1.mp4,17,0,4:4:0,4,2,0,1,6.627333917145542,20.834338075717387,19.041322314049587,2.9156901041666665
clip_1.mp4,18,1,4:4:0,4,2,0,1,1.0,1.0,1.0,0.3691171553497942
clip_1.mp4,19,0,4:4:0,4,2,0,1,6.863134482484709,16.435229218185277,15.952241745391882,3.1274803883744857
clip_1.mp4,0,1,4:4:0,4,4,0,1,1.0,1.0,1.0,0.37151475694444447
clip_1.mp4,1,0,4:4:0,4,4,0,1,20.413065306845702,49.007373794668176,61.327339406128004,1.2101565715020577
clip_1.mp4,2,0,4:4:0,4,4,0,1,3.1026217273295846,6.154211432302487,8.374256913931248,9.609849537037038
clip_1.mp4,3,0,4:4:0,4,4,0,1,2.7465409954621673,5.912543625538904,7.1225423519228395,10.721879661779836
clip_1.mp4,4,1,4:4:0,4,4,0,1,1.0,1.0,1.0,0.36110210905349793
clip_1.mp4,5,0,4:4:0,4,4,0,1,3.8529000802687516,11.608222490931077,13.33024762786392,6.0371920010288065
clip_1.mp4,6,0,4:4:0,4,4,0,1,3.7728845754959006,11.37815236715612,12.982069518180907,6.23380931712963
clip_1.mp4,7,0,4:4:0,4,4,0,1,3.1634832489168243,7.93327722090443,8.494461558628826,8.664447016460905
clip_1.mp4,8,1,4:4:0,4,4,0,1,1.0,1.0,1.0,0.36173964763374483
clip_1.mp4,9,0,4:4:0,4,4,0,1,3.3295759993063383,7.857640888834996,7.718535503178834,8.214384162808642
clip_1.mp4,10,0,4:4:0,4,4,0,1,3.045810541653692,7.451487710219922,7.15695884472547,8.920546071244855
clip_1.mp4,11,0,4:4:0,4,4,0,1,3.033894287745911,7.417264025410997,7.131164454226563,8.911025430812757
clip_1.mp4,12,1,4:4:0,4,4,0,1,1.0,1.0,1.0,0.3636553176440329
clip_1.mp4,13,0,4:4:0,4,4,0,1,4.195413694173441,16.337850614560352,12.770045572114793,4.842527166923868
clip_1.mp4,14,0,4:4:0,4,4,0,1,3.2665200597349733,10.489892551447824,8.72448206802538,6.66539207175926
clip_1.mp4,15,0,4:4:0,4,4,0,1,2.9426122495317024,9.803142905769558,7.952871870397644,7.543224826388889
clip_1.mp4,16,1,4:4:0,4,4,0,1,1.0,1.0,1.0,0.36954218106995884
clip_1.mp4,17,0,4:4:0,4,4,0,1,6.627333917145542,20.834338075717387,19.041322314049587,2.9156901041666665
clip_1.mp4,18,0,4:4:0,4,4,0,1,4.756203294661657,15.053138974388757,13.092562192195984,4.101844939557613
clip_1.mp4,19,0,4:4:0,4,4,0,1,3.7983309032026438,10.476748650997353,9.493462256894846,5.455354616769547
clip_1.mp4,0,1,4:4:0,4,6,0,1,1.0,1.0,1.0,0.37151475694444447
clip_1.mp4,1,0,4:4:0,4,6,0,1,20.413065306845702,49.007373794668176,61.327339406128004,1.2101565715020577
clip_1.mp4,2,0,4:4:0,4,6,0,1,3.1026217273295846,6.154211432302487,8.374256913931248,9.609849537037038
clip_1.mp4,3,0,4:4:0,4,6,0,1,2.7465409954621673,5.912543625538904,7.1225423519228395,10.721879661779836
clip_1.mp4,4,0,4:4:0,4,6,0,1,2.488981073373088,5.33404673464558,5.982412814180534,11.8402935313786
clip_1.mp4,5,0,4:4:0,4,6,0,1,2.4501312739122936,5.251268752722374,5.949525438123329,12.081996849279836
clip_1.mp4,6,1,4:4:0,4,6,0,1,1.0,1.0,1.0,0.3606703317901235
clip_1.mp4,7,0,4:4:0,4,6,0,1,3.8999582469747867,9.921910886541111,10.520761456346147,6.803977462705761
clip_1.mp4,8,0,4:4:0,4,6,0,1,3.576467341623691,7.2135253600500935,6.937158762445135,9.511173321759259
clip_1.mp4,9,0,4:4:0,4,6,0,1,2.9370938408280973,6.253769874779839,5.789914558552521,10.844867380401235
clip_1.mp4,10,0,4:4:0,4,6,0,1,2.828999426996644,6.254222565389441,5.748120550861553,11.036598668981481
clip_1.mp4,11,0,4:4:0,4,6,0,1,2.817291780453408,6.259206491028953,5.7414996123601725,11.041873231738682
clip_1.mp4,12,1,4:4:0,4,6,0,1,1.0,1.0,1.0,0.3636553176440329
clip_1.mp4,13,0,4:4:0,4,6,0,1,4.195413694173441,16.337850614560352,12.770045572114793,4.842527166923868
clip_1.mp4,14,0,4:4:0,4,6,0,1,3.2665200597349733,10.489892551447824,8.72448206802538,6.66539207175926
clip_1.mp4,15,0,4:4:0,4,6,0,1,2.9426122495317024,9.803142905769558,7.952871870397644,7.543224826388889
clip_1.mp4,16,0,4:4:0,4,6,0,1,2.8738212842388866,9.665510683521648,7.883091802131963,7.637777295524692
clip_1.mp4,17,0,4:4:0,4,6,0,1,2.7274377395517932,9.127564046130821,7.365310297794953,8.259667727623457
clip_1.mp4,18,1,4:4:0,4,6,0,1,1.0,1.0,1.0,0.3691171553497942
clip_1.mp4,19,0,4:4:0,4,6,0,1,6.863134482484709,16.435229218185277,15.952241745391882,3.1274803883744857
clip_1.mp4,0,1,4:4:0,4,8,0,1,1.0,1.0,1.0,0.37151475694444447
clip_1.mp4,1,0,4:4:0,4,8,0,1,20.413065306845702,49.007373794668176,61.327339406128004,1.2101565715020577
clip_1.mp4,2,0,4:4:0,4,8,0,1,3.1026217273295846,6.154211432302487,8.374256913931248,9.609849537037038
clip_1.mp4,3,0,4:4:0,4,8,0,1,2.7465409954621673,5.912543625538904,7.1225423519228395,10.721879661779836
clip_1.mp4,4,0,4:4:0,4,8,0,1,2.488981073373088,5.33404673464558,5.982412814180534,11.8402935313786
clip_1.mp4,5,0,4:4:0,4,8,0,1,2.4501312739122936,5.251268752722374,5.949525438123329,12.081996849279836
clip_1.mp4,6,0,4:4:0,4,8,0,1,2.4504729356041803,5.247016670209213,5.935832550896558,12.08214972350823
clip_1.mp4,7,0,4:4:0,4,8,0,1,2.3611503320367655,5.046434203609603,5.657165306211533,12.230888149434156
clip_1.mp4,8,1,4:4:0,4,8,0,1,1.0,1.0,1.0,0.36173964763374483
clip_1.mp4,9,0,4:4:0,4,8,0,1,3.3295759993063383,7.857640888834996,7.718535503178834,8.214384162808642
clip_1.mp4,10,0,4:4:0,4,8,0,1,3.045810541653692,7.451487710219922,7.15695884472547,8.920546071244855
clip_1.mp4,11,0,4:4:0,4,8,0,1,3.033894287745911,7.417264025410997,7.131164454226563,8.911025430812757
clip_1.mp4,12,0,4:4:0,4,8,0,1,2.9285901922734707,7.014505304178393,6.6983667562538765,9.496482285236626
clip_1.mp4,13,0,4:4:0,4,8,0,1,2.6873261778435555,7.190313050473668,6.255354578692699,9.916245338220165
clip_1.mp4,14,0,4:4:0,4,8,0,1,2.5666797047130063,6.569426315722776,5.752202569849759,10.518461773405349
clip_1.mp4,15,0,4:4:0,4,8,0,1,2.5042631408599707,6.599030003691587,5.665573770491803,10.683118891460905
clip_1.mp4,16,1,4:4:0,4,8,0,1,1.0,1.0,1.0,0.36954218106995884
clip_1.mp4,17,0,4:4:0,4,8,0,1,6.627333917145542,20.834338075717387,19.041322314049587,2.9156901041666665
clip_1.mp4,18,0,4:4:0,4,8,0,1,4.756203294661657,15.053138974388757,13.092562192195984,4.101844939557613
clip_1.mp4,19,0,4:4:0,4,8,0,1,3.7983309032026438,10.476748650997353,9.493462256894846,5.455354616769547
clip_1.mp4,0,1,4:4:0,4,10,0,1,1.0,1.0,1.0,0.37151475694444447
clip_1.mp4,1,0,4:4:0,4,10,0,1,20.413065306845702,49.007373794668176,61.327339406128004,1.2101565715020577
clip_1.mp4,2,0,4:4:0,4,10,0,1,3.1026217273295846,6.154211432302487,8.374256913931248,9.609849537037038
clip_1.mp4,3,0,4:4:0,4,10,0,1,2.7465409954621673,5.912543625538904,7.1225423519228395,10.721879661779836
clip_1.mp4,4,0,4:4:0,4,10,0,1,2.488981073373088,5.33404673464558,5.982412814180534,11.8402935313786
clip_1.mp4,5,0,4:4:0,4,10,0,1,2.4501312739122936,5.251268752722374,5.949525438123329,12.081996849279836
clip_1.mp4,6,0,4:4:0,4,10,0,1,2.4504729356041803,5.247016670209213,5.935832550896558,12.08214972350823
clip_1.mp4,7,0,4:4:0,4,10,0,1,2.3611503320367655,5.046434203609603,5.657165306211533,12.230888149434156
clip_1.mp4,8,0,4:4:0,4,10,0,1,2.287423802180201,4.9453379886669335,5.509794126712511,12.358515303497942
clip_1.mp4,9,0,4:4:0,4,10,0,1,2.244923588586573,4.835279632876917,5.242718446601942,12.534575778034979
clip_1.mp4,10,1,4:4:0,4,10,0,1,1.0,1.0,1.0,0.36308658050411524
clip_1.mp4,11,0,4:4:0,4,10,0,1,44.415884847705954,167.7127143319314,175.7884028484232,0.614795524691358
clip_1.mp4,12,0,4:4:0,4,10,0,1,9.207406420674037,27.636208551018232,26.34681845903639,2.290882683899177
clip_1.mp4,13,0,4:4:0,4,10,0,1,3.766757493188011,13.866524006954661,10.753178867016532,5.555221514917696
clip_1.mp4,14,0,4:4:0,4,10,0,1,3.137539718565592,9.783162543169338,8.060453400503778,7.1342173032407405
clip_1.mp4,15,0,4:4:0,4,10,0,1,2.8804080578081894,9.339867396944364,7.508908137547437,7.896746077674897
clip_1.mp4,16,0,4:4:0,4,10,0,1,2.8213550014558497,9.217147022740608,7.450630946563569,7.987394065072016
clip_1.mp4,17,0,4:4:0,4,10,0,1,2.698496150582748,8.844907012455213,7.047787369995242,8.542431037808642
clip_1.mp4,18,0,4:4:0,4,10,0,1,2.627244484763097,8.33869514862952,6.778597206966891,8.885994245113169
clip_1.mp4,19,0,4:4:0,4,10,0,1,2.5366502906578456,7.583936800526662,6.32387923147301,9.298636188271605
clip_1.mp4,0,1,4:4:0,8,1,0,1,1.0,1.0,1.0,0.37151475694444447
clip_1.mp4,1,1,4:4:0,8,1,0,1,1.0,1.0,1.0,0.37177147633744856
clip_1.mp4,2,1,4:4:0,8,1,0,1,1.0,1.0,1.0,0.36513004758230455
clip_1.mp4,3,1,4:4:0,8,1,0,1,1.0,1.0,1.0,0.361649787808642
clip_1.mp4,4,1,4:4:0,8,1,0,1,1.0,1.0,1.0,0.36110210905349793
clip_1.mp4,5,1,4:4:0,8,1,0,1,1.0,1.0,1.0,0.3604515496399177
clip_1.mp4,6,1,4:4:0,8,1,0,1,1.0,1.0,1.0,0.3606703317901235
clip_1.mp4,7,1,4:4:0,8,1,0,1,1.0,1.0,1.0,0.3603875707304527
clip_1.mp4,8,1,4:4:0,8,1,0,1,1.0,1.0,1.0,0.36173964763374483
clip_1.mp4,9,1,4:4:0,8,1,0,1,1.0,1.0,1.0,0.36389017489711933
clip_1.mp4,10,1,4:4:0,8,1,0,1,1.0,1.0,1.0,0.36308658050411524
clip_1.mp4,11,1,4:4:0,8,1,0,1,1.0,1.0,1.0,0.3630415702160494
clip_1.mp4,12,1,4:4:0,8,1,0,1,1.0,1.0,1.0,0.3636553176440329
clip_1.mp4,13,1,4:4:0,8,1,0,1,1.0,1.0,1.0,0.3642169817386831
clip_1.mp4,14,1,4:4:0,8,1,0,1,1.0,1.0,1.0,0.3684791345164609
clip_1.mp4,15,1,4:4:0,8,1,0,1,1.0,1.0,1.0,0.3691528420781893
clip_1.mp4,16,1,4:4:0,8,1,0,1,1.0,1.0,1.0,0.36954218106995884
clip_1.mp4,17,1,4:4:0,8,1,0,1,1.0,1.0,1.0,0.36929783950617284
clip_1.mp4,18,1,4:4:0,8,1,0,1,1.0,1.0,1.0,0.3691171553497942
clip_1.mp4,19,1,4:4:0,8,1,0,1,1.0,1.0,1.0,0.37034320344650207
clip_1.mp4,0,1,4:4:0,8,2,0,1,1.0,1.0,1.0,0.37151475694444447
clip_1.mp4,1,0,4:4:0,8,2,0,1,20.520534388916378,49.13278362240546,61.5603847524047,4.1273799189814815
clip_1.mp4,2,1,4:4:0,8,2,0,1,1.0,1.0,1.0,0.36513004758230455
clip_1.mp4,3,0,4:4:0,8,2,0,1,5.235358870519799,9.088677723622848,12.89584318017861,34.650636895576135
clip_1.mp4,4,1,4:4:0,8,2,0,1,1.0,1.0,1.0,0.36110210905349793
clip_1.mp4,5,0,4:4:0,8,2,0,1,4.250939938253129,11.903285802851828,13.570325384152248,26.197482799639918
clip_1.mp4,6,1,4:4:0,8,2,0,1,1.0,1.0,1.0,0.3606703317901235
clip_1.mp4,7,0,4:4:0,8,2,0,1,4.200734156085149,10.089528999610744,10.592778765401826,35.538920717592596
clip_1.mp4,8,1,4:4:0,8,2,0,1,1.0,1.0,1.0,0.36173964763374483
clip_1.mp4,9,0,4:4:0,8,2,0,1,3.6322106457964027,7.967662112106727,7.790217146291983,45.36595711162551
clip_1.mp4,10,1,4:4:0,8,2,0,1,1.0,1.0,1.0,0.36308658050411524
clip_1.mp4,11,0,4:4:0,8,2,0,1,44.87340402510279,167.7127143319314,175.7884028484232,1.5027854938271605
clip_1.mp4,12,1,4:4:0,8,2,0,1,1.0,1.0,1.0,0.3636553176440329
clip_1.mp4,13,0,4:4:0,8,2,0,1,4.533370645025885,17.010664479081214,12.92993789439553,19.2455480002572
clip_1.mp4,14,1,4:4:0,8,2,0,1,1.0,1.0,1.0,0.3684791345164609
clip_1.mp4,15,0,4:4:0,8,2,0,1,7.858176884772509,26.278704313884525,20.50065250919445,11.037794817386832
clip_1.mp4,16,1,4:4:0,8,2,0,1,1.0,1.0,1.0,0.36954218106995884
clip_1.mp4,17,0,4:4:0,8,2,0,1,6.815985484475357,21.0159322171322,19.11152073732719,12.116945248199588
clip_1.mp4,18,1,4:4:0,8,2,0,1,1.0,1.0,1.0,0.3691171553497942
clip_1.mp4,19,0,4:4:0,8,2,0,1,6.979891073844931,16.487500795114816,15.972885533816052,15.13908130787037
clip_1.mp4,0,1,4:4:0,8,4,0,1,1.0,1.0,1.0,0.37151475694444447
clip_1.mp4,1,0,4:4:0,8,4,0,1,20.520534388916378,49.13278362240546,61.5603847524047,4.1273799189814815
clip_1.mp4,2,0,4:4:0,8,4,0,1,4.816724738675958,6.66512381393196,9.488770523310087,44.57496720679012
clip_1.mp4,3,0,4:4:0,8,4,0,1,5.202964806720496,7.299146743262651,9.451575262543757,48.096974022633745
clip_1.mp4,4,1,4:4:0,8,4,0,1,1.0,1.0,1.0,0.36110210905349793
clip_1.mp4,5,0,4:4:0,8,4,0,1,4.250939938253129,11.903285802851828,13.570325384152248,26.197482799639918
clip_1.mp4,6,0,4:4:0,8,4,0,1,4.175543589888161,11.662279813727475,13.208652890666803,27.307491158693416
clip_1.mp4,7,0,4:4:0,8,4,0,1,4.215593793709137,8.641296194429165,9.048699598533776,42.80777391975309
clip_1.mp4,8,1,4:4:0,8,4,0,1,1.0,1.0,1.0,0.36173964763374483
clip_1.mp4,9,0,4:4:0,8,4,0,1,3.6322106457964027,7.967662112106727,7.790217146291983,45.36595711162551
clip_1.mp4,10,0,4:4:0,8,4,0,1,3.4171245134519617,7.6050759187266195,7.25511874938771,49.03093621399177
clip_1.mp4,11,0,4:4:0,8,4,0,1,3.4139739803024765,7.5872667398463225,7.238100557099175,48.90381172839506
clip_1.mp4,12,1,4:4:0,8,4,0,1,1.0,1.0,1.0,0.3636553176440329
clip_1.mp4,13,0,4:4:0,8,4,0,1,4.533370645025885,17.010664479081214,12.92993789439553,19.2455480002572
clip_1.mp4,14,0,4:4:0,8,4,0,1,3.7548347843722385,11.209375743291456,8.955688002073076,29.698636349022635
clip_1.mp4,15,0,4:4:0,8,4,0,1,3.5105183499751136,10.824128787087883,8.229224541630288,32.74839779449589
clip_1.mp4,16,1,4:4:0,8,4,0,1,1.0,1.0,1.0,0.36954218106995884
clip_1.mp4,17,0,4:4:0,8,4,0,1,6.815985484475357,21.0159322171322,19.11152073732719,12.116945248199588
clip_1.mp4,18,0,4:4:0,8,4,0,1,5.024886954583125,15.287976643369017,13.189832837188002,18.115940875771606
clip_1.mp4,19,0,4:4:0,8,4,0,1,4.172031934071594,10.730475461075118,9.633001951128868,25.86247958461934
clip_1.mp4,0,1,4:4:0,8,6,0,1,1.0,1.0,1.0,0.37151475694444447
clip_1.mp4,1,0,4:4:0,8,6,0,1,20.520534388916378,49.13278362240546,61.5603847524047,4.1273799189814815
clip_1.mp4,2,0,4:4:0,8,6,0,1,4.816724738675958,6.66512381393196,9.488770523310087,44.57496720679012
clip_1.mp4,3,0,4:4:0,8,6,0,1,5.202964806720496,7.299146743262651,9.451575262543757,48.096974022633745
clip_1.mp4,4,0,4:4:0,8,6,0,1,4.9518805970149256,7.123423200593619,7.8233705084285345,55.80001141332305
clip_1.mp4,5,0,4:4:0,8,6,0,1,5.014727861050249,7.393462262536368,8.360481243750606,54.09166956018519
clip_1.mp4,6,1,4:4:0,8,6,0,1,1.0,1.0,1.0,0.3606703317901235
clip_1.mp4,7,0,4:4:0,8,6,0,1,4.200734156085149,10.089528999610744,10.592778765401826,35.538920717592596
clip_1.mp4,8,0,4:4:0,8,6,0,1,4.416575790621592,7.50684217385638,7.069797888879797,51.15434558256173
clip_1.mp4,9,0,4:4:0,8,6,0,1,5.329495219492135,6.795480166740949,6.0291688958154035,59.26001269933128
clip_1.mp4,10,0,4:4:0,8,6,0,1,5.331989364820596,6.8760611205432935,6.0172717986814,59.926841563786006
clip_1.mp4,11,0,4:4:0,8,6,0,1,5.325006163201578,6.8894027589506415,6.015805414689056,59.82454009130659
clip_1.mp4,12,1,4:4:0,8,6,0,1,1.0,1.0,1.0,0.3636553176440329
clip_1.mp4,13,0,4:4:0,8,6,0,1,4.533370645025885,17.010664479081214,12.92993789439553,19.2455480002572
clip_1.mp4,14,0,4:4:0,8,6,0,1,3.7548347843722385,11.209375743291456,8.955688002073076,29.698636349022635
clip_1.mp4,15,0,4:4:0,8,6,0,1,3.5105183499751136,10.824128787087883,8.229224541630288,32.74839779449589
clip_1.mp4,16,0,4:4:0,8,6,0,1,3.421962875927442,10.67655236329935,8.155431448123968,33.4407126093107
clip_1.mp4,17,0,4:4:0,8,6,0,1,3.3294049266715264,10.417378373490344,7.730967116546119,35.57515190972222
clip_1.mp4,18,1,4:4:0,8,6,0,1,1.0,1.0,1.0,0.3691171553497942
clip_1.mp4,19,0,4:4:0,8,6,0,1,6.979891073844931,16.487500795114816,15.972885533816052,15.13908130787037
clip_1.mp4,0,1,4:4:0,8,8,0,1,1.0,1.0,1.0,0.37151475694444447
clip_1.mp4,1,0,4:4:0,8,8,0,1,20.520534388916378,49.13278362240546,61.5603847524047,4.1273799189814815
clip_1.mp4,2,0,4:4:0,8,8,0,1,4.816724738675958,6.66512381393196,9.488770523310087,44.57496720679012
clip_1.mp4,3,0,4:4:0,8,8,0,1,5.202964806720496,7.299146743262651,9.451575262543757,48.096974022633745
clip_1.mp4,4,0,4:4:0,8,8,0,1,4.9518805970149256,7.123423200593619,7.8233705084285345,55.80001141332305
clip_1.mp4,5,0,4:4:0,8,8,0,1,5.014727861050249,7.393462262536368,8.360481243750606,54.09166956018519
clip_1.mp4,6,0,4:4:0,8,8,0,1,5.0456483229837845,7.40095652794632,8.333601260328585,54.08528677983539
clip_1.mp4,7,0,4:4:0,8,8,0,1,4.7753714638392735,7.429382174642074,8.046191097038555,54.74493778935185
clip_1.mp4,8,1,4:4:0,8,8,0,1,1.0,1.0,1.0,0.36173964763374483
clip_1.mp4,9,0,4:4:0,8,8,0,1,3.6322106457964027,7.967662112106727,7.790217146291983,45.36595711162551
clip_1.mp4,10,0,4:4:0,8,8,0,1,3.4171245134519617,7.6050759187266195,7.25511874938771,49.03093621399177
clip_1.mp4,11,0,4:4:0,8,8,0,1,3.4139739803024765,7.5872667398463225,7.238100557099175,48.90381172839506
clip_1.mp4,12,0,4:4:0,8,8,0,1,3.3744727386345885,7.20530390426286,6.824285187720499,52.92022392618313
clip_1.mp4,13,0,4:4:0,8,8,0,1,3.3520853540252182,7.701106736982842,6.470456077286003,51.09821952160494
clip_1.mp4,14,0,4:4:0,8,8,0,1,3.4870815199478016,7.2337575351640995,6.008693132425384,55.20405928497942
clip_1.mp4,15,0,4:4:0,8,8,0,1,3.5358633672550677,7.553658074574888,5.961978585640188,54.56225710519547
clip_1.mp4,16,1,4:4:0,8,8,0,1,1.0,1.0,1.0,0.36954218106995884
clip_1.mp4,17,0,4:4:0,8,8,0,1,6.815985484475357,21.0159322171322,19.11152073732719,12.116945248199588
clip_1.mp4,18,0,4:4:0,8,8,0,1,5.024886954583125,15.287976643369017,13.189832837188002,18.115940875771606
clip_1.mp4,19,0,4:4:0,8,8,0,1,4.172031934071594,10.730475461075118,9.633001951128868,25.86247958461934
clip_1.mp4,0,1,4:4:0,8,10,0,1,1.0,1.0,1.0,0.37151475694444447
clip_1.mp4,1,0,4:4:0,8,10,0,1,20.520534388916378,49.13278362240546,61.5603847524047,4.1273799189814815
clip_1.mp4,2,0,4:4:0,8,10,0,1,4.816724738675958,6.66512381393196,9.488770523310087,44.57496720679012
clip_1.mp4,3,0,4:4:0,8,10,0,1,5.202964806720496,7.299146743262651,9.451575262543757,48.096974022633745
clip_1.mp4,4,0,4:4:0,8,10,0,1,4.9518805970149256,7.123423200593619,7.8233705084285345,55.80001141332305
clip_1.mp4,5,0,4:4:0,8,10,0,1,5.014727861050249,7.393462262536368,8.360481243750606,54.09166956018519
clip_1.mp4,6,0,4:4:0,8,10,0,1,5.0456483229837845,7.40095652794632,8.333601260328585,54.08528677983539
clip_1.mp4,7,0,4:4:0,8,10,0,1,4.7753714638392735,7.429382174642074,8.046191097038555,54.74493778935185
clip_1.mp4,8,0,4:4:0,8,10,0,1,4.429027903559285,7.549477915155752,7.883931015603613,55.96825183256173
clip_1.mp4,9,0,4:4:0,8,10,0,1,4.191292396005983,7.799007070859034,7.484731667172001,59.33576099537037
clip_1.mp4,10,1,4:4:0,8,10,0,1,1.0,1.0,1.0,0.36308658050411524
clip_1.mp4,11,0,4:4:0,8,10,0,1,44.87340402510279,167.7127143319314,175.7884028484232,1.5027854938271605
clip_1.mp4,12,0,4:4:0,8,10,0,1,9.544149053685839,27.811158798283262,26.397800183318058,10.8950379372428
clip_1.mp4,13,0,4:4:0,8,10,0,1,4.121973522045084,14.386812088918491,10.878415243211483,23.890125064300413
clip_1.mp4,14,0,4:4:0,8,10,0,1,3.670452292616613,10.432052804217898,8.263198163733742,33.142266268004114
clip_1.mp4,15,0,4:4:0,8,10,0,1,3.5064816474511384,10.284285912670859,7.753514807059528,35.52013551311728
clip_1.mp4,16,0,4:4:0,8,10,0,1,3.4292291510937942,10.154551331021919,7.694819652664391,36.18708381558642
clip_1.mp4,17,0,4:4:0,8,10,0,1,3.3577521714629928,10.044759634947393,7.3783091374893255,37.90465342078189
clip_1.mp4,18,0,4:4:0,8,10,0,1,3.3642676357972614,9.687727756909794,7.143053986276077,39.66431423611111
clip_1.mp4,19,0,4:4:0,8,10,0,1,3.3411211188630907,8.850494255032181,6.7019172344248945,42.720334844393
clip_1.mp4,0,1,4:4:0,16,1,0,1,1.0,1.0,1.0,0.37151475694444447
clip_1.mp4,1,1,4:4:0,16,1,0,1,1.0,1.0,1.0,0.37177147633744856
clip_1.mp4,2,1,4:4:0,16,1,0,1,1.0,1.0,1.0,0.36513004758230455
clip_1.mp4,3,1,4:4:0,16,1,0,1,1.0,1.0,1.0,0.361649787808642
clip_1.mp4,4,1,4:4:0,16,1,0,1,1.0,1.0,1.0,0.36110210905349793
clip_1.mp4,5,1,4:4:0,16,1,0,1,1.0,1.0,1.0,0.3604515496399177
clip_1.mp4,6,1,4:4:0,16,1,0,1,1.0,1.0,1.0,0.3606703317901235
clip_1.mp4,7,1,4:4:0,16,1,0,1,1.0,1.0,1.0,0.3603875707304527
clip_1.mp4,8,1,4:4:0,16,1,0,1,1.0,1.0,1.0,0.36173964763374483
clip_1.mp4,9,1,4:4:0,16,1,0,1,1.0,1.0,1.0,0.36389017489711933
clip_1.mp4,10,1,4:4:0,16,1,0,1,1.0,1.0,1.0,0.36308658050411524
clip_1.mp4,11,1,4:4:0,16,1,0,1,1.0,1.0,1.0,0.3630415702160494
clip_1.mp4,12,1,4:4:0,16,1,0,1,1.0,1.0,1.0,0.3636553176440329
clip_1.mp4,13,1,4:4:0,16,1,0,1,1.0,1.0,1.0,0.3642169817386831
clip_1.mp4,14,1,4:4:0,16,1,0,1,1.0,1.0,1.0,0.3684791345164609
clip_1.mp4,15,1,4:4:0,16,1,0,1,1.0,1.0,1.0,0.3691528420781893
clip_1.mp4,16,1,4:4:0,16,1,0,1,1.0,1.0,1.0,0.36954218106995884
clip_1.mp4,17,1,4:4:0,16,1,0,1,1.0,1.0,1.0,0.36929783950617284
clip_1.mp4,18,1,4:4:0,16,1,0,1,1.0,1.0,1.0,0.3691171553497942
clip_1.mp4,19,1,4:4:0,16,1,0,1,1.0,1.0,1.0,0.37034320344650207
clip_1.mp4,0,1,4:4:0,16,2,0,1,1.0,1.0,1.0,0.37151475694444447
clip_1.mp4,1,0,4:4:0,16,2,0,1,20.521346713378065,49.13278362240546,61.5603847524047,16.603909947273664
clip_1.mp4,2,1,4:4:0,16,2,0,1,1.0,1.0,1.0,0.36513004758230455
clip_1.mp4,3,0,4:4:0,16,2,0,1,5.41209264450256,9.092663076842124,12.907080968031073,155.89454137731482
clip_1.mp4,4,1,4:4:0,16,2,0,1,1.0,1.0,1.0,0.36110210905349793
clip_1.mp4,5,0,4:4:0,16,2,0,1,4.274952686070532,11.903832464580129,13.570325384152248,114.18061487268518
clip_1.mp4,6,1,4:4:0,16,2,0,1,1.0,1.0,1.0,0.3606703317901235
clip_1.mp4,7,0,4:4:0,16,2,0,1,4.229540698314793,10.09070736170047,10.594943693923849,164.88754292052468
clip_1.mp4,8,1,4:4:0,16,2,0,1,1.0,1.0,1.0,0.36173964763374483
clip_1.mp4,9,0,4:4:0,16,2,0,1,3.6439936314463153,7.967907041084521,7.79068544205828,216.1250975758745
clip_1.mp4,10,1,4:4:0,16,2,0,1,1.0,1.0,1.0,0.36308658050411524
clip_1.mp4,11,0,4:4:0,16,2,0,1,44.931744312026005,167.7127143319314,175.7884028484232,5.295121849279836
clip_1.mp4,12,1,4:4:0,16,2,0,1,1.0,1.0,1.0,0.3636553176440329
clip_1.mp4,13,0,4:4:0,16,2,0,1,4.553619662079961,17.010664479081214,12.92993789439553,81.94288757073045
clip_1.mp4,14,1,4:4:0,16,2,0,1,1.0,1.0,1.0,0.3684791345164609
clip_1.mp4,15,0,4:4:0,16,2,0,1,7.870106802085942,26.278704313884525,20.50065250919445,46.8165022183642
clip_1.mp4,16,1,4:4:0,16,2,0,1,1.0,1.0,1.0,0.36954218106995884
clip_1.mp4,17,0,4:4:0,16,2,0,1,6.830174509377656,21.0159322171322,19.11152073732719,52.05680105452675
clip_1.mp4,18,1,4:4:0,16,2,0,1,1.0,1.0,1.0,0.3691171553497942
clip_1.mp4,19,0,4:4:0,16,2,0,1,6.982147306607046,16.487500795114816,15.972885533816052,67.80267698688272
clip_1.mp4,0,1,4:4:0,16,4,0,1,1.0,1.0,1.0,0.37151475694444447
clip_1.mp4,1,0,4:4:0,16,4,0,1,20.521346713378065,49.13278362240546,61.5603847524047,16.603909947273664
clip_1.mp4,2,0,4:4:0,16,4,0,1,5.216262584082551,6.683426803326243,9.54291920549307,203.24485452031894
clip_1.mp4,3,0,4:4:0,16,4,0,1,6.855873250985267,7.416415113234811,9.695518814992145,218.7418844843107
clip_1.mp4,4,1,4:4:0,16,4,0,1,1.0,1.0,1.0,0.36110210905349793
clip_1.mp4,5,0,4:4:0,16,4,0,1,4.274952686070532,11.903832464580129,13.570325384152248,114.18061487268518
clip_1.mp4,6,0,4:4:0,16,4,0,1,4.19945805604948,11.66280456253234,13.208652890666803,119.38137297453704
clip_1.mp4,7,0,4:4:0,16,4,0,1,4.331351751047537,8.646484863647736,9.054863670503572,199.94809622556585
clip_1.mp4,8,1,4:4:0,16,4,0,1,1.0,1.0,1.0,0.36173964763374483
clip_1.mp4,9,0,4:4:0,16,4,0,1,3.6439936314463153,7.967907041084521,7.79068544205828,216.1250975758745
clip_1.mp4,10,0,4:4:0,16,4,0,1,3.442196790868617,7.605745389457005,7.2561342608793025,234.00609310699588
clip_1.mp4,11,0,4:4:0,16,4,0,1,3.4415797807187882,7.587933078645765,7.239111309714988,233.4012829539609
clip_1.mp4,12,1,4:4:0,16,4,0,1,1.0,1.0,1.0,0.3636553176440329
clip_1.mp4,13,0,4:4:0,16,4,0,1,4.553619662079961,17.010664479081214,12.92993789439553,81.94288757073045
clip_1.mp4,14,0,4:4:0,16,4,0,1,3.8109100532601143,11.212285065426626,8.955997443118013,131.98021170910494
clip_1.mp4,15,0,4:4:0,16,4,0,1,3.57647967877914,10.827746099379661,8.229747106729533,144.53386397247942
clip_1.mp4,16,1,4:4:0,16,4,0,1,1.0,1.0,1.0,0.36954218106995884
clip_1.mp4,17,0,4:4:0,16,4,0,1,6.830174509377656,21.0159322171322,19.11152073732719,52.05680105452675
clip_1.mp4,18,0,4:4:0,16,4,0,1,5.049653956487647,15.296999026232701,13.19117534797323,79.30421730324075
clip_1.mp4,19,0,4:4:0,16,4,0,1,4.207126307118597,10.73580880982459,9.63371801304566,116.47481111754115
clip_1.mp4,0,1,4:4:0,16,6,0,1,1.0,1.0,1.0,0.37151475694444447
clip_1.mp4,1,0,4:4:0,16,6,0,1,20.521346713378065,49.13278362240546,61.5603847524047,16.603909947273664
clip_1.mp4,2,0,4:4:0,16,6,0,1,5.216262584082551,6.683426803326243,9.54291920549307,203.24485452031894
clip_1.mp4,3,0,4:4:0,16,6,0,1,6.855873250985267,7.416415113234811,9.695518814992145,218.7418844843107
clip_1.mp4,4,0,4:4:0,16,6,0,1,7.658160062045278,7.411749567504969,8.153635634407587,260.6524176954733
clip_1.mp4,5,0,4:4:0,16,6,0,1,8.70536276543044,7.742282360320803,8.804796440036007,247.20549189814815
clip_1.mp4,6,1,4:4:0,16,6,0,1,1.0,1.0,1.0,0.3606703317901235
clip_1.mp4,7,0,4:4:0,16,6,0,1,4.229540698314793,10.09070736170047,10.594943693923849,164.88754292052468
clip_1.mp4,8,0,4:4:0,16,6,0,1,4.492434615317954,7.510213542723032,7.071533802586348,243.83254372427984
clip_1.mp4,9,0,4:4:0,16,6,0,1,5.6367432150313155,6.799758650541724,6.03323867603929,303.49238184799384
clip_1.mp4,10,0,4:4:0,16,6,0,1,5.701245497786698,6.882451342237328,6.021605296782437,308.11008101851854
clip_1.mp4,11,0,4:4:0,16,6,0,1,5.6989578294709995,6.895634361116284,6.02048637725594,307.5330753279321
clip_1.mp4,12,1,4:4:0,16,6,0,1,1.0,1.0,1.0,0.3636553176440329
clip_1.mp4,13,0,4:4:0,16,6,0,1,4.553619662079961,17.010664479081214,12.92993789439553,81.94288757073045
clip_1.mp4,14,0,4:4:0,16,6,0,1,3.8109100532601143,11.212285065426626,8.955997443118013,131.98021170910494
clip_1.mp4,15,0,4:4:0,16,6,0,1,3.57647967877914,10.827746099379661,8.229747106729533,144.53386397247942
clip_1.mp4,16,0,4:4:0,16,6,0,1,3.4854637872145875,10.681392042527765,8.155944683060367,147.92628841949588
clip_1.mp4,17,0,4:4:0,16,6,0,1,3.4088331125000413,10.422404953859145,7.732120217764188,156.7636312049897
clip_1.mp4,18,1,4:4:0,16,6,0,1,1.0,1.0,1.0,0.3691171553497942
clip_1.mp4,19,0,4:4:0,16,6,0,1,6.982147306607046,16.487500795114816,15.972885533816052,67.80267698688272
clip_1.mp4,0,1,4:4:0,16,8,0,1,1.0,1.0,1.0,0.37151475694444447
clip_1.mp4,1,0,4:4:0,16,8,0,1,20.521346713378065,49.13278362240546,61.5603847524047,16.603909947273664
clip_1.mp4,2,0,4:4:0,16,8,0,1,5.216262584082551,6.683426803326243,9.54291920549307,203.24485452031894
clip_1.mp4,3,0,4:4:0,16,8,0,1,6.855873250985267,7.416415113234811,9.695518814992145,218.7418844843107
clip_1.mp4,4,0,4:4:0,16,8,0,1,7.658160062045278,7.411749567504969,8.153635634407587,260.6524176954733
clip_1.mp4,5,0,4:4:0,16,8,0,1,8.70536276543044,7.742282360320803,8.804796440036007,247.20549189814815
clip_1.mp4,6,0,4:4:0,16,8,0,1,8.839025388327167,7.754326656993703,8.776622760979244,247.4454202031893
clip_1.mp4,7,0,4:4:0,16,8,0,1,9.41099583367372,7.875187992768924,8.522110800591813,252.9158397633745
clip_1.mp4,8,1,4:4:0,16,8,0,1,1.0,1.0,1.0,0.36173964763374483
clip_1.mp4,9,0,4:4:0,16,8,0,1,3.6439936314463153,7.967907041084521,7.79068544205828,216.1250975758745
clip_1.mp4,10,0,4:4:0,16,8,0,1,3.442196790868617,7.605745389457005,7.2561342608793025,234.00609310699588
clip_1.mp4,11,0,4:4:0,16,8,0,1,3.4415797807187882,7.587933078645765,7.239111309714988,233.4012829539609
clip_1.mp4,12,0,4:4:0,16,8,0,1,3.41923186006477,7.206505873357893,6.825183663796508,254.08839779449588
clip_1.mp4,13,0,4:4:0,16,8,0,1,3.430091376469732,7.7040823908811245,6.471748520636189,242.60444894547325
clip_1.mp4,14,0,4:4:0,16,8,0,1,3.6283464566929133,7.238706974795783,6.011968270167463,266.2622165959362
clip_1.mp4,15,0,4:4:0,16,8,0,1,3.7125628428606214,7.559165342160137,5.966164115548395,262.1905306391461
clip_1.mp4,16,1,4:4:0,16,8,0,1,1.0,1.0,1.0,0.36954218106995884
clip_1.mp4,17,0,4:4:0,16,8,0,1,6.830174509377656,21.0159322171322,19.11152073732719,52.05680105452675
clip_1.mp4,18,0,4:4:0,16,8,0,1,5.049653956487647,15.296999026232701,13.19117534797323,79.30421730324075
clip_1.mp4,19,0,4:4:0,16,8,0,1,4.207126307118597,10.73580880982459,9.63371801304566,116.47481111754115
clip_1.mp4,0,1,4:4:0,16,10,0,1,1.0,1.0,1.0,0.37151475694444447
clip_1.mp4,1,0,4:4:0,16,10,0,1,20.521346713378065,49.13278362240546,61.5603847524047,16.603909947273664
clip_1.mp4,2,0,4:4:0,16,10,0,1,5.216262584082551,6.683426803326243,9.54291920549307,203.24485452031894
clip_1.mp4,3,0,4:4:0,16,10,0,1,6.855873250985267,7.416415113234811,9.695518814992145,218.7418844843107
clip_1.mp4,4,0,4:4:0,16,10,0,1,7.658160062045278,7.411749567504969,8.153635634407587,260.6524176954733
clip_1.mp4,5,0,4:4:0,16,10,0,1,8.70536276543044,7.742282360320803,8.804796440036007,247.20549189814815
clip_1.mp4,6,0,4:4:0,16,10,0,1,8.839025388327167,7.754326656993703,8.776622760979244,247.4454202031893
clip_1.mp4,7,0,4:4:0,16,10,0,1,9.41099583367372,7.875187992768924,8.522110800591813,252.9158397633745
clip_1.mp4,8,0,4:4:0,16,10,0,1,9.762803792879406,8.142877338485462,8.382517018902705,252.56806214634773
clip_1.mp4,9,0,4:4:0,16,10,0,1,10.19739753916969,8.531507660912068,7.953115890890123,259.6476025591564
clip_1.mp4,10,1,4:4:0,16,10,0,1,1.0,1.0,1.0,0.36308658050411524
clip_1.mp4,11,0,4:4:0,16,10,0,1,44.931744312026005,167.7127143319314,175.7884028484232,5.295121849279836
clip_1.mp4,12,0,4:4:0,16,10,0,1,9.589256481164622,27.811158798283262,26.397800183318058,48.871654610339505
clip_1.mp4,13,0,4:4:0,16,10,0,1,4.157694019705738,14.386812088918491,10.878415243211483,104.85416634516461
clip_1.mp4,14,0,4:4:0,16,10,0,1,3.7383716737578423,10.434152527021315,8.263461599770459,150.0124676890432
clip_1.mp4,15,0,4:4:0,16,10,0,1,3.5882633885001143,10.287143055583117,7.753978700490607,159.67479214891975
clip_1.mp4,16,0,4:4:0,16,10,0,1,3.5081070838859865,10.158132972782317,7.69527654900098,162.97709072788066
clip_1.mp4,17,0,4:4:0,16,10,0,1,3.4533294252444775,10.049432974701949,7.379779631580446,170.01674768518518
clip_1.mp4,18,0,4:4:0,16,10,0,1,3.4894874478747715,9.701143402511368,7.145416953824948,178.55936873070988
clip_1.mp4,19,0,4:4:0,16,10,0,1,3.505355404089581,8.866843410587531,6.707380188386296,195.1104136123971
clip_1.mp4,0,1,4:4:0,32,1,0,1,1.0,1.0,1.0,0.37151475694444447
clip_1.mp4,1,1,4:4:0,32,1,0,1,1.0,1.0,1.0,0.37177147633744856
clip_1.mp4,2,1,4:4:0,32,1,0,1,1.0,1.0,1.0,0.36513004758230455
clip_1.mp4,3,1,4:4:0,32,1,0,1,1.0,1.0,1.0,0.361649787808642
clip_1.mp4,4,1,4:4:0,32,1,0,1,1.0,1.0,1.0,0.36110210905349793
clip_1.mp4,5,1,4:4:0,32,1,0,1,1.0,1.0,1.0,0.3604515496399177
clip_1.mp4,6,1,4:4:0,32,1,0,1,1.0,1.0,1.0,0.3606703317901235
clip_1.mp4,7,1,4:4:0,32,1,0,1,1.0,1.0,1.0,0.3603875707304527
clip_1.mp4,8,1,4:4:0,32,1,0,1,1.0,1.0,1.0,0.36173964763374483
clip_1.mp4,9,1,4:4:0,32,1,0,1,1.0,1.0,1.0,0.36389017489711933
clip_1.mp4,10,1,4:4:0,32,1,0,1,1.0,1.0,1.0,0.36308658050411524
clip_1.mp4,11,1,4:4:0,32,1,0,1,1.0,1.0,1.0,0.3630415702160494
clip_1.mp4,12,1,4:4:0,32,1,0,1,1.0,1.0,1.0,0.3636553176440329
clip_1.mp4,13,1,4:4:0,32,1,0,1,1.0,1.0,1.0,0.3642169817386831
clip_1.mp4,14,1,4:4:0,32,1,0,1,1.0,1.0,1.0,0.3684791345164609
clip_1.mp4,15,1,4:4:0,32,1,0,1,1.0,1.0,1.0,0.3691528420781893
clip_1.mp4,16,1,4:4:0,32,1,0,1,1.0,1.0,1.0,0.36954218106995884
clip_1.mp4,17,1,4:4:0,32,1,0,1,1.0,1.0,1.0,0.36929783950617284
clip_1.mp4,18,1,4:4:0,32,1,0,1,1.0,1.0,1.0,0.3691171553497942
clip_1.mp4,19,1,4:4:0,32,1,0,1,1.0,1.0,1.0,0.37034320344650207
clip_1.mp4,0,1,4:4:0,32,2,0,1,1.0,1.0,1.0,0.37151475694444447
clip_1.mp4,1,0,4:4:0,32,2,0,1,20.521346713378065,49.13278362240546,61.5603847524047,66.26820617926954
clip_1.mp4,2,1,4:4:0,32,2,0,1,1.0,1.0,1.0,0.36513004758230455
clip_1.mp4,3,0,4:4:0,32,2,0,1,5.425971184994845,9.092663076842124,12.907080968031073,657.9791181198559
clip_1.mp4,4,1,4:4:0,32,2,0,1,1.0,1.0,1.0,0.36110210905349793
clip_1.mp4,5,0,4:4:0,32,2,0,1,4.275446286819435,11.903832464580129,13.570325384152248,467.792734375
clip_1.mp4,6,1,4:4:0,32,2,0,1,1.0,1.0,1.0,0.3606703317901235
clip_1.mp4,7,0,4:4:0,32,2,0,1,4.232856075544723,10.09070736170047,10.594943693923849,674.0821333269033
clip_1.mp4,8,1,4:4:0,32,2,0,1,1.0,1.0,1.0,0.36173964763374483
clip_1.mp4,9,0,4:4:0,32,2,0,1,3.6445572432411533,7.967907041084521,7.79068544205828,912.6127184606481
clip_1.mp4,10,1,4:4:0,32,2,0,1,1.0,1.0,1.0,0.36308658050411524
clip_1.mp4,11,0,4:4:0,32,2,0,1,44.931744312026005,167.7127143319314,175.7884028484232,20.219980388374484
clip_1.mp4,12,1,4:4:0,32,2,0,1,1.0,1.0,1.0,0.3636553176440329
clip_1.mp4,13,0,4:4:0,32,2,0,1,4.553819665578868,17.010664479081214,12.92993789439553,325.4156148726852
clip_1.mp4,14,1,4:4:0,32,2,0,1,1.0,1.0,1.0,0.3684791345164609
clip_1.mp4,15,0,4:4:0,32,2,0,1,7.870106802085942,26.278704313884525,20.50065250919445,188.51268888245886
clip_1.mp4,16,1,4:4:0,32,2,0,1,1.0,1.0,1.0,0.36954218106995884
clip_1.mp4,17,0,4:4:0,32,2,0,1,6.832334974200818,21.0159322171322,19.11152073732719,207.1878605645576
clip_1.mp4,18,1,4:4:0,32,2,0,1,1.0,1.0,1.0,0.3691171553497942
clip_1.mp4,19,0,4:4:0,32,2,0,1,6.982617538708135,16.487500795114816,15.972885533816052,275.01409175668726
clip_1.mp4,0,1,4:4:0,32,4,0,1,1.0,1.0,1.0,0.37151475694444447
clip_1.mp4,1,0,4:4:0,32,4,0,1,20.521346713378065,49.13278362240546,61.5603847524047,66.26820617926954
clip_1.mp4,2,0,4:4:0,32,4,0,1,5.267409428297085,6.683426803326243,9.54291920549307,870.2605658436214
clip_1.mp4,3,0,4:4:0,32,4,0,1,7.166506535428172,7.416839545031833,9.69624420170582,960.3614379179527
clip_1.mp4,4,1,4:4:0,32,4,0,1,1.0,1.0,1.0,0.36110210905349793
clip_1.mp4,5,0,4:4:0,32,4,0,1,4.275446286819435,11.903832464580129,13.570325384152248,467.792734375
clip_1.mp4,6,0,4:4:0,32,4,0,1,4.199934376025374,11.66280456253234,13.208652890666803,489.89430169753086
clip_1.mp4,7,0,4:4:0,32,4,0,1,4.337694177499048,8.646484863647736,9.054863670503572,831.5278205375514
clip_1.mp4,8,1,4:4:0,32,4,0,1,1.0,1.0,1.0,0.36173964763374483
clip_1.mp4,9,0,4:4:0,32,4,0,1,3.6445572432411533,7.967907041084521,7.79068544205828,912.6127184606481
clip_1.mp4,10,0,4:4:0,32,4,0,1,3.444575491287231,7.605745389457005,7.2561342608793025,987.8270608281892
clip_1.mp4,11,0,4:4:0,32,4,0,1,3.444438169212012,7.587933078645765,7.239111309714988,985.63920781893
clip_1.mp4,12,1,4:4:0,32,4,0,1,1.0,1.0,1.0,0.3636553176440329
clip_1.mp4,13,0,4:4:0,32,4,0,1,4.553819665578868,17.010664479081214,12.92993789439553,325.4156148726852
clip_1.mp4,14,0,4:4:0,32,4,0,1,3.815959455430786,11.212285065426626,8.955997443118013,528.1482243441358
clip_1.mp4,15,0,4:4:0,32,4,0,1,3.5817554332618227,10.827746099379661,8.229747106729533,581.6454139338991
clip_1.mp4,16,1,4:4:0,32,4,0,1,1.0,1.0,1.0,0.36954218106995884
clip_1.mp4,17,0,4:4:0,32,4,0,1,6.832334974200818,21.0159322171322,19.11152073732719,207.1878605645576
clip_1.mp4,18,0,4:4:0,32,4,0,1,5.052606956106452,15.296999026232701,13.19117534797323,317.2185341113683
clip_1.mp4,19,0,4:4:0,32,4,0,1,4.2105776142496865,10.73580880982459,9.63371801304566,472.0901025591564
clip_1.mp4,0,1,4:4:0,32,6,0,1,1.0,1.0,1.0,0.37151475694444447
clip_1.mp4,1,0,4:4:0,32,6,0,1,20.521346713378065,49.13278362240546,61.5603847524047,66.26820617926954
clip_1.mp4,2,0,4:4:0,32,6,0,1,5.267409428297085,6.683426803326243,9.54291920549307,870.2605658436214
clip_1.mp4,3,0,4:4:0,32,6,0,1,7.166506535428172,7.416839545031833,9.69624420170582,960.3614379179527
clip_1.mp4,4,0,4:4:0,32,6,0,1,8.45339138517232,7.418537758124758,8.161851531134378,1173.2347694830246
clip_1.mp4,5,0,4:4:0,32,6,0,1,9.912898815385645,7.750384977648871,8.81782616091172,1121.9590117026748
clip_1.mp4,6,1,4:4:0,32,6,0,1,1.0,1.0,1.0,0.3606703317901235
clip_1.mp4,7,0,4:4:0,32,6,0,1,4.232856075544723,10.09070736170047,10.594943693923849,674.0821333269033
clip_1.mp4,8,0,4:4:0,32,6,0,1,4.499921876356313,7.510213542723032,7.071533802586348,1016.552907343107
clip_1.mp4,9,0,4:4:0,32,6,0,1,5.658153241650295,6.799758650541724,6.03323867603929,1316.2147497106482
clip_1.mp4,10,0,4:4:0,32,6,0,1,5.728683198514786,6.882451342237328,6.021605296782437,1339.6643066808128
clip_1.mp4,11,0,4:4:0,32,6,0,1,5.728809813239032,6.895634361116284,6.02048637725594,1337.3538797260803
clip_1.mp4,12,1,4:4:0,32,6,0,1,1.0,1.0,1.0,0.3636553176440329
clip_1.mp4,13,0,4:4:0,32,6,0,1,4.553819665578868,17.010664479081214,12.92993789439553,325.4156148726852
clip_1.mp4,14,0,4:4:0,32,6,0,1,3.815959455430786,11.212285065426626,8.955997443118013,528.1482243441358
clip_1.mp4,15,0,4:4:0,32,6,0,1,3.5817554332618227,10.827746099379661,8.229747106729533,581.6454139338991
clip_1.mp4,16,0,4:4:0,32,6,0,1,3.490497752790075,10.681392042527765,8.155944683060367,596.0283180619856
clip_1.mp4,17,0,4:4:0,32,6,0,1,3.4164489097876913,10.422404953859145,7.732120217764188,632.2412064364712
clip_1.mp4,18,1,4:4:0,32,6,0,1,1.0,1.0,1.0,0.3691171553497942
clip_1.mp4,19,0,4:4:0,32,6,0,1,6.982617538708135,16.487500795114816,15.972885533816052,275.01409175668726
clip_1.mp4,0,1,4:4:0,32,8,0,1,1.0,1.0,1.0,0.37151475694444447
clip_1.mp4,1,0,4:4:0,32,8,0,1,20.521346713378065,49.13278362240546,61.5603847524047,66.26820617926954
clip_1.mp4,2,0,4:4:0,32,8,0,1,5.267409428297085,6.683426803326243,9.54291920549307,870.2605658436214
clip_1.mp4,3,0,4:4:0,32,8,0,1,7.166506535428172,7.416839545031833,9.69624420170582,960.3614379179527
clip_1.mp4,4,0,4:4:0,32,8,0,1,8.45339138517232,7.418537758124758,8.161851531134378,1173.2347694830246
clip_1.mp4,5,0,4:4:0,32,8,0,1,9.912898815385645,7.750384977648871,8.81782616091172,1121.9590117026748
clip_1.mp4,6,0,4:4:0,32,8,0,1,10.093359683024893,7.762454516868066,8.789420142421159,1124.4493679269547
clip_1.mp4,7,0,4:4:0,32,8,0,1,11.12864273063919,7.886929665748756,8.539518334266795,1172.4047024498457
clip_1.mp4,8,1,4:4:0,32,8,0,1,1.0,1.0,1.0,0.36173964763374483
clip_1.mp4,9,0,4:4:0,32,8,0,1,3.6445572432411533,7.967907041084521,7.79068544205828,912.6127184606481
clip_1.mp4,10,0,4:4:0,32,8,0,1,3.444575491287231,7.605745389457005,7.2561342608793025,987.8270608281892
clip_1.mp4,11,0,4:4:0,32,8,0,1,3.444438169212012,7.587933078645765,7.239111309714988,985.63920781893
clip_1.mp4,12,0,4:4:0,32,8,0,1,3.4251847544920864,7.206505873357893,6.825183663796508,1068.5125683191873
clip_1.mp4,13,0,4:4:0,32,8,0,1,3.441259936604876,7.7040823908811245,6.471748520636189,1018.2035254308128
clip_1.mp4,14,0,4:4:0,32,8,0,1,3.6493036123459657,7.238706974795783,6.011968270167463,1118.885652970679
clip_1.mp4,15,0,4:4:0,32,8,0,1,3.7376304547666686,7.559165342160137,5.966164115548395,1104.4137082047325
clip_1.mp4,16,1,4:4:0,32,8,0,1,1.0,1.0,1.0,0.36954218106995884
clip_1.mp4,17,0,4:4:0,32,8,0,1,6.832334974200818,21.0159322171322,19.11152073732719,207.1878605645576
clip_1.mp4,18,0,4:4:0,32,8,0,1,5.052606956106452,15.296999026232701,13.19117534797323,317.2185341113683
clip_1.mp4,19,0,4:4:0,32,8,0,1,4.2105776142496865,10.73580880982459,9.63371801304566,472.0901025591564
clip_1.mp4,0,1,4:4:0,32,10,0,1,1.0,1.0,1.0,0.37151475694444447
clip_1.mp4,1,0,4:4:0,32,10,0,1,20.521346713378065,49.13278362240546,61.5603847524047,66.26820617926954
clip_1.mp4,2,0,4:4:0,32,10,0,1,5.267409428297085,6.683426803326243,9.54291920549307,870.2605658436214
clip_1.mp4,3,0,4:4:0,32,10,0,1,7.166506535428172,7.416839545031833,9.69624420170582,960.3614379179527
clip_1.mp4,4,0,4:4:0,32,10,0,1,8.45339138517232,7.418537758124758,8.161851531134378,1173.2347694830246
clip_1.mp4,5,0,4:4:0,32,10,0,1,9.912898815385645,7.750384977648871,8.81782616091172,1121.9590117026748
clip_1.mp4,6,0,4:4:0,32,10,0,1,10.093359683024893,7.762454516868066,8.789420142421159,1124.4493679269547
clip_1.mp4,7,0,4:4:0,32,10,0,1,11.12864273063919,7.886929665748756,8.539518334266795,1172.4047024498457
clip_1.mp4,8,0,4:4:0,32,10,0,1,12.029377298727216,8.165193970609081,8.399358382345794,1189.1483891139403
clip_1.mp4,9,0,4:4:0,32,10,0,1,13.43266178661657,8.554596610505124,7.970602254032196,1255.7094241898149
clip_1.mp4,10,1,4:4:0,32,10,0,1,1.0,1.0,1.0,0.36308658050411524
clip_1.mp4,11,0,4:4:0,32,10,0,1,44.931744312026005,167.7127143319314,175.7884028484232,20.219980388374484
clip_1.mp4,12,0,4:4:0,32,10,0,1,9.592982910648692,27.811158798283262,26.397800183318058,190.8959391075103
clip_1.mp4,13,0,4:4:0,32,10,0,1,4.160263226531308,14.386812088918491,10.878415243211483,416.91275093235595
clip_1.mp4,14,0,4:4:0,32,10,0,1,3.747925952435176,10.434152527021315,8.263461599770459,600.9922895769033
clip_1.mp4,15,0,4:4:0,32,10,0,1,3.5991377065911294,10.287143055583117,7.753978700490607,642.9530070087449
clip_1.mp4,16,0,4:4:0,32,10,0,1,3.5185958196312397,10.158132972782317,7.69527654900098,657.0674921231996
clip_1.mp4,17,0,4:4:0,32,10,0,1,3.467338195900595,10.049432974701949,7.379779631580446,686.6424194637345
clip_1.mp4,18,0,4:4:0,32,10,0,1,3.5066951224874265,9.701143402511368,7.145416953824948,724.074007040895
clip_1.mp4,19,0,4:4:0,32,10,0,1,3.526182791493356,8.866843410587531,6.707380188386296,797.7149119084362
clip_1.mp4,0,1,4:2:0,1,1,0,1,1.0,1.0,1.0,0.37417840149176956
clip_1.mp4,1,1,4:2:0,1,1,0,1,1.0,1.0,1.0,0.3745227301954733
clip_1.mp4,2,1,4:2:0,1,1,0,1,1.0,1.0,1.0,0.36686985596707816
clip_1.mp4,3,1,4:2:0,1,1,0,1,1.0,1.0,1.0,0.3627911201131687
clip_1.mp4,4,1,4:2:0,1,1,0,1,1.0,1.0,1.0,0.3625393840020576
clip_1.mp4,5,1,4:2:0,1,1,0,1,1.0,1.0,1.0,0.36160509902263377
clip_1.mp4,6,1,4:2:0,1,1,0,1,1.0,1.0,1.0,0.36182950745884773
clip_1.mp4,7,1,4:2:0,1,1,0,1,1.0,1.0,1.0,0.3614322916666667
clip_1.mp4,8,1,4:2:0,1,1,0,1,1.0,1.0,1.0,0.36298482510288066
clip_1.mp4,9,1,4:2:0,1,1,0,1,1.0,1.0,1.0,0.3651067386831276
clip_1.mp4,10,1,4:2:0,1,1,0,1,1.0,1.0,1.0,0.36426649305555553
clip_1.mp4,11,1,4:2:0,1,1,0,1,1.0,1.0,1.0,0.3642113554526749
clip_1.mp4,12,1,4:2:0,1,1,0,1,1.0,1.0,1.0,0.3649289480452675
clip_1.mp4,13,1,4:2:0,1,1,0,1,1.0,1.0,1.0,0.3652276234567901
clip_1.mp4,14,1,4:2:0,1,1,0,1,1.0,1.0,1.0,0.3696587255658436
clip_1.mp4,15,1,4:2:0,1,1,0,1,1.0,1.0,1.0,0.3702713477366255
clip_1.mp4,16,1,4:2:0,1,1,0,1,1.0,1.0,1.0,0.37066567001028805
clip_1.mp4,17,1,4:2:0,1,1,0,1,1.0,1.0,1.0,0.37025093235596707
clip_1.mp4,18,1,4:2:0,1,1,0,1,1.0,1.0,1.0,0.3701266718106996
clip_1.mp4,19,1,4:2:0,1,1,0,1,1.0,1.0,1.0,0.3713728137860082
clip_1.mp4,0,1,4:2:0,1,2,0,1,1.0,1.0,1.0,0.37417840149176956
clip_1.mp4,1,0,4:2:0,1,2,0,1,8.336281478146207,9.77265015269766,9.827115559599637,0.3745227301954733
clip_1.mp4,2,1,4:2:0,1,2,0,1,1.0,1.0,1.0,0.36686985596707816
clip_1.mp4,3,0,4:2:0,1,2,0,1,1.4564129649972046,1.78455861090839,1.9161959960966377,0.3627911201131687
clip_1.mp4,4,1,4:2:0,1,2,0,1,1.0,1.0,1.0,0.3625393840020576
clip_1.mp4,5,0,4:2:0,1,2,0,1,1.554585938554271,1.8380371578499504,1.924290455014514,0.36160509902263377
clip_1.mp4,6,1,4:2:0,1,2,0,1,1.0,1.0,1.0,0.36182950745884773
clip_1.mp4,7,0,4:2:0,1,2,0,1,1.7053893791481278,2.1062382682040908,2.3114995318143308,0.3614322916666667
clip_1.mp4,8,1,4:2:0,1,2,0,1,1.0,1.0,1.0,0.36298482510288066
clip_1.mp4,9,0,4:2:0,1,2,0,1,1.325961763498452,1.6993044128155874,1.7813698404189517,0.3651067386831276
clip_1.mp4,10,1,4:2:0,1,2,0,1,1.0,1.0,1.0,0.36426649305555553
clip_1.mp4,11,0,4:2:0,1,2,0,1,20.142207716517078,30.562433675274143,34.79194630872483,0.3642113554526749
clip_1.mp4,12,1,4:2:0,1,2,0,1,1.0,1.0,1.0,0.3649289480452675
clip_1.mp4,13,0,4:2:0,1,2,0,1,1.6404284606743351,1.9120966671092816,2.0500166089308594,0.3652276234567901
clip_1.mp4,14,1,4:2:0,1,2,0,1,1.0,1.0,1.0,0.3696587255658436
clip_1.mp4,15,0,4:2:0,1,2,0,1,3.2847235642798984,3.959972500190971,4.237232720852678,0.3702713477366255
clip_1.mp4,16,1,4:2:0,1,2,0,1,1.0,1.0,1.0,0.37066567001028805
clip_1.mp4,17,0,4:2:0,1,2,0,1,2.5609864540415566,3.1522109257187334,3.2392711639881027,0.37025093235596707
clip_1.mp4,18,1,4:2:0,1,2,0,1,1.0,1.0,1.0,0.3701266718106996
clip_1.mp4,19,0,4:2:0,1,2,0,1,3.377154695052833,4.196007964644748,4.204652369983454,0.3713728137860082
clip_1.mp4,0,1,4:2:0,1,4,0,1,1.0,1.0,1.0,0.37417840149176956
clip_1.mp4,1,0,4:2:0,1,4,0,1,8.336281478146207,9.77265015269766,9.827115559599637,0.3745227301954733
clip_1.mp4,2,0,4:2:0,1,4,0,1,1.1418502202643173,1.2821844624174519,1.3794571580627994,0.36686985596707816
clip_1.mp4,3,0,4:2:0,1,4,0,1,1.0440204454003892,1.144608373481473,1.2424146558914038,0.3627911201131687
clip_1.mp4,4,1,4:2:0,1,4,0,1,1.0,1.0,1.0,0.3625393840020576
clip_1.mp4,5,0,4:2:0,1,4,0,1,1.554585938554271,1.8380371578499504,1.924290455014514,0.36160509902263377
clip_1.mp4,6,0,4:2:0,1,4,0,1,1.5217094574066654,1.8255063808209144,1.9121954098457408,0.36182950745884773
clip_1.mp4,7,0,4:2:0,1,4,0,1,1.1715942631657454,1.377543699278809,1.4756702286947263,0.3614322916666667
clip_1.mp4,8,1,4:2:0,1,4,0,1,1.0,1.0,1.0,0.36298482510288066
clip_1.mp4,9,0,4:2:0,1,4,0,1,1.325961763498452,1.6993044128155874,1.7813698404189517,0.3651067386831276
clip_1.mp4,10,0,4:2:0,1,4,0,1,1.2105516953911934,1.5712709593724616,1.6484040625019873,0.36426649305555553
clip_1.mp4,11,0,4:2:0,1,4,0,1,1.2023560054597724,1.5612388719567287,1.6388467374810318,0.3642113554526749
clip_1.mp4,12,1,4:2:0,1,4,0,1,1.0,1.0,1.0,0.3649289480452675
clip_1.mp4,13,0,4:2:0,1,4,0,1,1.6404284606743351,1.9120966671092816,2.0500166089308594,0.3652276234567901
clip_1.mp4,14,0,4:2:0,1,4,0,1,1.3273333632051618,1.5970621942352956,1.7034812268745194,0.3696587255658436
clip_1.mp4,15,0,4:2:0,1,4,0,1,1.1883080936296921,1.448198412121957,1.5531188207801545,0.3702713477366255
clip_1.mp4,16,1,4:2:0,1,4,0,1,1.0,1.0,1.0,0.37066567001028805
clip_1.mp4,17,0,4:2:0,1,4,0,1,2.5609864540415566,3.1522109257187334,3.2392711639881027,0.37025093235596707
clip_1.mp4,18,0,4:2:0,1,4,0,1,1.9243511718162734,2.486951182069389,2.5403794887878313,0.3701266718106996
clip_1.mp4,19,0,4:2:0,1,4,0,1,1.573235572604336,1.9975031210986267,2.0386173266742693,0.3713728137860082
clip_1.mp4,0,1,4:2:0,1,6,0,1,1.0,1.0,1.0,0.37417840149176956
clip_1.mp4,1,0,4:2:0,1,6,0,1,8.336281478146207,9.77265015269766,9.827115559599637,0.3745227301954733
clip_1.mp4,2,0,4:2:0,1,6,0,1,1.1418502202643173,1.2821844624174519,1.3794571580627994,0.36686985596707816
clip_1.mp4,3,0,4:2:0,1,6,0,1,1.0440204454003892,1.144608373481473,1.2424146558914038,0.3627911201131687
clip_1.mp4,4,0,4:2:0,1,6,0,1,0.9945295121452888,1.0712957222566646,1.166894763379673,0.3625393840020576
clip_1.mp4,5,0,4:2:0,1,6,0,1,0.979119113882092,1.0337524976369663,1.114182180822483,0.36160509902263377
clip_1.mp4,6,1,4:2:0,1,6,0,1,1.0,1.0,1.0,0.36182950745884773
clip_1.mp4,7,0,4:2:0,1,6,0,1,1.7053893791481278,2.1062382682040908,2.3114995318143308,0.3614322916666667
clip_1.mp4,8,0,4:2:0,1,6,0,1,1.252402310083119,1.5418567714994438,1.6744186046511629,0.36298482510288066
clip_1.mp4,9,0,4:2:0,1,6,0,1,1.0483433081662181,1.2206378209354456,1.293942631216366,0.3651067386831276
clip_1.mp4,10,0,4:2:0,1,6,0,1,1.0258155669095328,1.1972120478700063,1.2685610250286308,0.36426649305555553
clip_1.mp4,11,0,4:2:0,1,6,0,1,1.023810910972492,1.1950703348686667,1.2673267326732673,0.3642113554526749
clip_1.mp4,12,1,4:2:0,1,6,0,1,1.0,1.0,1.0,0.3649289480452675
clip_1.mp4,13,0,4:2:0,1,6,0,1,1.6404284606743351,1.9120966671092816,2.0500166089308594,0.3652276234567901
clip_1.mp4,14,0,4:2:0,1,6,0,1,1.3273333632051618,1.5970621942352956,1.7034812268745194,0.3696587255658436
clip_1.mp4,15,0,4:2:0,1,6,0,1,1.1883080936296921,1.448198412121957,1.5531188207801545,0.3702713477366255
clip_1.mp4,16,0,4:2:0,1,6,0,1,1.1787430606163616,1.458695615471628,1.5653213679652633,0.37066567001028805
clip_1.mp4,17,0,4:2:0,1,6,0,1,1.1052868916684524,1.3099178774478837,1.3965742980759388,0.37025093235596707
clip_1.mp4,18,1,4:2:0,1,6,0,1,1.0,1.0,1.0,0.3701266718106996
clip_1.mp4,19,0,4:2:0,1,6,0,1,3.377154695052833,4.196007964644748,4.204652369983454,0.3713728137860082
clip_1.mp4,0,1,4:2:0,1,8,0,1,1.0,1.0,1.0,0.37417840149176956
clip_1.mp4,1,0,4:2:0,1,8,0,1,8.336281478146207,9.77265015269766,9.827115559599637,0.3745227301954733
clip_1.mp4,2,0,4:2:0,1,8,0,1,1.1418502202643173,1.2821844624174519,1.3794571580627994,0.36686985596707816
clip_1.mp4,3,0,4:2:0,1,8,0,1,1.0440204454003892,1.144608373481473,1.2424146558914038,0.3627911201131687
clip_1.mp4,4,0,4:2:0,1,8,0,1,0.9945295121452888,1.0712957222566646,1.166894763379673,0.3625393840020576
clip_1.mp4,5,0,4:2:0,1,8,0,1,0.979119113882092,1.0337524976369663,1.114182180822483,0.36160509902263377
clip_1.mp4,6,0,4:2:0,1,8,0,1,0.978834405349602,1.0337483747975975,1.1137848057751805,0.36182950745884773
clip_1.mp4,7,0,4:2:0,1,8,0,1,0.9636887865217415,1.0076506810972197,1.0888057162300102,0.3614322916666667
clip_1.mp4,8,1,4:2:0,1,8,0,1,1.0,1.0,1.0,0.36298482510288066
clip_1.mp4,9,0,4:2:0,1,8,0,1,1.325961763498452,1.6993044128155874,1.7813698404189517,0.3651067386831276
clip_1.mp4,10,0,4:2:0,1,8,0,1,1.2105516953911934,1.5712709593724616,1.6484040625019873,0.36426649305555553
clip_1.mp4,11,0,4:2:0,1,8,0,1,1.2023560054597724,1.5612388719567287,1.6388467374810318,0.3642113554526749
clip_1.mp4,12,0,4:2:0,1,8,0,1,1.158730939278386,1.5123491005840515,1.5832391656231866,0.3649289480452675
clip_1.mp4,13,0,4:2:0,1,8,0,1,1.0545780772258737,1.2528517845404277,1.3249095258541372,0.3652276234567901
clip_1.mp4,14,0,4:2:0,1,8,0,1,1.0130757911234705,1.1882277436508664,1.2585640134207983,0.3696587255658436
clip_1.mp4,15,0,4:2:0,1,8,0,1,0.9902597712698592,1.1574270468195316,1.230617302707168,0.3702713477366255
clip_1.mp4,16,1,4:2:0,1,8,0,1,1.0,1.0,1.0,0.37066567001028805
clip_1.mp4,17,0,4:2:0,1,8,0,1,2.5609864540415566,3.1522109257187334,3.2392711639881027,0.37025093235596707
clip_1.mp4,18,0,4:2:0,1,8,0,1,1.9243511718162734,2.486951182069389,2.5403794887878313,0.3701266718106996
clip_1.mp4,19,0,4:2:0,1,8,0,1,1.573235572604336,1.9975031210986267,2.0386173266742693,0.3713728137860082
clip_1.mp4,0,1,4:2:0,1,10,0,1,1.0,1.0,1.0,0.37417840149176956
clip_1.mp4,1,0,4:2:0,1,10,0,1,8.336281478146207,9.77265015269766,9.827115559599637,0.3745227301954733
clip_1.mp4,2,0,4:2:0,1,10,0,1,1.1418502202643173,1.2821844624174519,1.3794571580627994,0.36686985596707816
clip_1.mp4,3,0,4:2:0,1,10,0,1,1.0440204454003892,1.144608373481473,1.2424146558914038,0.3627911201131687
clip_1.mp4,4,0,4:2:0,1,10,0,1,0.9945295121452888,1.0712957222566646,1.166894763379673,0.3625393840020576
clip_1.mp4,5,0,4:2:0,1,10,0,1,0.979119113882092,1.0337524976369663,1.114182180822483,0.36160509902263377
clip_1.mp4,6,0,4:2:0,1,10,0,1,0.978834405349602,1.0337483747975975,1.1137848057751805,0.36182950745884773
clip_1.mp4,7,0,4:2:0,1,10,0,1,0.9636887865217415,1.0076506810972197,1.0888057162300102,0.3614322916666667
clip_1.mp4,8,0,4:2:0,1,10,0,1,0.9528816213692527,0.9979978438318189,1.0789929399227387,0.36298482510288066
clip_1.mp4,9,0,4:2:0,1,10,0,1,0.9373804880562645,0.9776815519185869,1.0509116415223623,0.3651067386831276
clip_1.mp4,10,1,4:2:0,1,10,0,1,1.0,1.0,1.0,0.36426649305555553
clip_1.mp4,11,0,4:2:0,1,10,0,1,20.142207716517078,30.562433675274143,34.79194630872483,0.3642113554526749
clip_1.mp4,12,0,4:2:0,1,10,0,1,4.888237207745367,7.128320774434849,7.627567535754223,0.3649289480452675
clip_1.mp4,13,0,4:2:0,1,10,0,1,1.5119785803034458,1.7901788797568894,1.9159835308205762,0.3652276234567901
clip_1.mp4,14,0,4:2:0,1,10,0,1,1.2799699760129084,1.5390827256965063,1.6431165966186791,0.3696587255658436
clip_1.mp4,15,0,4:2:0,1,10,0,1,1.167140404694228,1.41287284144427,1.5152046578513556,0.3702713477366255
clip_1.mp4,16,0,4:2:0,1,10,0,1,1.1584694080498428,1.4233624741905724,1.5255943166903079,0.37066567001028805
clip_1.mp4,17,0,4:2:0,1,10,0,1,1.0940921346298944,1.2908302249490788,1.375693950555691,0.37025093235596707
clip_1.mp4,18,0,4:2:0,1,10,0,1,1.0684154825439582,1.2583135103645808,1.3390504726972154,0.3701266718106996
clip_1.mp4,19,0,4:2:0,1,10,0,1,1.0394078743567612,1.2145407517782338,1.2895009153864523,0.3713728137860082
clip_1.mp4,0,1,4:2:0,2,1,0,1,1.0,1.0,1.0,0.37417840149176956
clip_1.mp4,1,1,4:2:0,2,1,0,1,1.0,1.0,1.0,0.3745227301954733
clip_1.mp4,2,1,4:2:0,2,1,0,1,1.0,1.0,1.0,0.36686985596707816
clip_1.mp4,3,1,4:2:0,2,1,0,1,1.0,1.0,1.0,0.3627911201131687
clip_1.mp4,4,1,4:2:0,2,1,0,1,1.0,1.0,1.0,0.3625393840020576
clip_1.mp4,5,1,4:2:0,2,1,0,1,1.0,1.0,1.0,0.36160509902263377
clip_1.mp4,6,1,4:2:0,2,1,0,1,1.0,1.0,1.0,0.36182950745884773
clip_1.mp4,7,1,4:2:0,2,1,0,1,1.0,1.0,1.0,0.3614322916666667
clip_1.mp4,8,1,4:2:0,2,1,0,1,1.0,1.0,1.0,0.36298482510288066
clip_1.mp4,9,1,4:2:0,2,1,0,1,1.0,1.0,1.0,0.3651067386831276
clip_1.mp4,10,1,4:2:0,2,1,0,1,1.0,1.0,1.0,0.36426649305555553
clip_1.mp4,11,1,4:2:0,2,1,0,1,1.0,1.0,1.0,0.3642113554526749
clip_1.mp4,12,1,4:2:0,2,1,0,1,1.0,1.0,1.0,0.3649289480452675
clip_1.mp4,13,1,4:2:0,2,1,0,1,1.0,1.0,1.0,0.3652276234567901
clip_1.mp4,14,1,4:2:0,2,1,0,1,1.0,1.0,1.0,0.3696587255658436
clip_1.mp4,15,1,4:2:0,2,1,0,1,1.0,1.0,1.0,0.3702713477366255
clip_1.mp4,16,1,4:2:0,2,1,0,1,1.0,1.0,1.0,0.37066567001028805
clip_1.mp4,17,1,4:2:0,2,1,0,1,1.0,1.0,1.0,0.37025093235596707
clip_1.mp4,18,1,4:2:0,2,1,0,1,1.0,1.0,1.0,0.3701266718106996
clip_1.mp4,19,1,4:2:0,2,1,0,1,1.0,1.0,1.0,0.3713728137860082
clip_1.mp4,0,1,4:2:0,2,2,0,1,1.0,1.0,1.0,0.37417840149176956
clip_1.mp4,1,0,4:2:0,2,2,0,1,15.426734912510415,17.99250312369846,17.770464829288358,0.5299863361625514
clip_1.mp4,2,1,4:2:0,2,2,0,1,1.0,1.0,1.0,0.36686985596707816
clip_1.mp4,3,0,4:2:0,2,2,0,1,2.3017442905952166,2.926928418984383,3.1827893612318574,1.4667981610082304
clip_1.mp4,4,1,4:2:0,2,2,0,1,1.0,1.0,1.0,0.3625393840020576
clip_1.mp4,5,0,4:2:0,2,2,0,1,2.4704360195671495,3.2084767162627186,3.2644014004685022,1.3340446566358024
clip_1.mp4,6,1,4:2:0,2,2,0,1,1.0,1.0,1.0,0.36182950745884773
clip_1.mp4,7,0,4:2:0,2,2,0,1,2.6637891166949283,3.4667237320778943,3.6499331127226644,1.2178546167695474
clip_1.mp4,8,1,4:2:0,2,2,0,1,1.0,1.0,1.0,0.36298482510288066
clip_1.mp4,9,0,4:2:0,2,2,0,1,2.0557927234296525,2.7497533496706024,2.756273925988941,1.3675397055041152
clip_1.mp4,10,1,4:2:0,2,2,0,1,1.0,1.0,1.0,0.36426649305555553
clip_1.mp4,11,0,4:2:0,2,2,0,1,35.44615384615385,63.34310850439883,62.47288503253796,0.41294013631687243
clip_1.mp4,12,1,4:2:0,2,2,0,1,1.0,1.0,1.0,0.3649289480452675
clip_1.mp4,13,0,4:2:0,2,2,0,1,2.6942256569903567,3.5518039930389027,3.527298459528605,1.2288864776234567
clip_1.mp4,14,1,4:2:0,2,2,0,1,1.0,1.0,1.0,0.3696587255658436
clip_1.mp4,15,0,4:2:0,2,2,0,1,5.394212459548609,7.114819796327303,6.805829066561638,0.7936080568415638
clip_1.mp4,16,1,4:2:0,2,2,0,1,1.0,1.0,1.0,0.37066567001028805
clip_1.mp4,17,0,4:2:0,2,2,0,1,4.518158919964789,6.166876829007161,5.704476429420309,0.845473733281893
clip_1.mp4,18,1,4:2:0,2,2,0,1,1.0,1.0,1.0,0.3701266718106996
clip_1.mp4,19,0,4:2:0,2,2,0,1,5.352358434559055,6.743502354502172,6.467065868263473,0.735196920010288
clip_1.mp4,0,1,4:2:0,2,4,0,1,1.0,1.0,1.0,0.37417840149176956
clip_1.mp4,1,0,4:2:0,2,4,0,1,15.426734912510415,17.99250312369846,17.770464829288358,0.5299863361625514
clip_1.mp4,2,0,4:2:0,2,4,0,1,1.7241465324998628,1.9579553265902723,2.1243986197965756,1.7099596514917696
clip_1.mp4,3,0,4:2:0,2,4,0,1,1.5357110588081946,1.7083314110211103,1.8666954736955816,1.8502993184156378
clip_1.mp4,4,1,4:2:0,2,4,0,1,1.0,1.0,1.0,0.3625393840020576
clip_1.mp4,5,0,4:2:0,2,4,0,1,2.4704360195671495,3.2084767162627186,3.2644014004685022,1.3340446566358024
clip_1.mp4,6,0,4:2:0,2,4,0,1,2.4124138797562455,3.1609756097560977,3.219036027868506,1.3508088991769547
clip_1.mp4,7,0,4:2:0,2,4,0,1,1.7795475610174727,2.20271430149652,2.3088023088023086,1.5752647569444445
clip_1.mp4,8,1,4:2:0,2,4,0,1,1.0,1.0,1.0,0.36298482510288066
clip_1.mp4,9,0,4:2:0,2,4,0,1,2.0557927234296525,2.7497533496706024,2.756273925988941,1.3675397055041152
clip_1.mp4,10,0,4:2:0,2,4,0,1,1.8520007073613813,2.5154791250169835,2.532412337694059,1.4622601594650206
clip_1.mp4,11,0,4:2:0,2,4,0,1,1.8360288792042458,2.4930268346638456,2.5139664804469275,1.4623450360082304
clip_1.mp4,12,1,4:2:0,2,4,0,1,1.0,1.0,1.0,0.3649289480452675
clip_1.mp4,13,0,4:2:0,2,4,0,1,2.6942256569903567,3.5518039930389027,3.527298459528605,1.2288864776234567
clip_1.mp4,14,0,4:2:0,2,4,0,1,2.0457855003374124,2.6645284648121876,2.6990721939333353,1.3738179976851852
clip_1.mp4,15,0,4:2:0,2,4,0,1,1.807162764917198,2.359044368600683,2.433071753088274,1.4833846129115227
clip_1.mp4,16,1,4:2:0,2,4,0,1,1.0,1.0,1.0,0.37066567001028805
clip_1.mp4,17,0,4:2:0,2,4,0,1,4.518158919964789,6.166876829007161,5.704476429420309,0.845473733281893
clip_1.mp4,18,0,4:2:0,2,4,0,1,3.1825548843377045,4.494304093770048,4.195872116552003,1.0081195344650207
clip_1.mp4,19,0,4:2:0,2,4,0,1,2.4803175036063645,3.3445592846359307,3.206016227983376,1.1393817515432099
clip_1.mp4,0,1,4:2:0,2,6,0,1,1.0,1.0,1.0,0.37417840149176956
clip_1.mp4,1,0,4:2:0,2,6,0,1,15.426734912510415,17.99250312369846,17.770464829288358,0.5299863361625514
clip_1.mp4,2,0,4:2:0,2,6,0,1,1.7241465324998628,1.9579553265902723,2.1243986197965756,1.7099596514917696
clip_1.mp4,3,0,4:2:0,2,6,0,1,1.5357110588081946,1.7083314110211103,1.8666954736955816,1.8502993184156378
clip_1.mp4,4,0,4:2:0,2,6,0,1,1.4289435492873888,1.5523467866062177,1.6905266590575574,1.9214779449588477
clip_1.mp4,5,0,4:2:0,2,6,0,1,1.4073934308065499,1.4983351831298557,1.6174020479604636,1.9578023726851852
clip_1.mp4,6,1,4:2:0,2,6,0,1,1.0,1.0,1.0,0.36182950745884773
clip_1.mp4,7,0,4:2:0,2,6,0,1,2.6637891166949283,3.4667237320778943,3.6499331127226644,1.2178546167695474
clip_1.mp4,8,0,4:2:0,2,6,0,1,1.9711251459142118,2.425558196552563,2.5213762512037823,1.5511683384773662
clip_1.mp4,9,0,4:2:0,2,6,0,1,1.577928481852605,1.887135878151597,1.9280980116489255,1.7301477301954733
clip_1.mp4,10,0,4:2:0,2,6,0,1,1.533605303718342,1.8469299776971804,1.8897500018226756,1.7618229166666666
clip_1.mp4,11,0,4:2:0,2,6,0,1,1.5295035751851027,1.8432655383302516,1.8864766119112948,1.7635180362654321
clip_1.mp4,12,1,4:2:0,2,6,0,1,1.0,1.0,1.0,0.3649289480452675
clip_1.mp4,13,0,4:2:0,2,6,0,1,2.6942256569903567,3.5518039930389027,3.527298459528605,1.2288864776234567
clip_1.mp4,14,0,4:2:0,2,6,0,1,2.0457855003374124,2.6645284648121876,2.6990721939333353,1.3738179976851852
clip_1.mp4,15,0,4:2:0,2,6,0,1,1.807162764917198,2.359044368600683,2.433071753088274,1.4833846129115227
clip_1.mp4,16,0,4:2:0,2,6,0,1,1.7764466611952292,2.351233671988389,2.435289143608775,1.4848879565329218
clip_1.mp4,17,0,4:2:0,2,6,0,1,1.664245527580921,2.123076166995667,2.177675465864601,1.5748567708333334
clip_1.mp4,18,1,4:2:0,2,6,0,1,1.0,1.0,1.0,0.3701266718106996
clip_1.mp4,19,0,4:2:0,2,6,0,1,5.352358434559055,6.743502354502172,6.467065868263473,0.735196920010288
clip_1.mp4,0,1,4:2:0,2,8,0,1,1.0,1.0,1.0,0.37417840149176956
clip_1.mp4,1,0,4:2:0,2,8,0,1,15.426734912510415,17.99250312369846,17.770464829288358,0.5299863361625514
clip_1.mp4,2,0,4:2:0,2,8,0,1,1.7241465324998628,1.9579553265902723,2.1243986197965756,1.7099596514917696
clip_1.mp4,3,0,4:2:0,2,8,0,1,1.5357110588081946,1.7083314110211103,1.8666954736955816,1.8502993184156378
clip_1.mp4,4,0,4:2:0,2,8,0,1,1.4289435492873888,1.5523467866062177,1.6905266590575574,1.9214779449588477
clip_1.mp4,5,0,4:2:0,2,8,0,1,1.4073934308065499,1.4983351831298557,1.6174020479604636,1.9578023726851852
clip_1.mp4,6,0,4:2:0,2,8,0,1,1.4067632640489762,1.4970803467774074,1.6157888503088824,1.9577924061213992
clip_1.mp4,7,0,4:2:0,2,8,0,1,1.375484066115571,1.4531836045905353,1.5664281570295882,1.9671352559156379
clip_1.mp4,8,1,4:2:0,2,8,0,1,1.0,1.0,1.0,0.36298482510288066
clip_1.mp4,9,0,4:2:0,2,8,0,1,2.0557927234296525,2.7497533496706024,2.756273925988941,1.3675397055041152
clip_1.mp4,10,0,4:2:0,2,8,0,1,1.8520007073613813,2.5154791250169835,2.532412337694059,1.4622601594650206
clip_1.mp4,11,0,4:2:0,2,8,0,1,1.8360288792042458,2.4930268346638456,2.5139664804469275,1.4623450360082304
clip_1.mp4,12,0,4:2:0,2,8,0,1,1.7513010606114352,2.3788546255506606,2.38902816693703,1.5098450360082305
clip_1.mp4,13,0,4:2:0,2,8,0,1,1.5778636444571603,2.0016525989821843,2.0230401798257938,1.6831393068415639
clip_1.mp4,14,0,4:2:0,2,8,0,1,1.4930230548795416,1.848761073308512,1.8783561485002862,1.7291861175411523
clip_1.mp4,15,0,4:2:0,2,8,0,1,1.449372609541703,1.788980377811674,1.8334995649682746,1.7632174318415639
clip_1.mp4,16,1,4:2:0,2,8,0,1,1.0,1.0,1.0,0.37066567001028805
clip_1.mp4,17,0,4:2:0,2,8,0,1,4.518158919964789,6.166876829007161,5.704476429420309,0.845473733281893
clip_1.mp4,18,0,4:2:0,2,8,0,1,3.1825548843377045,4.494304093770048,4.195872116552003,1.0081195344650207
clip_1.mp4,19,0,4:2:0,2,8,0,1,2.4803175036063645,3.3445592846359307,3.206016227983376,1.1393817515432099
clip_1.mp4,0,1,4:2:0,2,10,0,1,1.0,1.0,1.0,0.37417840149176956
clip_1.mp4,1,0,4:2:0,2,10,0,1,15.426734912510415,17.99250312369846,17.770464829288358,0.5299863361625514
clip_1.mp4,2,0,4:2:0,2,10,0,1,1.7241465324998628,1.9579553265902723,2.1243986197965756,1.7099596514917696
clip_1.mp4,3,0,4:2:0,2,10,0,1,1.5357110588081946,1.7083314110211103,1.8666954736955816,1.8502993184156378
clip_1.mp4,4,0,4:2:0,2,10,0,1,1.4289435492873888,1.5523467866062177,1.6905266590575574,1.9214779449588477
clip_1.mp4,5,0,4:2:0,2,10,0,1,1.4073934308065499,1.4983351831298557,1.6174020479604636,1.9578023726851852
clip_1.mp4,6,0,4:2:0,2,10,0,1,1.4067632640489762,1.4970803467774074,1.6157888503088824,1.9577924061213992
clip_1.mp4,7,0,4:2:0,2,10,0,1,1.375484066115571,1.4531836045905353,1.5664281570295882,1.9671352559156379
clip_1.mp4,8,0,4:2:0,2,10,0,1,1.3456040098168873,1.4291621867504756,1.5441071343468522,1.9803686021090534
clip_1.mp4,9,0,4:2:0,2,10,0,1,1.3218032517277911,1.394328011361191,1.493732891514191,1.9905050797325103
clip_1.mp4,10,1,4:2:0,2,10,0,1,1.0,1.0,1.0,0.36426649305555553
clip_1.mp4,11,0,4:2:0,2,10,0,1,35.44615384615385,63.34310850439883,62.47288503253796,0.41294013631687243
clip_1.mp4,12,0,4:2:0,2,10,0,1,7.244270542202348,11.372411372411372,11.095890410958905,0.6041761509773662
clip_1.mp4,13,0,4:2:0,2,10,0,1,2.4248434189169594,3.2425940752602083,3.195778416166299,1.2862633423353909
clip_1.mp4,14,0,4:2:0,2,10,0,1,1.954544769028911,2.5433707512363606,2.5668449197860963,1.4109900655864198
clip_1.mp4,15,0,4:2:0,2,10,0,1,1.7631753481965207,2.288822563269343,2.3528557423477725,1.5109411972736626
clip_1.mp4,16,0,4:2:0,2,10,0,1,1.7363344051446945,2.283539486203616,2.355721166954467,1.512116930298354
clip_1.mp4,17,0,4:2:0,2,10,0,1,1.6405790129942466,2.0846570208385273,2.1300899864403995,1.5942111947016462
clip_1.mp4,18,0,4:2:0,2,10,0,1,1.5907549642049448,2.009006425410211,2.049886908245417,1.6271889467592593
clip_1.mp4,19,0,4:2:0,2,10,0,1,1.5343769701382537,1.9165218677215423,1.95242471263502,1.6551583397633745
clip_1.mp4,0,1,4:2:0,4,1,0,1,1.0,1.0,1.0,0.37417840149176956
clip_1.mp4,1,1,4:2:0,4,1,0,1,1.0,1.0,1.0,0.3745227301954733
clip_1.mp4,2,1,4:2:0,4,1,0,1,1.0,1.0,1.0,0.36686985596707816
clip_1.mp4,3,1,4:2:0,4,1,0,1,1.0,1.0,1.0,0.3627911201131687
clip_1.mp4,4,1,4:2:0,4,1,0,1,1.0,1.0,1.0,0.3625393840020576
clip_1.mp4,5,1,4:2:0,4,1,0,1,1.0,1.0,1.0,0.36160509902263377
clip_1.mp4,6,1,4:2:0,4,1,0,1,1.0,1.0,1.0,0.36182950745884773
clip_1.mp4,7,1,4:2:0,4,1,0,1,1.0,1.0,1.0,0.3614322916666667
clip_1.mp4,8,1,4:2:0,4,1,0,1,1.0,1.0,1.0,0.36298482510288066
clip_1.mp4,9,1,4:2:0,4,1,0,1,1.0,1.0,1.0,0.3651067386831276
clip_1.mp4,10,1,4:2:0,4,1,0,1,1.0,1.0,1.0,0.36426649305555553
clip_1.mp4,11,1,4:2:0,4,1,0,1,1.0,1.0,1.0,0.3642113554526749
clip_1.mp4,12,1,4:2:0,4,1,0,1,1.0,1.0,1.0,0.3649289480452675
clip_1.mp4,13,1,4:2:0,4,1,0,1,1.0,1.0,1.0,0.3652276234567901
clip_1.mp4,14,1,4:2:0,4,1,0,1,1.0,1.0,1.0,0.3696587255658436
clip_1.mp4,15,1,4:2:0,4,1,0,1,1.0,1.0,1.0,0.3702713477366255
clip_1.mp4,16,1,4:2:0,4,1,0,1,1.0,1.0,1.0,0.37066567001028805
clip_1.mp4,17,1,4:2:0,4,1,0,1,1.0,1.0,1.0,0.37025093235596707
clip_1.mp4,18,1,4:2:0,4,1,0,1,1.0,1.0,1.0,0.3701266718106996
clip_1.mp4,19,1,4:2:0,4,1,0,1,1.0,1.0,1.0,0.3713728137860082
clip_1.mp4,0,1,4:2:0,4,2,0,1,1.0,1.0,1.0,0.37417840149176956
clip_1.mp4,1,0,4:2:0,4,2,0,1,20.413065306845702,25.68880079286422,30.78019237620235,1.2131179269547325
clip_1.mp4,2,1,4:2:0,4,2,0,1,1.0,1.0,1.0,0.36686985596707816
clip_1.mp4,3,0,4:2:0,4,2,0,1,4.033738989697781,4.478849875587503,6.2159764023118065,7.5583691808127575
clip_1.mp4,4,1,4:2:0,4,2,0,1,1.0,1.0,1.0,0.3625393840020576
clip_1.mp4,5,0,4:2:0,4,2,0,1,3.8529000802687516,5.941547277936963,6.6902408176961,6.039002057613168
clip_1.mp4,6,1,4:2:0,4,2,0,1,1.0,1.0,1.0,0.36182950745884773
clip_1.mp4,7,0,4:2:0,4,2,0,1,3.8999582469747867,5.028225571786067,5.279667576485925,6.804881365740741
clip_1.mp4,8,1,4:2:0,4,2,0,1,1.0,1.0,1.0,0.36298482510288066
clip_1.mp4,9,0,4:2:0,4,2,0,1,3.3295759993063383,3.9788164862997926,3.8701007838745802,8.21519274048354
clip_1.mp4,10,1,4:2:0,4,2,0,1,1.0,1.0,1.0,0.36426649305555553
clip_1.mp4,11,0,4:2:0,4,2,0,1,44.415884847705954,88.31345826235093,88.31345826235093,0.6159910300925926
clip_1.mp4,12,1,4:2:0,4,2,0,1,1.0,1.0,1.0,0.3649289480452675
clip_1.mp4,13,0,4:2:0,4,2,0,1,4.195413694173441,8.375880566147483,6.407752589552793,4.8432532793209875
clip_1.mp4,14,1,4:2:0,4,2,0,1,1.0,1.0,1.0,0.3696587255658436
clip_1.mp4,15,0,4:2:0,4,2,0,1,7.58299384905688,13.28141012502562,10.285714285714286,2.7398701131687244
clip_1.mp4,16,1,4:2:0,4,2,0,1,1.0,1.0,1.0,0.37066567001028805
clip_1.mp4,17,0,4:2:0,4,2,0,1,6.627333917145542,10.700132100396301,9.574821764988364,2.916440329218107
clip_1.mp4,18,1,4:2:0,4,2,0,1,1.0,1.0,1.0,0.3701266718106996
clip_1.mp4,19,0,4:2:0,4,2,0,1,6.863134482484709,8.333333333333334,8.003705419175544,3.1286829668209877
clip_1.mp4,0,1,4:2:0,4,4,0,1,1.0,1.0,1.0,0.37417840149176956
clip_1.mp4,1,0,4:2:0,4,4,0,1,20.413065306845702,25.68880079286422,30.78019237620235,1.2131179269547325
clip_1.mp4,2,0,4:2:0,4,4,0,1,3.1026217273295846,3.132742721086791,4.204856999172655,9.6112299061214
clip_1.mp4,3,0,4:2:0,4,4,0,1,2.7465409954621673,2.998923997176939,3.5748765619397016,10.722161297582305
clip_1.mp4,4,1,4:2:0,4,4,0,1,1.0,1.0,1.0,0.3625393840020576
clip_1.mp4,5,0,4:2:0,4,4,0,1,3.8529000802687516,5.941547277936963,6.6902408176961,6.039002057613168
clip_1.mp4,6,0,4:2:0,4,4,0,1,3.7728845754959006,5.821317881687104,6.514526993063235,6.2355790252057615
clip_1.mp4,7,0,4:2:0,4,4,0,1,3.1634832489168243,4.027346177750156,4.260214983070905,8.665752475565844
clip_1.mp4,8,1,4:2:0,4,4,0,1,1.0,1.0,1.0,0.36298482510288066
clip_1.mp4,9,0,4:2:0,4,4,0,1,3.3295759993063383,3.9788164862997926,3.8701007838745802,8.21519274048354
clip_1.mp4,10,0,4:2:0,4,4,0,1,3.045810541653692,3.775288754242102,3.58898381357223,8.921243730709877
clip_1.mp4,11,0,4:2:0,4,4,0,1,3.033894287745911,3.7594094014242825,3.575813594161712,8.911787551440328
clip_1.mp4,12,1,4:2:0,4,4,0,1,1.0,1.0,1.0,0.3649289480452675
clip_1.mp4,13,0,4:2:0,4,4,0,1,4.195413694173441,8.375880566147483,6.407752589552793,4.8432532793209875
clip_1.mp4,14,0,4:2:0,4,4,0,1,3.2665200597349733,5.3328944119825525,4.380376185084414,6.665882040895061
clip_1.mp4,15,0,4:2:0,4,4,0,1,2.9426122495317024,4.984902975171645,3.9954373092456144,7.54384564686214
clip_1.mp4,16,1,4:2:0,4,4,0,1,1.0,1.0,1.0,0.37066567001028805
clip_1.mp4,17,0,4:2:0,4,4,0,1,6.627333917145542,10.700132100396301,9.574821764988364,2.916440329218107
clip_1.mp4,18,0,4:2:0,4,4,0,1,4.756203294661657,7.699848498351305,6.591897459372854,4.1023410172325105
clip_1.mp4,19,0,4:2:0,4,4,0,1,3.7983309032026438,5.332565268376983,4.773480662983426,5.456009194958848
clip_1.mp4,0,1,4:2:0,4,6,0,1,1.0,1.0,1.0,0.37417840149176956
clip_1.mp4,1,0,4:2:0,4,6,0,1,20.413065306845702,25.68880079286422,30.78019237620235,1.2131179269547325
clip_1.mp4,2,0,4:2:0,4,6,0,1,3.1026217273295846,3.132742721086791,4.204856999172655,9.6112299061214
clip_1.mp4,3,0,4:2:0,4,6,0,1,2.7465409954621673,2.998923997176939,3.5748765619397016,10.722161297582305
clip_1.mp4,4,0,4:2:0,4,6,0,1,2.488981073373088,2.70385863158883,3.003302242048549,11.841359792952675
clip_1.mp4,5,0,4:2:0,4,6,0,1,2.4501312739122936,2.6600985221674875,2.984868375595937,12.082976144547326
clip_1.mp4,6,1,4:2:0,4,6,0,1,1.0,1.0,1.0,0.36182950745884773
clip_1.mp4,7,0,4:2:0,4,6,0,1,3.8999582469747867,5.028225571786067,5.279667576485925,6.804881365740741
clip_1.mp4,8,0,4:2:0,4,6,0,1,3.576467341623691,3.643878368689638,3.4807831762146484,9.511554623199588
clip_1.mp4,9,0,4:2:0,4,6,0,1,2.9370938408280973,3.156510302498904,2.903941383405409,10.84579748585391
clip_1.mp4,10,0,4:2:0,4,6,0,1,2.828999426996644,3.1573946621514626,2.8824020016680567,11.037455793467078
clip_1.mp4,11,0,4:2:0,4,6,0,1,2.817291780453408,3.1603204213760563,2.8790083415712364,11.042795621141975
clip_1.mp4,12,1,4:2:0,4,6,0,1,1.0,1.0,1.0,0.3649289480452675
clip_1.mp4,13,0,4:2:0,4,6,0,1,4.195413694173441,8.375880566147483,6.407752589552793,4.8432532793209875
clip_1.mp4,14,0,4:2:0,4,6,0,1,3.2665200597349733,5.3328944119825525,4.380376185084414,6.665882040895061
clip_1.mp4,15,0,4:2:0,4,6,0,1,2.9426122495317024,4.984902975171645,3.9954373092456144,7.54384564686214
clip_1.mp4,16,0,4:2:0,4,6,0,1,2.8738212842388866,4.913744075829384,3.9602145116193794,7.638424157664609
clip_1.mp4,17,0,4:2:0,4,6,0,1,2.7274377395517932,4.629315425693415,3.6987356945118295,8.260013663837448
clip_1.mp4,18,1,4:2:0,4,6,0,1,1.0,1.0,1.0,0.3701266718106996
clip_1.mp4,19,0,4:2:0,4,6,0,1,6.863134482484709,8.333333333333334,8.003705419175544,3.1286829668209877
clip_1.mp4,0,1,4:2:0,4,8,0,1,1.0,1.0,1.0,0.37417840149176956
clip_1.mp4,1,0,4:2:0,4,8,0,1,20.413065306845702,25.68880079286422,30.78019237620235,1.2131179269547325
clip_1.mp4,2,0,4:2:0,4,8,0,1,3.1026217273295846,3.132742721086791,4.204856999172655,9.6112299061214
clip_1.mp4,3,0,4:2:0,4,8,0,1,2.7465409954621673,2.998923997176939,3.5748765619397016,10.722161297582305
clip_1.mp4,4,0,4:2:0,4,8,0,1,2.488981073373088,2.70385863158883,3.003302242048549,11.841359792952675
clip_1.mp4,5,0,4:2:0,4,8,0,1,2.4501312739122936,2.6600985221674875,2.984868375595937,12.082976144547326
clip_1.mp4,6,0,4:2:0,4,8,0,1,2.4504729356041803,2.65748031496063,2.978043820444179,12.083094296553497
clip_1.mp4,7,0,4:2:0,4,8,0,1,2.3611503320367655,2.555986155074993,2.8379976350019707,12.231384387860082
clip_1.mp4,8,1,4:2:0,4,8,0,1,1.0,1.0,1.0,0.36298482510288066
clip_1.mp4,9,0,4:2:0,4,8,0,1,3.3295759993063383,3.9788164862997926,3.8701007838745802,8.21519274048354
clip_1.mp4,10,0,4:2:0,4,8,0,1,3.045810541653692,3.775288754242102,3.58898381357223,8.921243730709877
clip_1.mp4,11,0,4:2:0,4,8,0,1,3.033894287745911,3.7594094014242825,3.575813594161712,8.911787551440328
clip_1.mp4,12,0,4:2:0,4,8,0,1,2.9285901922734707,3.5519986844449316,3.3589052456976987,9.497049736368313
clip_1.mp4,13,0,4:2:0,4,8,0,1,2.6873261778435555,3.636975921872369,3.1374067977147284,9.916753150720165
clip_1.mp4,14,0,4:2:0,4,8,0,1,2.5666797047130063,3.320820468143441,2.884551180751853,10.518835680298354
clip_1.mp4,15,0,4:2:0,4,8,0,1,2.5042631408599707,3.335435137882668,2.842510445567899,10.683714313271604
clip_1.mp4,16,1,4:2:0,4,8,0,1,1.0,1.0,1.0,0.37066567001028805
clip_1.mp4,17,0,4:2:0,4,8,0,1,6.627333917145542,10.700132100396301,9.574821764988364,2.916440329218107
clip_1.mp4,18,0,4:2:0,4,8,0,1,4.756203294661657,7.699848498351305,6.591897459372854,4.1023410172325105
clip_1.mp4,19,0,4:2:0,4,8,0,1,3.7983309032026438,5.332565268376983,4.773480662983426,5.456009194958848
clip_1.mp4,0,1,4:2:0,4,10,0,1,1.0,1.0,1.0,0.37417840149176956
clip_1.mp4,1,0,4:2:0,4,10,0,1,20.413065306845702,25.68880079286422,30.78019237620235,1.2131179269547325
clip_1.mp4,2,0,4:2:0,4,10,0,1,3.1026217273295846,3.132742721086791,4.204856999172655,9.6112299061214
clip_1.mp4,3,0,4:2:0,4,10,0,1,2.7465409954621673,2.998923997176939,3.5748765619397016,10.722161297582305
clip_1.mp4,4,0,4:2:0,4,10,0,1,2.488981073373088,2.70385863158883,3.003302242048549,11.841359792952675
clip_1.mp4,5,0,4:2:0,4,10,0,1,2.4501312739122936,2.6600985221674875,2.984868375595937,12.082976144547326
clip_1.mp4,6,0,4:2:0,4,10,0,1,2.4504729356041803,2.65748031496063,2.978043820444179,12.083094296553497
clip_1.mp4,7,0,4:2:0,4,10,0,1,2.3611503320367655,2.555986155074993,2.8379976350019707,12.231384387860082
clip_1.mp4,8,0,4:2:0,4,10,0,1,2.287423802180201,2.5059942764328254,2.7641218687681954,12.359091435185185
clip_1.mp4,9,0,4:2:0,4,10,0,1,2.244923588586573,2.450229709035222,2.629630005376944,12.53503649048354
clip_1.mp4,10,1,4:2:0,4,10,0,1,1.0,1.0,1.0,0.36426649305555553
clip_1.mp4,11,0,4:2:0,4,10,0,1,44.415884847705954,88.31345826235093,88.31345826235093,0.6159910300925926
clip_1.mp4,12,0,4:2:0,4,10,0,1,9.207406420674037,14.150788884642681,13.274608214688108,2.2919717721193416
clip_1.mp4,13,0,4:2:0,4,10,0,1,3.766757493188011,7.072112629941884,5.4025887404381265,5.555856802983539
clip_1.mp4,14,0,4:2:0,4,10,0,1,3.137539718565592,4.963045226515528,4.046206681236341,7.134366319444444
clip_1.mp4,15,0,4:2:0,4,10,0,1,2.8804080578081894,4.7396138092451725,3.7704011869781513,7.897260802469136
clip_1.mp4,16,0,4:2:0,4,10,0,1,2.8213550014558497,4.6779404067931205,3.7409075164530656,7.987865708590535
clip_1.mp4,17,0,4:2:0,4,10,0,1,2.698496150582748,4.478695096243563,3.5376489374769684,8.542884516460905
clip_1.mp4,18,0,4:2:0,4,10,0,1,2.627244484763097,4.219093350695857,3.403987077456465,8.886223636831275
clip_1.mp4,19,0,4:2:0,4,10,0,1,2.5366502906578456,3.8377826144894063,3.1746031746031744,9.29913242669753
clip_1.mp4,0,1,4:2:0,8,1,0,1,1.0,1.0,1.0,0.37417840149176956
clip_1.mp4,1,1,4:2:0,8,1,0,1,1.0,1.0,1.0,0.3745227301954733
clip_1.mp4,2,1,4:2:0,8,1,0,1,1.0,1.0,1.0,0.36686985596707816
clip_1.mp4,3,1,4:2:0,8,1,0,1,1.0,1.0,1.0,0.3627911201131687
clip_1.mp4,4,1,4:2:0,8,1,0,1,1.0,1.0,1.0,0.3625393840020576
clip_1.mp4,5,1,4:2:0,8,1,0,1,1.0,1.0,1.0,0.36160509902263377
clip_1.mp4,6,1,4:2:0,8,1,0,1,1.0,1.0,1.0,0.36182950745884773
clip_1.mp4,7,1,4:2:0,8,1,0,1,1.0,1.0,1.0,0.3614322916666667
clip_1.mp4,8,1,4:2:0,8,1,0,1,1.0,1.0,1.0,0.36298482510288066
clip_1.mp4,9,1,4:2:0,8,1,0,1,1.0,1.0,1.0,0.3651067386831276
clip_1.mp4,10,1,4:2:0,8,1,0,1,1.0,1.0,1.0,0.36426649305555553
clip_1.mp4,11,1,4:2:0,8,1,0,1,1.0,1.0,1.0,0.3642113554526749
clip_1.mp4,12,1,4:2:0,8,1,0,1,1.0,1.0,1.0,0.3649289480452675
clip_1.mp4,13,1,4:2:0,8,1,0,1,1.0,1.0,1.0,0.3652276234567901
clip_1.mp4,14,1,4:2:0,8,1,0,1,1.0,1.0,1.0,0.3696587255658436
clip_1.mp4,15,1,4:2:0,8,1,0,1,1.0,1.0,1.0,0.3702713477366255
clip_1.mp4,16,1,4:2:0,8,1,0,1,1.0,1.0,1.0,0.37066567001028805
clip_1.mp4,17,1,4:2:0,8,1,0,1,1.0,1.0,1.0,0.37025093235596707
clip_1.mp4,18,1,4:2:0,8,1,0,1,1.0,1.0,1.0,0.3701266718106996
clip_1.mp4,19,1,4:2:0,8,1,0,1,1.0,1.0,1.0,0.3713728137860082
clip_1.mp4,0,1,4:2:0,8,2,0,1,1.0,1.0,1.0,0.37417840149176956
clip_1.mp4,1,0,4:2:0,8,2,0,1,20.520534388916378,25.757726324157804,30.897604005244965,4.1310058191872425
clip_1.mp4,2,1,4:2:0,8,2,0,1,1.0,1.0,1.0,0.36686985596707816
clip_1.mp4,3,0,4:2:0,8,2,0,1,5.235358870519799,4.630059662034225,6.476276141218799,34.651146315586416
clip_1.mp4,4,1,4:2:0,8,2,0,1,1.0,1.0,1.0,0.3625393840020576
clip_1.mp4,5,0,4:2:0,8,2,0,1,4.250939938253129,6.0949514426129285,6.810478467642345,26.20257008744856
clip_1.mp4,6,1,4:2:0,8,2,0,1,1.0,1.0,1.0,0.36182950745884773
clip_1.mp4,7,0,4:2:0,8,2,0,1,4.200734156085149,5.113031127944136,5.315941672306651,35.54040059156379
clip_1.mp4,8,1,4:2:0,8,2,0,1,1.0,1.0,1.0,0.36298482510288066
clip_1.mp4,9,0,4:2:0,8,2,0,1,3.6322106457964027,4.034555218304926,3.9061440390614406,45.36684879758231
clip_1.mp4,10,1,4:2:0,8,2,0,1,1.0,1.0,1.0,0.36426649305555553
clip_1.mp4,11,0,4:2:0,8,2,0,1,44.87340402510279,88.31345826235093,88.31345826235093,1.5042467206790124
clip_1.mp4,12,1,4:2:0,8,2,0,1,1.0,1.0,1.0,0.3649289480452675
clip_1.mp4,13,0,4:2:0,8,2,0,1,4.533370645025885,8.724628900333233,6.487947735976571,19.247776331018517
clip_1.mp4,14,1,4:2:0,8,2,0,1,1.0,1.0,1.0,0.3696587255658436
clip_1.mp4,15,0,4:2:0,8,2,0,1,7.858176884772509,13.422401739940966,10.320525582321322,11.041043434927984
clip_1.mp4,16,1,4:2:0,8,2,0,1,1.0,1.0,1.0,0.37066567001028805
clip_1.mp4,17,0,4:2:0,8,2,0,1,6.815985484475357,10.792355414914436,9.60960960960961,12.118147022890946
clip_1.mp4,18,1,4:2:0,8,2,0,1,1.0,1.0,1.0,0.3701266718106996
clip_1.mp4,19,0,4:2:0,8,2,0,1,6.979891073844931,8.359672321486164,8.014098877655133,15.141609439300412
clip_1.mp4,0,1,4:2:0,8,4,0,1,1.0,1.0,1.0,0.37417840149176956
clip_1.mp4,1,0,4:2:0,8,4,0,1,20.520534388916378,25.757726324157804,30.897604005244965,4.1310058191872425
clip_1.mp4,2,0,4:2:0,8,4,0,1,4.816724738675958,3.392670157068063,4.761642325709562,44.5784670781893
clip_1.mp4,3,0,4:2:0,8,4,0,1,5.202964806720496,3.6995275680459017,4.7396138092451725,48.097344393004114
clip_1.mp4,4,1,4:2:0,8,4,0,1,1.0,1.0,1.0,0.3625393840020576
clip_1.mp4,5,0,4:2:0,8,4,0,1,4.250939938253129,6.0949514426129285,6.810478467642345,26.20257008744856
clip_1.mp4,6,0,4:2:0,8,4,0,1,4.175543589888161,5.9689119170984455,6.62796941723988,27.312230259773663
clip_1.mp4,7,0,4:2:0,8,4,0,1,4.215593793709137,4.39046699527415,4.537974018698134,42.812538740997944
clip_1.mp4,8,1,4:2:0,8,4,0,1,1.0,1.0,1.0,0.36298482510288066
clip_1.mp4,9,0,4:2:0,8,4,0,1,3.6322106457964027,4.034555218304926,3.9061440390614406,45.36684879758231
clip_1.mp4,10,0,4:2:0,8,4,0,1,3.4171245134519617,3.853301024276391,3.638354318440224,49.03224906764403
clip_1.mp4,11,0,4:2:0,8,4,0,1,3.4139739803024765,3.8456402723995193,3.6295912508926946,48.905066390174895
clip_1.mp4,12,1,4:2:0,8,4,0,1,1.0,1.0,1.0,0.3649289480452675
clip_1.mp4,13,0,4:2:0,8,4,0,1,4.533370645025885,8.724628900333233,6.487947735976571,19.247776331018517
clip_1.mp4,14,0,4:2:0,8,4,0,1,3.7548347843722385,5.700085765179337,4.496643130995958,29.699303144290123
clip_1.mp4,15,0,4:2:0,8,4,0,1,3.5105183499751136,5.507979345077456,4.134696677248002,32.74994405864197
clip_1.mp4,16,1,4:2:0,8,4,0,1,1.0,1.0,1.0,0.37066567001028805
clip_1.mp4,17,0,4:2:0,8,4,0,1,6.815985484475357,10.792355414914436,9.60960960960961,12.118147022890946
clip_1.mp4,18,0,4:2:0,8,4,0,1,5.024886954583125,7.81924039940873,6.640534931980632,18.11625160751029
clip_1.mp4,19,0,4:2:0,8,4,0,1,4.172031934071594,5.460405738481956,4.843320813946971,25.86330423739712
clip_1.mp4,0,1,4:2:0,8,6,0,1,1.0,1.0,1.0,0.37417840149176956
clip_1.mp4,1,0,4:2:0,8,6,0,1,20.520534388916378,25.757726324157804,30.897604005244965,4.1310058191872425
clip_1.mp4,2,0,4:2:0,8,6,0,1,4.816724738675958,3.392670157068063,4.761642325709562,44.5784670781893
clip_1.mp4,3,0,4:2:0,8,6,0,1,5.202964806720496,3.6995275680459017,4.7396138092451725,48.097344393004114
clip_1.mp4,4,0,4:2:0,8,6,0,1,4.9518805970149256,3.603353120264691,3.9242997728993188,55.800329218106995
clip_1.mp4,5,0,4:2:0,8,6,0,1,5.014727861050249,3.741231488698363,4.190242167545023,54.094015882201646
clip_1.mp4,6,1,4:2:0,8,6,0,1,1.0,1.0,1.0,0.36182950745884773
clip_1.mp4,7,0,4:2:0,8,6,0,1,4.200734156085149,5.113031127944136,5.315941672306651,35.54040059156379
clip_1.mp4,8,0,4:2:0,8,6,0,1,4.416575790621592,3.791302821536706,3.547574729004708,51.15464457947531
clip_1.mp4,9,0,4:2:0,8,6,0,1,5.329495219492135,3.428480728023068,3.0240806421504574,59.26184301054527
clip_1.mp4,10,0,4:2:0,8,6,0,1,5.331989364820596,3.4704370179948585,3.017532422175138,59.929139660493824
clip_1.mp4,11,0,4:2:0,8,6,0,1,5.325006163201578,3.4776541934445144,3.016724665681265,59.8273069380144
clip_1.mp4,12,1,4:2:0,8,6,0,1,1.0,1.0,1.0,0.3649289480452675
clip_1.mp4,13,0,4:2:0,8,6,0,1,4.533370645025885,8.724628900333233,6.487947735976571,19.247776331018517
clip_1.mp4,14,0,4:2:0,8,6,0,1,3.7548347843722385,5.700085765179337,4.496643130995958,29.699303144290123
clip_1.mp4,15,0,4:2:0,8,6,0,1,3.5105183499751136,5.507979345077456,4.134696677248002,32.74994405864197
clip_1.mp4,16,0,4:2:0,8,6,0,1,3.421962875927442,5.431571006475137,4.097440680377495,33.442450970936214
clip_1.mp4,17,0,4:2:0,8,6,0,1,3.3294049266715264,5.286020189660446,3.8829715518403667,35.576333108281894
clip_1.mp4,18,1,4:2:0,8,6,0,1,1.0,1.0,1.0,0.3701266718106996
clip_1.mp4,19,0,4:2:0,8,6,0,1,6.979891073844931,8.359672321486164,8.014098877655133,15.141609439300412
clip_1.mp4,0,1,4:2:0,8,8,0,1,1.0,1.0,1.0,0.37417840149176956
clip_1.mp4,1,0,4:2:0,8,8,0,1,20.520534388916378,25.757726324157804,30.897604005244965,4.1310058191872425
clip_1.mp4,2,0,4:2:0,8,8,0,1,4.816724738675958,3.392670157068063,4.761642325709562,44.5784670781893
clip_1.mp4,3,0,4:2:0,8,8,0,1,5.202964806720496,3.6995275680459017,4.7396138092451725,48.097344393004114
clip_1.mp4,4,0,4:2:0,8,8,0,1,4.9518805970149256,3.603353120264691,3.9242997728993188,55.800329218106995
clip_1.mp4,5,0,4:2:0,8,8,0,1,5.014727861050249,3.741231488698363,4.190242167545023,54.094015882201646
clip_1.mp4,6,0,4:2:0,8,8,0,1,5.0456483229837845,3.744961206709722,4.177007122828504,54.08766026877572
clip_1.mp4,7,0,4:2:0,8,8,0,1,4.7753714638392735,3.763230105840847,4.033487908873051,54.746397087191355
clip_1.mp4,8,1,4:2:0,8,8,0,1,1.0,1.0,1.0,0.36298482510288066
clip_1.mp4,9,0,4:2:0,8,8,0,1,3.6322106457964027,4.034555218304926,3.9061440390614406,45.36684879758231
clip_1.mp4,10,0,4:2:0,8,8,0,1,3.4171245134519617,3.853301024276391,3.638354318440224,49.03224906764403
clip_1.mp4,11,0,4:2:0,8,8,0,1,3.4139739803024765,3.8456402723995193,3.6295912508926946,48.905066390174895
clip_1.mp4,12,0,4:2:0,8,8,0,1,3.3744727386345885,3.6484945737088808,3.4222339582783206,52.92118039480453
clip_1.mp4,13,0,4:2:0,8,8,0,1,3.3520853540252182,3.8946403618168977,3.2451923076923075,51.09967672968107
clip_1.mp4,14,0,4:2:0,8,8,0,1,3.4870815199478016,3.6541009952913974,3.013077593722755,55.204915927211935
clip_1.mp4,15,0,4:2:0,8,8,0,1,3.5358633672550677,3.815299468625344,2.991240926453787,54.564061696244856
clip_1.mp4,16,1,4:2:0,8,8,0,1,1.0,1.0,1.0,0.37066567001028805
clip_1.mp4,17,0,4:2:0,8,8,0,1,6.815985484475357,10.792355414914436,9.60960960960961,12.118147022890946
clip_1.mp4,18,0,4:2:0,8,8,0,1,5.024886954583125,7.81924039940873,6.640534931980632,18.11625160751029
clip_1.mp4,19,0,4:2:0,8,8,0,1,4.172031934071594,5.460405738481956,4.843320813946971,25.86330423739712
clip_1.mp4,0,1,4:2:0,8,10,0,1,1.0,1.0,1.0,0.37417840149176956
clip_1.mp4,1,0,4:2:0,8,10,0,1,20.520534388916378,25.757726324157804,30.897604005244965,4.1310058191872425
clip_1.mp4,2,0,4:2:0,8,10,0,1,4.816724738675958,3.392670157068063,4.761642325709562,44.5784670781893
clip_1.mp4,3,0,4:2:0,8,10,0,1,5.202964806720496,3.6995275680459017,4.7396138092451725,48.097344393004114
clip_1.mp4,4,0,4:2:0,8,10,0,1,4.9518805970149256,3.603353120264691,3.9242997728993188,55.800329218106995
clip_1.mp4,5,0,4:2:0,8,10,0,1,5.014727861050249,3.741231488698363,4.190242167545023,54.094015882201646
clip_1.mp4,6,0,4:2:0,8,10,0,1,5.0456483229837845,3.744961206709722,4.177007122828504,54.08766026877572
clip_1.mp4,7,0,4:2:0,8,10,0,1,4.7753714638392735,3.763230105840847,4.033487908873051,54.746397087191355
clip_1.mp4,8,0,4:2:0,8,10,0,1,4.429027903559285,3.825435010404829,3.9523039858497757,55.97037471064815
clip_1.mp4,9,0,4:2:0,8,10,0,1,4.191292396005983,3.954233409610984,3.7528776405519277,59.338718653549385
clip_1.mp4,10,1,4:2:0,8,10,0,1,1.0,1.0,1.0,0.36426649305555553
clip_1.mp4,11,0,4:2:0,8,10,0,1,44.87340402510279,88.31345826235093,88.31345826235093,1.5042467206790124
clip_1.mp4,12,0,4:2:0,8,10,0,1,9.544149053685839,14.241758241758241,13.297763184896368,10.896739647633744
clip_1.mp4,13,0,4:2:0,8,10,0,1,4.121973522045084,7.340488799524228,5.465587044534413,23.89212014531893
clip_1.mp4,14,0,4:2:0,8,10,0,1,3.670452292616613,5.291847859374043,4.14812918093653,33.14209008487654
clip_1.mp4,15,0,4:2:0,8,10,0,1,3.5064816474511384,5.220018125062934,3.8935288109114943,35.521694476594654
clip_1.mp4,16,0,4:2:0,8,10,0,1,3.4292291510937942,5.154413665559687,3.8638125335400395,36.18845196759259
clip_1.mp4,17,0,4:2:0,8,10,0,1,3.3577521714629928,5.086641678277764,3.7040212638257737,37.906473926183125
clip_1.mp4,18,0,4:2:0,8,10,0,1,3.3642676357972614,4.898607147581879,3.5876425645000554,39.66467062114197
clip_1.mp4,19,0,4:2:0,8,10,0,1,3.3411211188630907,4.475833606741379,3.3647917126426337,42.72188223379629
clip_1.mp4,0,1,4:2:0,16,1,0,1,1.0,1.0,1.0,0.37417840149176956
clip_1.mp4,1,1,4:2:0,16,1,0,1,1.0,1.0,1.0,0.3745227301954733
clip_1.mp4,2,1,4:2:0,16,1,0,1,1.0,1.0,1.0,0.36686985596707816
clip_1.mp4,3,1,4:2:0,16,1,0,1,1.0,1.0,1.0,0.3627911201131687
clip_1.mp4,4,1,4:2:0,16,1,0,1,1.0,1.0,1.0,0.3625393840020576
clip_1.mp4,5,1,4:2:0,16,1,0,1,1.0,1.0,1.0,0.36160509902263377
clip_1.mp4,6,1,4:2:0,16,1,0,1,1.0,1.0,1.0,0.36182950745884773
clip_1.mp4,7,1,4:2:0,16,1,0,1,1.0,1.0,1.0,0.3614322916666667
clip_1.mp4,8,1,4:2:0,16,1,0,1,1.0,1.0,1.0,0.36298482510288066
clip_1.mp4,9,1,4:2:0,16,1,0,1,1.0,1.0,1.0,0.3651067386831276
clip_1.mp4,10,1,4:2:0,16,1,0,1,1.0,1.0,1.0,0.36426649305555553
clip_1.mp4,11,1,4:2:0,16,1,0,1,1.0,1.0,1.0,0.3642113554526749
clip_1.mp4,12,1,4:2:0,16,1,0,1,1.0,1.0,1.0,0.3649289480452675
clip_1.mp4,13,1,4:2:0,16,1,0,1,1.0,1.0,1.0,0.3652276234567901
clip_1.mp4,14,1,4:2:0,16,1,0,1,1.0,1.0,1.0,0.3696587255658436
clip_1.mp4,15,1,4:2:0,16,1,0,1,1.0,1.0,1.0,0.3702713477366255
clip_1.mp4,16,1,4:2:0,16,1,0,1,1.0,1.0,1.0,0.37066567001028805
clip_1.mp4,17,1,4:2:0,16,1,0,1,1.0,1.0,1.0,0.37025093235596707
clip_1.mp4,18,1,4:2:0,16,1,0,1,1.0,1.0,1.0,0.3701266718106996
clip_1.mp4,19,1,4:2:0,16,1,0,1,1.0,1.0,1.0,0.3713728137860082
clip_1.mp4,0,1,4:2:0,16,2,0,1,1.0,1.0,1.0,0.37417840149176956
clip_1.mp4,1,0,4:2:0,16,2,0,1,20.521346713378065,25.757726324157804,30.897604005244965,16.609536072530865
clip_1.mp4,2,1,4:2:0,16,2,0,1,1.0,1.0,1.0,0.36686985596707816
clip_1.mp4,3,0,4:2:0,16,2,0,1,5.41209264450256,4.632128241328163,6.481944583375013,155.89172019675925
clip_1.mp4,4,1,4:2:0,16,2,0,1,1.0,1.0,1.0,0.3625393840020576
clip_1.mp4,5,0,4:2:0,16,2,0,1,4.274952686070532,6.095238095238095,6.810478467642345,114.19698575745885
clip_1.mp4,6,1,4:2:0,16,2,0,1,1.0,1.0,1.0,0.36182950745884773
clip_1.mp4,7,0,4:2:0,16,2,0,1,4.229540698314793,5.113636363636363,5.317032144249112,164.89003022119343
clip_1.mp4,8,1,4:2:0,16,2,0,1,1.0,1.0,1.0,0.36298482510288066
clip_1.mp4,9,0,4:2:0,16,2,0,1,3.6439936314463153,4.03468082125679,3.906379515620997,216.12415139531893
clip_1.mp4,10,1,4:2:0,16,2,0,1,1.0,1.0,1.0,0.36426649305555553
clip_1.mp4,11,0,4:2:0,16,2,0,1,44.931744312026005,88.31345826235093,88.31345826235093,5.297667984825103
clip_1.mp4,12,1,4:2:0,16,2,0,1,1.0,1.0,1.0,0.3649289480452675
clip_1.mp4,13,0,4:2:0,16,2,0,1,4.553619662079961,8.724628900333233,6.487947735976571,81.94990885416667
clip_1.mp4,14,1,4:2:0,16,2,0,1,1.0,1.0,1.0,0.3696587255658436
clip_1.mp4,15,0,4:2:0,16,2,0,1,7.870106802085942,13.422401739940966,10.320525582321322,46.827662197788065
clip_1.mp4,16,1,4:2:0,16,2,0,1,1.0,1.0,1.0,0.37066567001028805
clip_1.mp4,17,0,4:2:0,16,2,0,1,6.830174509377656,10.792355414914436,9.60960960960961,52.05913049768518
clip_1.mp4,18,1,4:2:0,16,2,0,1,1.0,1.0,1.0,0.3701266718106996
clip_1.mp4,19,0,4:2:0,16,2,0,1,6.982147306607046,8.359672321486164,8.014098877655133,67.81002604166666
clip_1.mp4,0,1,4:2:0,16,4,0,1,1.0,1.0,1.0,0.37417840149176956
clip_1.mp4,1,0,4:2:0,16,4,0,1,20.521346713378065,25.757726324157804,30.897604005244965,16.609536072530865
clip_1.mp4,2,0,4:2:0,16,4,0,1,5.216262584082551,3.401619443824722,4.788737598610675,203.25480227623456
clip_1.mp4,3,0,4:2:0,16,4,0,1,6.855873250985267,3.7584281882114117,4.8608506488635514,218.74391766332303
clip_1.mp4,4,1,4:2:0,16,4,0,1,1.0,1.0,1.0,0.3625393840020576
clip_1.mp4,5,0,4:2:0,16,4,0,1,4.274952686070532,6.095238095238095,6.810478467642345,114.19698575745885
clip_1.mp4,6,0,4:2:0,16,4,0,1,4.19945805604948,5.969186836469152,6.62796941723988,119.39593733924897
clip_1.mp4,7,0,4:2:0,16,4,0,1,4.331351751047537,4.393145878883408,4.541074650922406,199.96425363297325
clip_1.mp4,8,1,4:2:0,16,4,0,1,1.0,1.0,1.0,0.36298482510288066
clip_1.mp4,9,0,4:2:0,16,4,0,1,3.6439936314463153,4.03468082125679,3.906379515620997,216.12415139531893
clip_1.mp4,10,0,4:2:0,16,4,0,1,3.442196790868617,3.8536447569914216,3.638865100869004,234.0071784979424
clip_1.mp4,11,0,4:2:0,16,4,0,1,3.4415797807187882,3.845982639661696,3.630099575648082,233.40197900591565
clip_1.mp4,12,1,4:2:0,16,4,0,1,1.0,1.0,1.0,0.3649289480452675
clip_1.mp4,13,0,4:2:0,16,4,0,1,4.553619662079961,8.724628900333233,6.487947735976571,81.94990885416667
clip_1.mp4,14,0,4:2:0,16,4,0,1,3.8109100532601143,5.7015903741668685,4.496799153380406,131.98028983410495
clip_1.mp4,15,0,4:2:0,16,4,0,1,3.57647967877914,5.509852687966329,4.1349605168700645,144.53807404192386
clip_1.mp4,16,1,4:2:0,16,4,0,1,1.0,1.0,1.0,0.37066567001028805
clip_1.mp4,17,0,4:2:0,16,4,0,1,6.830174509377656,10.792355414914436,9.60960960960961,52.05913049768518
clip_1.mp4,18,0,4:2:0,16,4,0,1,5.049653956487647,7.823960880195599,6.6412155064183045,79.30290686085391
clip_1.mp4,19,0,4:2:0,16,4,0,1,4.207126307118597,5.462937593525408,4.843682843421225,116.47454700360082
clip_1.mp4,0,1,4:2:0,16,6,0,1,1.0,1.0,1.0,0.37417840149176956
clip_1.mp4,1,0,4:2:0,16,6,0,1,20.521346713378065,25.757726324157804,30.897604005244965,16.609536072530865
clip_1.mp4,2,0,4:2:0,16,6,0,1,5.216262584082551,3.401619443824722,4.788737598610675,203.25480227623456
clip_1.mp4,3,0,4:2:0,16,6,0,1,6.855873250985267,3.7584281882114117,4.8608506488635514,218.74391766332303
clip_1.mp4,4,0,4:2:0,16,6,0,1,7.658160062045278,3.7477769263023957,4.089811761364533,260.65715390303495
clip_1.mp4,5,0,4:2:0,16,6,0,1,8.70536276543044,3.9151121516501775,4.412290407694272,247.21494855967077
clip_1.mp4,6,1,4:2:0,16,6,0,1,1.0,1.0,1.0,0.36182950745884773
clip_1.mp4,7,0,4:2:0,16,6,0,1,4.229540698314793,5.113636363636363,5.317032144249112,164.89003022119343
clip_1.mp4,8,0,4:2:0,16,6,0,1,4.492434615317954,3.792911703590974,3.54844892259672,243.83289367926955
clip_1.mp4,9,0,4:2:0,16,6,0,1,5.6367432150313155,3.4305680554820266,3.026128376958461,303.4961683384774
clip_1.mp4,10,0,4:2:0,16,6,0,1,5.701245497786698,3.473599571160547,3.0197120089472946,308.11716097608024
clip_1.mp4,11,0,4:2:0,16,6,0,1,5.6989578294709995,3.4807831762146484,3.019078901390733,307.5416673096708
clip_1.mp4,12,1,4:2:0,16,6,0,1,1.0,1.0,1.0,0.3649289480452675
clip_1.mp4,13,0,4:2:0,16,6,0,1,4.553619662079961,8.724628900333233,6.487947735976571,81.94990885416667
clip_1.mp4,14,0,4:2:0,16,6,0,1,3.8109100532601143,5.7015903741668685,4.496799153380406,131.98028983410495
clip_1.mp4,15,0,4:2:0,16,6,0,1,3.57647967877914,5.509852687966329,4.1349605168700645,144.53807404192386
clip_1.mp4,16,0,4:2:0,16,6,0,1,3.4854637872145875,5.434076186083566,4.097699786578136,147.93106706532922
clip_1.mp4,17,0,4:2:0,16,6,0,1,3.4088331125000413,5.2886086796841525,3.883553331435506,156.76791891718108
clip_1.mp4,18,1,4:2:0,16,6,0,1,1.0,1.0,1.0,0.3701266718106996
clip_1.mp4,19,0,4:2:0,16,6,0,1,6.982147306607046,8.359672321486164,8.014098877655133,67.81002604166666
clip_1.mp4,0,1,4:2:0,16,8,0,1,1.0,1.0,1.0,0.37417840149176956
clip_1.mp4,1,0,4:2:0,16,8,0,1,20.521346713378065,25.757726324157804,30.897604005244965,16.609536072530865
clip_1.mp4,2,0,4:2:0,16,8,0,1,5.216262584082551,3.401619443824722,4.788737598610675,203.25480227623456
clip_1.mp4,3,0,4:2:0,16,8,0,1,6.855873250985267,3.7584281882114117,4.8608506488635514,218.74391766332303
clip_1.mp4,4,0,4:2:0,16,8,0,1,7.658160062045278,3.7477769263023957,4.089811761364533,260.65715390303495
clip_1.mp4,5,0,4:2:0,16,8,0,1,8.70536276543044,3.9151121516501775,4.412290407694272,247.21494855967077
clip_1.mp4,6,0,4:2:0,16,8,0,1,8.839025388327167,3.9210347174948943,4.398289554062309,247.4554007523148
clip_1.mp4,7,0,4:2:0,16,8,0,1,9.41099583367372,3.985423681904147,4.271166331608608,252.91862413194445
clip_1.mp4,8,1,4:2:0,16,8,0,1,1.0,1.0,1.0,0.36298482510288066
clip_1.mp4,9,0,4:2:0,16,8,0,1,3.6439936314463153,4.03468082125679,3.906379515620997,216.12415139531893
clip_1.mp4,10,0,4:2:0,16,8,0,1,3.442196790868617,3.8536447569914216,3.638865100869004,234.0071784979424
clip_1.mp4,11,0,4:2:0,16,8,0,1,3.4415797807187882,3.845982639661696,3.630099575648082,233.40197900591565
clip_1.mp4,12,0,4:2:0,16,8,0,1,3.41923186006477,3.649110951556363,3.4226858576521852,254.08879935056584
clip_1.mp4,13,0,4:2:0,16,8,0,1,3.430091376469732,3.8961624603544425,3.2458425165297538,242.6079542824074
clip_1.mp4,14,0,4:2:0,16,8,0,1,3.6283464566929133,3.6564206012216283,3.0146545708304258,266.2630713091564
clip_1.mp4,15,0,4:2:0,16,8,0,1,3.7125628428606214,3.8178845502349352,2.993278980067903,262.1963345550412
clip_1.mp4,16,1,4:2:0,16,8,0,1,1.0,1.0,1.0,0.37066567001028805
clip_1.mp4,17,0,4:2:0,16,8,0,1,6.830174509377656,10.792355414914436,9.60960960960961,52.05913049768518
clip_1.mp4,18,0,4:2:0,16,8,0,1,5.049653956487647,7.823960880195599,6.6412155064183045,79.30290686085391
clip_1.mp4,19,0,4:2:0,16,8,0,1,4.207126307118597,5.462937593525408,4.843682843421225,116.47454700360082
clip_1.mp4,0,1,4:2:0,16,10,0,1,1.0,1.0,1.0,0.37417840149176956
clip_1.mp4,1,0,4:2:0,16,10,0,1,20.521346713378065,25.757726324157804,30.897604005244965,16.609536072530865
clip_1.mp4,2,0,4:2:0,16,10,0,1,5.216262584082551,3.401619443824722,4.788737598610675,203.25480227623456
clip_1.mp4,3,0,4:2:0,16,10,0,1,6.855873250985267,3.7584281882114117,4.8608506488635514,218.74391766332303
clip_1.mp4,4,0,4:2:0,16,10,0,1,7.658160062045278,3.7477769263023957,4.089811761364533,260.65715390303495
clip_1.mp4,5,0,4:2:0,16,10,0,1,8.70536276543044,3.9151121516501775,4.412290407694272,247.21494855967077
clip_1.mp4,6,0,4:2:0,16,10,0,1,8.839025388327167,3.9210347174948943,4.398289554062309,247.4554007523148
clip_1.mp4,7,0,4:2:0,16,10,0,1,9.41099583367372,3.985423681904147,4.271166331608608,252.91862413194445
clip_1.mp4,8,0,4:2:0,16,10,0,1,9.762803792879406,4.122596345012963,4.201721538685989,252.57529771090535
clip_1.mp4,9,0,4:2:0,16,10,0,1,10.19739753916969,4.322377307519136,3.987324246992585,259.65650141460907
clip_1.mp4,10,1,4:2:0,16,10,0,1,1.0,1.0,1.0,0.36426649305555553
clip_1.mp4,11,0,4:2:0,16,10,0,1,44.931744312026005,88.31345826235093,88.31345826235093,5.297667984825103
clip_1.mp4,12,0,4:2:0,16,10,0,1,9.589256481164622,14.241758241758241,13.297763184896368,48.87593267746914
clip_1.mp4,13,0,4:2:0,16,10,0,1,4.157694019705738,7.340488799524228,5.465587044534413,104.85994855967078
clip_1.mp4,14,0,4:2:0,16,10,0,1,3.7383716737578423,5.292928467868738,4.148261955060495,150.00885898919753
clip_1.mp4,15,0,4:2:0,16,10,0,1,3.5882633885001143,5.22149030035656,3.893762768897969,159.67901331018518
clip_1.mp4,16,0,4:2:0,16,10,0,1,3.5081070838859865,5.156259324832401,3.8640429338103757,162.98028372556584
clip_1.mp4,17,0,4:2:0,16,10,0,1,3.4533294252444775,5.089038540828147,3.7047624492596194,170.02226080246913
clip_1.mp4,18,0,4:2:0,16,10,0,1,3.4894874478747715,4.9052818833860075,3.58883473637572,178.55788982124486
clip_1.mp4,19,0,4:2:0,16,10,0,1,3.505355404089581,4.484041172908918,3.367545797063791,195.11382105195474
clip_1.mp4,0,1,4:2:0,32,1,0,1,1.0,1.0,1.0,0.37417840149176956
clip_1.mp4,1,1,4:2:0,32,1,0,1,1.0,1.0,1.0,0.3745227301954733
clip_1.mp4,2,1,4:2:0,32,1,0,1,1.0,1.0,1.0,0.36686985596707816
clip_1.mp4,3,1,4:2:0,32,1,0,1,1.0,1.0,1.0,0.3627911201131687
clip_1.mp4,4,1,4:2:0,32,1,0,1,1.0,1.0,1.0,0.3625393840020576
clip_1.mp4,5,1,4:2:0,32,1,0,1,1.0,1.0,1.0,0.36160509902263377
clip_1.mp4,6,1,4:2:0,32,1,0,1,1.0,1.0,1.0,0.36182950745884773
clip_1.mp4,7,1,4:2:0,32,1,0,1,1.0,1.0,1.0,0.3614322916666667
clip_1.mp4,8,1,4:2:0,32,1,0,1,1.0,1.0,1.0,0.36298482510288066
clip_1.mp4,9,1,4:2:0,32,1,0,1,1.0,1.0,1.0,0.3651067386831276
clip_1.mp4,10,1,4:2:0,32,1,0,1,1.0,1.0,1.0,0.36426649305555553
clip_1.mp4,11,1,4:2:0,32,1,0,1,1.0,1.0,1.0,0.3642113554526749
clip_1.mp4,12,1,4:2:0,32,1,0,1,1.0,1.0,1.0,0.3649289480452675
clip_1.mp4,13,1,4:2:0,32,1,0,1,1.0,1.0,1.0,0.3652276234567901
clip_1.mp4,14,1,4:2:0,32,1,0,1,1.0,1.0,1.0,0.3696587255658436
clip_1.mp4,15,1,4:2:0,32,1,0,1,1.0,1.0,1.0,0.3702713477366255
clip_1.mp4,16,1,4:2:0,32,1,0,1,1.0,1.0,1.0,0.37066567001028805
clip_1.mp4,17,1,4:2:0,32,1,0,1,1.0,1.0,1.0,0.37025093235596707
clip_1.mp4,18,1,4:2:0,32,1,0,1,1.0,1.0,1.0,0.3701266718106996
clip_1.mp4,19,1,4:2:0,32,1,0,1,1.0,1.0,1.0,0.3713728137860082
clip_1.mp4,0,1,4:2:0,32,2,0,1,1.0,1.0,1.0,0.37417840149176956
clip_1.mp4,1,0,4:2:0,32,2,0,1,20.521346713378065,25.757726324157804,30.897604005244965,66.28136091820987
clip_1.mp4,2,1,4:2:0,32,2,0,1,1.0,1.0,1.0,0.36686985596707816
clip_1.mp4,3,0,4:2:0,32,2,0,1,5.425971184994845,4.632128241328163,6.481944583375013,657.964597961677
clip_1.mp4,4,1,4:2:0,32,2,0,1,1.0,1.0,1.0,0.3625393840020576
clip_1.mp4,5,0,4:2:0,32,2,0,1,4.275446286819435,6.095238095238095,6.810478467642345,467.8480407664609
clip_1.mp4,6,1,4:2:0,32,2,0,1,1.0,1.0,1.0,0.36182950745884773
clip_1.mp4,7,0,4:2:0,32,2,0,1,4.232856075544723,5.113636363636363,5.317032144249112,674.0865395126028
clip_1.mp4,8,1,4:2:0,32,2,0,1,1.0,1.0,1.0,0.36298482510288066
clip_1.mp4,9,0,4:2:0,32,2,0,1,3.6445572432411533,4.03468082125679,3.906379515620997,912.610608764146
clip_1.mp4,10,1,4:2:0,32,2,0,1,1.0,1.0,1.0,0.36426649305555553
clip_1.mp4,11,0,4:2:0,32,2,0,1,44.931744312026005,88.31345826235093,88.31345826235093,20.227400816615226
clip_1.mp4,12,1,4:2:0,32,2,0,1,1.0,1.0,1.0,0.3649289480452675
clip_1.mp4,13,0,4:2:0,32,2,0,1,4.553819665578868,8.724628900333233,6.487947735976571,325.43429044495883
clip_1.mp4,14,1,4:2:0,32,2,0,1,1.0,1.0,1.0,0.3696587255658436
clip_1.mp4,15,0,4:2:0,32,2,0,1,7.870106802085942,13.422401739940966,10.320525582321322,188.55906201774692
clip_1.mp4,16,1,4:2:0,32,2,0,1,1.0,1.0,1.0,0.37066567001028805
clip_1.mp4,17,0,4:2:0,32,2,0,1,6.832334974200818,10.792355414914436,9.60960960960961,207.1944257973251
clip_1.mp4,18,1,4:2:0,32,2,0,1,1.0,1.0,1.0,0.3701266718106996
clip_1.mp4,19,0,4:2:0,32,2,0,1,6.982617538708135,8.359672321486164,8.014098877655133,275.0372368505658
clip_1.mp4,0,1,4:2:0,32,4,0,1,1.0,1.0,1.0,0.37417840149176956
clip_1.mp4,1,0,4:2:0,32,4,0,1,20.521346713378065,25.757726324157804,30.897604005244965,66.28136091820987
clip_1.mp4,2,0,4:2:0,32,4,0,1,5.267409428297085,3.401619443824722,4.788737598610675,870.2882389724795
clip_1.mp4,3,0,4:2:0,32,4,0,1,7.166506535428172,3.758646191325532,4.861215303825957,960.3643481545782
clip_1.mp4,4,1,4:2:0,32,4,0,1,1.0,1.0,1.0,0.3625393840020576
clip_1.mp4,5,0,4:2:0,32,4,0,1,4.275446286819435,6.095238095238095,6.810478467642345,467.8480407664609
clip_1.mp4,6,0,4:2:0,32,4,0,1,4.199934376025374,5.969186836469152,6.62796941723988,489.94307404192386
clip_1.mp4,7,0,4:2:0,32,4,0,1,4.337694177499048,4.393145878883408,4.541074650922406,831.5794716113683
clip_1.mp4,8,1,4:2:0,32,4,0,1,1.0,1.0,1.0,0.36298482510288066
clip_1.mp4,9,0,4:2:0,32,4,0,1,3.6445572432411533,4.03468082125679,3.906379515620997,912.610608764146
clip_1.mp4,10,0,4:2:0,32,4,0,1,3.444575491287231,3.8536447569914216,3.638865100869004,987.8318989519033
clip_1.mp4,11,0,4:2:0,32,4,0,1,3.444438169212012,3.845982639661696,3.630099575648082,985.6422119341564
clip_1.mp4,12,1,4:2:0,32,4,0,1,1.0,1.0,1.0,0.3649289480452675
clip_1.mp4,13,0,4:2:0,32,4,0,1,4.553819665578868,8.724628900333233,6.487947735976571,325.43429044495883
clip_1.mp4,14,0,4:2:0,32,4,0,1,3.815959455430786,5.7015903741668685,4.496799153380406,528.1502105838478
clip_1.mp4,15,0,4:2:0,32,4,0,1,3.5817554332618227,5.509852687966329,4.1349605168700645,581.6701728073559
clip_1.mp4,16,1,4:2:0,32,4,0,1,1.0,1.0,1.0,0.37066567001028805
clip_1.mp4,17,0,4:2:0,32,4,0,1,6.832334974200818,10.792355414914436,9.60960960960961,207.1944257973251
clip_1.mp4,18,0,4:2:0,32,4,0,1,5.052606956106452,7.823960880195599,6.6412155064183045,317.21426585005145
clip_1.mp4,19,0,4:2:0,32,4,0,1,4.2105776142496865,5.462937593525408,4.843682843421225,472.09460953575103
clip_1.mp4,0,1,4:2:0,32,6,0,1,1.0,1.0,1.0,0.37417840149176956
clip_1.mp4,1,0,4:2:0,32,6,0,1,20.521346713378065,25.757726324157804,30.897604005244965,66.28136091820987
clip_1.mp4,2,0,4:2:0,32,6,0,1,5.267409428297085,3.401619443824722,4.788737598610675,870.2882389724795
clip_1.mp4,3,0,4:2:0,32,6,0,1,7.166506535428172,3.758646191325532,4.861215303825957,960.3643481545782
clip_1.mp4,4,0,4:2:0,32,6,0,1,8.45339138517232,3.751248245220487,4.093945951068501,1173.2529981674384
clip_1.mp4,5,0,4:2:0,32,6,0,1,9.912898815385645,3.9191375478174093,4.418834600565993,1121.9946132330247
clip_1.mp4,6,1,4:2:0,32,6,0,1,1.0,1.0,1.0,0.36182950745884773
clip_1.mp4,7,0,4:2:0,32,6,0,1,4.232856075544723,5.113636363636363,5.317032144249112,674.0865395126028
clip_1.mp4,8,0,4:2:0,32,6,0,1,4.499921876356313,3.792911703590974,3.54844892259672,1016.5519346386317
clip_1.mp4,9,0,4:2:0,32,6,0,1,5.658153241650295,3.4305680554820266,3.026128376958461,1316.2242701903292
clip_1.mp4,10,0,4:2:0,32,6,0,1,5.728683198514786,3.473599571160547,3.0197120089472946,1339.6807606738682
clip_1.mp4,11,0,4:2:0,32,6,0,1,5.728809813239032,3.4807831762146484,3.019078901390733,1337.3736950231482
clip_1.mp4,12,1,4:2:0,32,6,0,1,1.0,1.0,1.0,0.3649289480452675
clip_1.mp4,13,0,4:2:0,32,6,0,1,4.553819665578868,8.724628900333233,6.487947735976571,325.43429044495883
clip_1.mp4,14,0,4:2:0,32,6,0,1,3.815959455430786,5.7015903741668685,4.496799153380406,528.1502105838478
clip_1.mp4,15,0,4:2:0,32,6,0,1,3.5817554332618227,5.509852687966329,4.1349605168700645,581.6701728073559
clip_1.mp4,16,0,4:2:0,32,6,0,1,3.490497752790075,5.434076186083566,4.097699786578136,596.0538245884774
clip_1.mp4,17,0,4:2:0,32,6,0,1,3.4164489097876913,5.2886086796841525,3.883553331435506,632.2670720807613
clip_1.mp4,18,1,4:2:0,32,6,0,1,1.0,1.0,1.0,0.3701266718106996
clip_1.mp4,19,0,4:2:0,32,6,0,1,6.982617538708135,8.359672321486164,8.014098877655133,275.0372368505658
clip_1.mp4,0,1,4:2:0,32,8,0,1,1.0,1.0,1.0,0.37417840149176956
clip_1.mp4,1,0,4:2:0,32,8,0,1,20.521346713378065,25.757726324157804,30.897604005244965,66.28136091820987
clip_1.mp4,2,0,4:2:0,32,8,0,1,5.267409428297085,3.401619443824722,4.788737598610675,870.2882389724795
clip_1.mp4,3,0,4:2:0,32,8,0,1,7.166506535428172,3.758646191325532,4.861215303825957,960.3643481545782
clip_1.mp4,4,0,4:2:0,32,8,0,1,8.45339138517232,3.751248245220487,4.093945951068501,1173.2529981674384
clip_1.mp4,5,0,4:2:0,32,8,0,1,9.912898815385645,3.9191375478174093,4.418834600565993,1121.9946132330247
clip_1.mp4,6,0,4:2:0,32,8,0,1,10.093359683024893,3.9250723079485743,4.4047173979539815,1124.4872746270576
clip_1.mp4,7,0,4:2:0,32,8,0,1,11.12864273063919,3.991069366386943,4.27962883465971,1172.4146341306584
clip_1.mp4,8,1,4:2:0,32,8,0,1,1.0,1.0,1.0,0.36298482510288066
clip_1.mp4,9,0,4:2:0,32,8,0,1,3.6445572432411533,4.03468082125679,3.906379515620997,912.610608764146
clip_1.mp4,10,0,4:2:0,32,8,0,1,3.444575491287231,3.8536447569914216,3.638865100869004,987.8318989519033
clip_1.mp4,11,0,4:2:0,32,8,0,1,3.444438169212012,3.845982639661696,3.630099575648082,985.6422119341564
clip_1.mp4,12,0,4:2:0,32,8,0,1,3.4251847544920864,3.649110951556363,3.4226858576521852,1068.5206007265947
clip_1.mp4,13,0,4:2:0,32,8,0,1,3.441259936604876,3.8961624603544425,3.2458425165297538,1018.2193851273148
clip_1.mp4,14,0,4:2:0,32,8,0,1,3.6493036123459657,3.6564206012216283,3.0146545708304258,1118.891886574074
clip_1.mp4,15,0,4:2:0,32,8,0,1,3.7376304547666686,3.8178845502349352,2.993278980067903,1104.4374909979424
clip_1.mp4,16,1,4:2:0,32,8,0,1,1.0,1.0,1.0,0.37066567001028805
clip_1.mp4,17,0,4:2:0,32,8,0,1,6.832334974200818,10.792355414914436,9.60960960960961,207.1944257973251
clip_1.mp4,18,0,4:2:0,32,8,0,1,5.052606956106452,7.823960880195599,6.6412155064183045,317.21426585005145
clip_1.mp4,19,0,4:2:0,32,8,0,1,4.2105776142496865,5.462937593525408,4.843682843421225,472.09460953575103
clip_1.mp4,0,1,4:2:0,32,10,0,1,1.0,1.0,1.0,0.37417840149176956
clip_1.mp4,1,0,4:2:0,32,10,0,1,20.521346713378065,25.757726324157804,30.897604005244965,66.28136091820987
clip_1.mp4,2,0,4:2:0,32,10,0,1,5.267409428297085,3.401619443824722,4.788737598610675,870.2882389724795
clip_1.mp4,3,0,4:2:0,32,10,0,1,7.166506535428172,3.758646191325532,4.861215303825957,960.3643481545782
clip_1.mp4,4,0,4:2:0,32,10,0,1,8.45339138517232,3.751248245220487,4.093945951068501,1173.2529981674384
clip_1.mp4,5,0,4:2:0,32,10,0,1,9.912898815385645,3.9191375478174093,4.418834600565993,1121.9946132330247
clip_1.mp4,6,0,4:2:0,32,10,0,1,10.093359683024893,3.9250723079485743,4.4047173979539815,1124.4872746270576
clip_1.mp4,7,0,4:2:0,32,10,0,1,11.12864273063919,3.991069366386943,4.27962883465971,1172.4146341306584
clip_1.mp4,8,0,4:2:0,32,10,0,1,12.029377298727216,4.133641655370385,4.2099108317497445,1189.1684829925412
clip_1.mp4,9,0,4:2:0,32,10,0,1,13.43266178661657,4.333940843045128,3.9958684693295514,1255.7409796167694
clip_1.mp4,10,1,4:2:0,32,10,0,1,1.0,1.0,1.0,0.36426649305555553
clip_1.mp4,11,0,4:2:0,32,10,0,1,44.931744312026005,88.31345826235093,88.31345826235093,20.227400816615226
clip_1.mp4,12,0,4:2:0,32,10,0,1,9.592982910648692,14.241758241758241,13.297763184896368,190.9152980324074
clip_1.mp4,13,0,4:2:0,32,10,0,1,4.160263226531308,7.340488799524228,5.465587044534413,416.9321191808128
clip_1.mp4,14,0,4:2:0,32,10,0,1,3.747925952435176,5.292928467868738,4.148261955060495,600.9883293145576
clip_1.mp4,15,0,4:2:0,32,10,0,1,3.5991377065911294,5.22149030035656,3.893762768897969,642.9790407986111
clip_1.mp4,16,0,4:2:0,32,10,0,1,3.5185958196312397,5.156259324832401,3.8640429338103757,657.0886025913065
clip_1.mp4,17,0,4:2:0,32,10,0,1,3.467338195900595,5.089038540828147,3.7047624492596194,686.6690084876543
clip_1.mp4,18,0,4:2:0,32,10,0,1,3.5066951224874265,4.9052818833860075,3.58883473637572,724.0774032278806
clip_1.mp4,19,0,4:2:0,32,10,0,1,3.526182791493356,4.484041172908918,3.367545797063791,797.737773276749
clip_1.mp4,0,1,4:1:1,1,1,0,1,1.0,1.0,1.0,4.6055216370884775
clip_1.mp4,1,1,4:1:1,1,1,0,1,1.0,1.0,1.0,4.595216210133745
clip_1.mp4,2,1,4:1:1,1,1,0,1,1.0,1.0,1.0,4.30643727494856
clip_1.mp4,3,1,4:1:1,1,1,0,1,1.0,1.0,1.0,4.274640399948559
clip_1.mp4,4,1,4:1:1,1,1,0,1,1.0,1.0,1.0,4.307082047325103
clip_1.mp4,5,1,4:1:1,1,1,0,1,1.0,1.0,1.0,4.196505272633745
clip_1.mp4,6,1,4:1:1,1,1,0,1,1.0,1.0,1.0,4.193717206790123
clip_1.mp4,7,1,4:1:1,1,1,0,1,1.0,1.0,1.0,4.186859246399177
clip_1.mp4,8,1,4:1:1,1,1,0,1,1.0,1.0,1.0,4.165393036265432
clip_1.mp4,9,1,4:1:1,1,1,0,1,1.0,1.0,1.0,4.093541827417695
clip_1.mp4,10,1,4:1:1,1,1,0,1,1.0,1.0,1.0,4.0724242862654325
clip_1.mp4,11,1,4:1:1,1,1,0,1,1.0,1.0,1.0,4.072328639403292
clip_1.mp4,12,1,4:1:1,1,1,0,1,1.0,1.0,1.0,4.0701083461934155
clip_1.mp4,13,1,4:1:1,1,1,0,1,1.0,1.0,1.0,4.033309381430041
clip_1.mp4,14,1,4:1:1,1,1,0,1,1.0,1.0,1.0,4.0369970100308645
clip_1.mp4,15,1,4:1:1,1,1,0,1,1.0,1.0,1.0,4.032805105452675
clip_1.mp4,16,1,4:1:1,1,1,0,1,1.0,1.0,1.0,4.021995402520576
clip_1.mp4,17,1,4:1:1,1,1,0,1,1.0,1.0,1.0,4.0141886895576135
clip_1.mp4,18,1,4:1:1,1,1,0,1,1.0,1.0,1.0,4.000808738425926
clip_1.mp4,19,1,4:1:1,1,1,0,1,1.0,1.0,1.0,4.012105838477367
clip_1.mp4,0,1,4:1:1,1,2,0,1,1.0,1.0,1.0,4.6055216370884775
clip_1.mp4,1,0,4:1:1,1,2,0,1,8.336281478146207,7.933398628795299,8.027998885000155,4.595216210133745
clip_1.mp4,2,1,4:1:1,1,2,0,1,1.0,1.0,1.0,4.30643727494856
clip_1.mp4,3,0,4:1:1,1,2,0,1,1.4564129649972046,1.428658042540057,1.5517055590809496,4.274640399948559
clip_1.mp4,4,1,4:1:1,1,2,0,1,1.0,1.0,1.0,4.307082047325103
clip_1.mp4,5,0,4:1:1,1,2,0,1,1.554585938554271,1.500208362272538,1.59201046599473,4.196505272633745
clip_1.mp4,6,1,4:1:1,1,2,0,1,1.0,1.0,1.0,4.193717206790123
clip_1.mp4,7,0,4:1:1,1,2,0,1,1.7053893791481278,1.6829311050078888,1.8410659999431769,4.186859246399177
clip_1.mp4,8,1,4:1:1,1,2,0,1,1.0,1.0,1.0,4.165393036265432
clip_1.mp4,9,0,4:1:1,1,2,0,1,1.325961763498452,1.3870976373317636,1.4526135274634746,4.093541827417695
clip_1.mp4,10,1,4:1:1,1,2,0,1,1.0,1.0,1.0,4.0724242862654325
clip_1.mp4,11,0,4:1:1,1,2,0,1,20.142207716517078,24.636441402908467,28.189233278955953,4.072328639403292
clip_1.mp4,12,1,4:1:1,1,2,0,1,1.0,1.0,1.0,4.0701083461934155
clip_1.mp4,13,0,4:1:1,1,2,0,1,1.6404284606743351,1.5506101938262742,1.6823740166679648,4.033309381430041
clip_1.mp4,14,1,4:1:1,1,2,0,1,1.0,1.0,1.0,4.0369970100308645
clip_1.mp4,15,0,4:1:1,1,2,0,1,3.2847235642798984,3.1311911089635176,3.4080151467339856,4.032805105452675
clip_1.mp4,16,1,4:1:1,1,2,0,1,1.0,1.0,1.0,4.021995402520576
clip_1.mp4,17,0,4:1:1,1,2,0,1,2.5609864540415566,2.5482967113994985,2.6591160901144897,4.0141886895576135
clip_1.mp4,18,1,4:1:1,1,2,0,1,1.0,1.0,1.0,4.000808738425926
clip_1.mp4,19,0,4:1:1,1,2,0,1,3.377154695052833,3.3867300807484257,3.4111097950965297,4.012105838477367
clip_1.mp4,0,1,4:1:1,1,4,0,1,1.0,1.0,1.0,4.6055216370884775
clip_1.mp4,1,0,4:1:1,1,4,0,1,8.336281478146207,7.933398628795299,8.027998885000155,4.595216210133745
clip_1.mp4,2,0,4:1:1,1,4,0,1,1.1418502202643173,1.071198320466831,1.1529838795772391,4.30643727494856
clip_1.mp4,3,0,4:1:1,1,4,0,1,1.0440204454003892,0.9542848938026707,1.0348627369564176,4.274640399948559
clip_1.mp4,4,1,4:1:1,1,4,0,1,1.0,1.0,1.0,4.307082047325103
clip_1.mp4,5,0,4:1:1,1,4,0,1,1.554585938554271,1.500208362272538,1.59201046599473,4.196505272633745
clip_1.mp4,6,0,4:1:1,1,4,0,1,1.5217094574066654,1.4873301505692251,1.5787742572086394,4.193717206790123
clip_1.mp4,7,0,4:1:1,1,4,0,1,1.1715942631657454,1.130761780949805,1.2117472160668705,4.186859246399177
clip_1.mp4,8,1,4:1:1,1,4,0,1,1.0,1.0,1.0,4.165393036265432
clip_1.mp4,9,0,4:1:1,1,4,0,1,1.325961763498452,1.3870976373317636,1.4526135274634746,4.093541827417695
clip_1.mp4,10,0,4:1:1,1,4,0,1,1.2105516953911934,1.2791914246797087,1.3365164976255175,4.0724242862654325
clip_1.mp4,11,0,4:1:1,1,4,0,1,1.2023560054597724,1.2739479607985766,1.3301516434454623,4.072328639403292
clip_1.mp4,12,1,4:1:1,1,4,0,1,1.0,1.0,1.0,4.0701083461934155
clip_1.mp4,13,0,4:1:1,1,4,0,1,1.6404284606743351,1.5506101938262742,1.6823740166679648,4.033309381430041
clip_1.mp4,14,0,4:1:1,1,4,0,1,1.3273333632051618,1.3013093421158326,1.392709766162311,4.0369970100308645
clip_1.mp4,15,0,4:1:1,1,4,0,1,1.1883080936296921,1.184654338705107,1.2696422273600063,4.032805105452675
clip_1.mp4,16,1,4:1:1,1,4,0,1,1.0,1.0,1.0,4.021995402520576
clip_1.mp4,17,0,4:1:1,1,4,0,1,2.5609864540415566,2.5482967113994985,2.6591160901144897,4.0141886895576135
clip_1.mp4,18,0,4:1:1,1,4,0,1,1.9243511718162734,2.0191004408992477,2.066853789231947,4.000808738425926
clip_1.mp4,19,0,4:1:1,1,4,0,1,1.573235572604336,1.636167378912883,1.6744618723998037,4.012105838477367
clip_1.mp4,0,1,4:1:1,1,6,0,1,1.0,1.0,1.0,4.6055216370884775
clip_1.mp4,1,0,4:1:1,1,6,0,1,8.336281478146207,7.933398628795299,8.027998885000155,4.595216210133745
clip_1.mp4,2,0,4:1:1,1,6,0,1,1.1418502202643173,1.071198320466831,1.1529838795772391,4.30643727494856
clip_1.mp4,3,0,4:1:1,1,6,0,1,1.0440204454003892,0.9542848938026707,1.0348627369564176,4.274640399948559
clip_1.mp4,4,0,4:1:1,1,6,0,1,0.9945295121452888,0.8944871020619446,0.9716234958953406,4.307082047325103
clip_1.mp4,5,0,4:1:1,1,6,0,1,0.979119113882092,0.8628179394229905,0.9268231634276723,4.196505272633745
clip_1.mp4,6,1,4:1:1,1,6,0,1,1.0,1.0,1.0,4.193717206790123
clip_1.mp4,7,0,4:1:1,1,6,0,1,1.7053893791481278,1.6829311050078888,1.8410659999431769,4.186859246399177
clip_1.mp4,8,0,4:1:1,1,6,0,1,1.252402310083119,1.242813784109053,1.3503024114775706,4.165393036265432
clip_1.mp4,9,0,4:1:1,1,6,0,1,1.0483433081662181,1.0058480439903297,1.0608776798212225,4.093541827417695
clip_1.mp4,10,0,4:1:1,1,6,0,1,1.0258155669095328,0.986286357894096,1.0408133763793186,4.0724242862654325
clip_1.mp4,11,0,4:1:1,1,6,0,1,1.023810910972492,0.9851430395767533,1.039265136904738,4.072328639403292
clip_1.mp4,12,1,4:1:1,1,6,0,1,1.0,1.0,1.0,4.0701083461934155
clip_1.mp4,13,0,4:1:1,1,6,0,1,1.6404284606743351,1.5506101938262742,1.6823740166679648,4.033309381430041
clip_1.mp4,14,0,4:1:1,1,6,0,1,1.3273333632051618,1.3013093421158326,1.392709766162311,4.0369970100308645
clip_1.mp4,15,0,4:1:1,1,6,0,1,1.1883080936296921,1.184654338705107,1.2696422273600063,4.032805105452675
clip_1.mp4,16,0,4:1:1,1,6,0,1,1.1787430606163616,1.1897876559530696,1.2756219395162283,4.021995402520576
clip_1.mp4,17,0,4:1:1,1,6,0,1,1.1052868916684524,1.07872351051256,1.1458024816879369,4.0141886895576135
clip_1.mp4,18,1,4:1:1,1,6,0,1,1.0,1.0,1.0,4.000808738425926
clip_1.mp4,19,0,4:1:1,1,6,0,1,3.377154695052833,3.3867300807484257,3.4111097950965297,4.012105838477367
clip_1.mp4,0,1,4:1:1,1,8,0,1,1.0,1.0,1.0,4.6055216370884775
clip_1.mp4,1,0,4:1:1,1,8,0,1,8.336281478146207,7.933398628795299,8.027998885000155,4.595216210133745
clip_1.mp4,2,0,4:1:1,1,8,0,1,1.1418502202643173,1.071198320466831,1.1529838795772391,4.30643727494856
clip_1.mp4,3,0,4:1:1,1,8,0,1,1.0440204454003892,0.9542848938026707,1.0348627369564176,4.274640399948559
clip_1.mp4,4,0,4:1:1,1,8,0,1,0.9945295121452888,0.8944871020619446,0.9716234958953406,4.307082047325103
clip_1.mp4,5,0,4:1:1,1,8,0,1,0.979119113882092,0.8628179394229905,0.9268231634276723,4.196505272633745
clip_1.mp4,6,0,4:1:1,1,8,0,1,0.978834405349602,0.8625164716687298,0.9254730016817044,4.193717206790123
clip_1.mp4,7,0,4:1:1,1,8,0,1,0.9636887865217415,0.8434452395130666,0.9026295353477666,4.186859246399177
clip_1.mp4,8,1,4:1:1,1,8,0,1,1.0,1.0,1.0,4.165393036265432
clip_1.mp4,9,0,4:1:1,1,8,0,1,1.325961763498452,1.3870976373317636,1.4526135274634746,4.093541827417695
clip_1.mp4,10,0,4:1:1,1,8,0,1,1.2105516953911934,1.2791914246797087,1.3365164976255175,4.0724242862654325
clip_1.mp4,11,0,4:1:1,1,8,0,1,1.2023560054597724,1.2739479607985766,1.3301516434454623,4.072328639403292
clip_1.mp4,12,0,4:1:1,1,8,0,1,1.158730939278386,1.229304105742918,1.2795197851670483,4.0701083461934155
clip_1.mp4,13,0,4:1:1,1,8,0,1,1.0545780772258737,1.0292780361120928,1.0852226339257678,4.033309381430041
clip_1.mp4,14,0,4:1:1,1,8,0,1,1.0130757911234705,0.9809858302046748,1.0317485590548674,4.0369970100308645
clip_1.mp4,15,0,4:1:1,1,8,0,1,0.9902597712698592,0.9548719837907533,1.0085132211725523,4.032805105452675
clip_1.mp4,16,1,4:1:1,1,8,0,1,1.0,1.0,1.0,4.021995402520576
clip_1.mp4,17,0,4:1:1,1,8,0,1,2.5609864540415566,2.5482967113994985,2.6591160901144897,4.0141886895576135
clip_1.mp4,18,0,4:1:1,1,8,0,1,1.9243511718162734,2.0191004408992477,2.066853789231947,4.000808738425926
clip_1.mp4,19,0,4:1:1,1,8,0,1,1.573235572604336,1.636167378912883,1.6744618723998037,4.012105838477367
clip_1.mp4,0,1,4:1:1,1,10,0,1,1.0,1.0,1.0,4.6055216370884775
clip_1.mp4,1,0,4:1:1,1,10,0,1,8.336281478146207,7.933398628795299,8.027998885000155,4.595216210133745
clip_1.mp4,2,0,4:1:1,1,10,0,1,1.1418502202643173,1.071198320466831,1.1529838795772391,4.30643727494856
clip_1.mp4,3,0,4:1:1,1,10,0,1,1.0440204454003892,0.9542848938026707,1.0348627369564176,4.274640399948559
clip_1.mp4,4,0,4:1:1,1,10,0,1,0.9945295121452888,0.8944871020619446,0.9716234958953406,4.307082047325103
clip_1.mp4,5,0,4:1:1,1,10,0,1,0.979119113882092,0.8628179394229905,0.9268231634276723,4.196505272633745
clip_1.mp4,6,0,4:1:1,1,10,0,1,0.978834405349602,0.8625164716687298,0.9254730016817044,4.193717206790123
clip_1.mp4,7,0,4:1:1,1,10,0,1,0.9636887865217415,0.8434452395130666,0.9026295353477666,4.186859246399177
clip_1.mp4,8,0,4:1:1,1,10,0,1,0.9528816213692527,0.8365311068868585,0.8930724863386096,4.165393036265432
clip_1.mp4,9,0,4:1:1,1,10,0,1,0.9373804880562645,0.8201493481837742,0.8712897912534875,4.093541827417695
clip_1.mp4,10,1,4:1:1,1,10,0,1,1.0,1.0,1.0,4.0724242862654325
clip_1.mp4,11,0,4:1:1,1,10,0,1,20.142207716517078,24.636441402908467,28.189233278955953,4.072328639403292
clip_1.mp4,12,0,4:1:1,1,10,0,1,4.888237207745367,5.5423696196035666,5.849431305289763,4.0701083461934155
clip_1.mp4,13,0,4:1:1,1,10,0,1,1.5119785803034458,1.4528577914543712,1.5663618948627922,4.033309381430041
clip_1.mp4,14,0,4:1:1,1,10,0,1,1.2799699760129084,1.2562887137581062,1.3425182576267676,4.0369970100308645
clip_1.mp4,15,0,4:1:1,1,10,0,1,1.167140404694228,1.1573185215613084,1.23720788147243,4.032805105452675
clip_1.mp4,16,0,4:1:1,1,10,0,1,1.1584694080498428,1.1626498728351702,1.2430462305774026,4.021995402520576
clip_1.mp4,17,0,4:1:1,1,10,0,1,1.0940921346298944,1.0625432990493682,1.1279324284924783,4.0141886895576135
clip_1.mp4,18,0,4:1:1,1,10,0,1,1.0684154825439582,1.037082086327481,1.0969199908590002,4.000808738425926
clip_1.mp4,19,0,4:1:1,1,10,0,1,1.0394078743567612,1.0049978480948853,1.0606389203743336,4.012105838477367
clip_1.mp4,0,1,4:1:1,2,1,0,1,1.0,1.0,1.0,4.6055216370884775
clip_1.mp4,1,1,4:1:1,2,1,0,1,1.0,1.0,1.0,4.595216210133745
clip_1.mp4,2,1,4:1:1,2,1,0,1,1.0,1.0,1.0,4.30643727494856
clip_1.mp4,3,1,4:1:1,2,1,0,1,1.0,1.0,1.0,4.274640399948559
clip_1.mp4,4,1,4:1:1,2,1,0,1,1.0,1.0,1.0,4.307082047325103
clip_1.mp4,5,1,4:1:1,2,1,0,1,1.0,1.0,1.0,4.196505272633745
clip_1.mp4,6,1,4:1:1,2,1,0,1,1.0,1.0,1.0,4.193717206790123
clip_1.mp4,7,1,4:1:1,2,1,0,1,1.0,1.0,1.0,4.186859246399177
clip_1.mp4,8,1,4:1:1,2,1,0,1,1.0,1.0,1.0,4.165393036265432
clip_1.mp4,9,1,4:1:1,2,1,0,1,1.0,1.0,1.0,4.093541827417695
clip_1.mp4,10,1,4:1:1,2,1,0,1,1.0,1.0,1.0,4.0724242862654325
clip_1.mp4,11,1,4:1:1,2,1,0,1,1.0,1.0,1.0,4.072328639403292
clip_1.mp4,12,1,4:1:1,2,1,0,1,1.0,1.0,1.0,4.0701083461934155
clip_1.mp4,13,1,4:1:1,2,1,0,1,1.0,1.0,1.0,4.033309381430041
clip_1.mp4,14,1,4:1:1,2,1,0,1,1.0,1.0,1.0,4.0369970100308645
clip_1.mp4,15,1,4:1:1,2,1,0,1,1.0,1.0,1.0,4.032805105452675
clip_1.mp4,16,1,4:1:1,2,1,0,1,1.0,1.0,1.0,4.021995402520576
clip_1.mp4,17,1,4:1:1,2,1,0,1,1.0,1.0,1.0,4.0141886895576135
clip_1.mp4,18,1,4:1:1,2,1,0,1,1.0,1.0,1.0,4.000808738425926
clip_1.mp4,19,1,4:1:1,2,1,0,1,1.0,1.0,1.0,4.012105838477367
clip_1.mp4,0,1,4:1:1,2,2,0,1,1.0,1.0,1.0,4.6055216370884775
clip_1.mp4,1,0,4:1:1,2,2,0,1,15.426734912510415,14.820744467951284,14.364089775561098,4.748982606738683
clip_1.mp4,2,1,4:1:1,2,2,0,1,1.0,1.0,1.0,4.30643727494856
clip_1.mp4,3,0,4:1:1,2,2,0,1,2.3017442905952166,2.291128946717109,2.565269887769442,5.380393036265432
clip_1.mp4,4,1,4:1:1,2,2,0,1,1.0,1.0,1.0,4.307082047325103
clip_1.mp4,5,0,4:1:1,2,2,0,1,2.4704360195671495,2.620140306896064,2.7095115143785997,5.174140464248971
clip_1.mp4,6,1,4:1:1,2,2,0,1,1.0,1.0,1.0,4.193717206790123
clip_1.mp4,7,0,4:1:1,2,2,0,1,2.6637891166949283,2.726498153933542,2.8727861148671114,5.047587287808642
clip_1.mp4,8,1,4:1:1,2,2,0,1,1.0,1.0,1.0,4.165393036265432
clip_1.mp4,9,0,4:1:1,2,2,0,1,2.0557927234296525,2.1848711162061467,2.1763772387213782,5.097230259773663
clip_1.mp4,10,1,4:1:1,2,2,0,1,1.0,1.0,1.0,4.0724242862654325
clip_1.mp4,11,0,4:1:1,2,2,0,1,35.44615384615385,53.620190318576746,50.16450551577318,4.1194045781893
clip_1.mp4,12,1,4:1:1,2,2,0,1,1.0,1.0,1.0,4.0701083461934155
clip_1.mp4,13,0,4:1:1,2,2,0,1,2.6942256569903567,2.8898898452481827,2.897675822517356,4.846295974794239
clip_1.mp4,14,1,4:1:1,2,2,0,1,1.0,1.0,1.0,4.0369970100308645
clip_1.mp4,15,0,4:1:1,2,2,0,1,5.394212459548609,5.767305253320873,5.504820965892197,4.437383134002058
clip_1.mp4,16,1,4:1:1,2,2,0,1,1.0,1.0,1.0,4.021995402520576
clip_1.mp4,17,0,4:1:1,2,2,0,1,4.518158919964789,5.068142267759028,4.723204198403732,4.470512635030865
clip_1.mp4,18,1,4:1:1,2,2,0,1,1.0,1.0,1.0,4.000808738425926
clip_1.mp4,19,0,4:1:1,2,2,0,1,5.352358434559055,5.364793542378144,5.127799319458732,4.372956050668725
clip_1.mp4,0,1,4:1:1,2,4,0,1,1.0,1.0,1.0,4.6055216370884775
clip_1.mp4,1,0,4:1:1,2,4,0,1,15.426734912510415,14.820744467951284,14.364089775561098,4.748982606738683
clip_1.mp4,2,0,4:1:1,2,4,0,1,1.7241465324998628,1.6074318918952442,1.7538161740824942,5.6673397312242795
clip_1.mp4,3,0,4:1:1,2,4,0,1,1.5357110588081946,1.3752195204770823,1.5164368414586344,5.787196823559671
clip_1.mp4,4,1,4:1:1,2,4,0,1,1.0,1.0,1.0,4.307082047325103
clip_1.mp4,5,0,4:1:1,2,4,0,1,2.4704360195671495,2.620140306896064,2.7095115143785997,5.174140464248971
clip_1.mp4,6,0,4:1:1,2,4,0,1,2.4124138797562455,2.571224505991588,2.6616828572015363,5.1908270640432095
clip_1.mp4,7,0,4:1:1,2,4,0,1,1.7795475610174727,1.7540654120226566,1.8557498174320202,5.406647537294239
clip_1.mp4,8,1,4:1:1,2,4,0,1,1.0,1.0,1.0,4.165393036265432
clip_1.mp4,9,0,4:1:1,2,4,0,1,2.0557927234296525,2.1848711162061467,2.1763772387213782,5.097230259773663
clip_1.mp4,10,0,4:1:1,2,4,0,1,1.8520007073613813,1.985415773025308,1.990340093220404,5.166737879372428
clip_1.mp4,11,0,4:1:1,2,4,0,1,1.8360288792042458,1.9714174887244351,1.976784978874636,5.166237139917696
clip_1.mp4,12,1,4:1:1,2,4,0,1,1.0,1.0,1.0,4.0701083461934155
clip_1.mp4,13,0,4:1:1,2,4,0,1,2.6942256569903567,2.8898898452481827,2.897675822517356,4.846295974794239
clip_1.mp4,14,0,4:1:1,2,4,0,1,2.0457855003374124,2.1359703337453646,2.154255319148936,5.011560410236625
clip_1.mp4,15,0,4:1:1,2,4,0,1,1.807162764917198,1.8821615812480939,1.9359320033759309,5.120420846193416
clip_1.mp4,16,1,4:1:1,2,4,0,1,1.0,1.0,1.0,4.021995402520576
clip_1.mp4,17,0,4:1:1,2,4,0,1,4.518158919964789,5.068142267759028,4.723204198403732,4.470512635030865
clip_1.mp4,18,0,4:1:1,2,4,0,1,3.1825548843377045,3.6727406693683227,3.4012177199244173,4.617699652777778
clip_1.mp4,19,0,4:1:1,2,4,0,1,2.4803175036063645,2.6892988317320663,2.5897727953959593,4.759235146604938
clip_1.mp4,0,1,4:1:1,2,6,0,1,1.0,1.0,1.0,4.6055216370884775
clip_1.mp4,1,0,4:1:1,2,6,0,1,15.426734912510415,14.820744467951284,14.364089775561098,4.748982606738683
clip_1.mp4,2,0,4:1:1,2,6,0,1,1.7241465324998628,1.6074318918952442,1.7538161740824942,5.6673397312242795
clip_1.mp4,3,0,4:1:1,2,6,0,1,1.5357110588081946,1.3752195204770823,1.5164368414586344,5.787196823559671
clip_1.mp4,4,0,4:1:1,2,6,0,1,1.4289435492873888,1.2408325833445033,1.3661807026975743,5.883071469907407
clip_1.mp4,5,0,4:1:1,2,6,0,1,1.4073934308065499,1.1909028256374914,1.3042296893397338,5.813190747170782
clip_1.mp4,6,1,4:1:1,2,6,0,1,1.0,1.0,1.0,4.193717206790123
clip_1.mp4,7,0,4:1:1,2,6,0,1,2.6637891166949283,2.726498153933542,2.8727861148671114,5.047587287808642
clip_1.mp4,8,0,4:1:1,2,6,0,1,1.9711251459142118,1.8989984834387112,1.9922982913275071,5.350560538837448
clip_1.mp4,9,0,4:1:1,2,6,0,1,1.577928481852605,1.4969679468668784,1.5305399404790023,5.45671746399177
clip_1.mp4,10,0,4:1:1,2,6,0,1,1.533605303718342,1.46112955686962,1.4989850621974705,5.469641364454732
clip_1.mp4,11,0,4:1:1,2,6,0,1,1.5295035751851027,1.4596073926411461,1.4940686856576324,5.472252604166667
clip_1.mp4,12,1,4:1:1,2,6,0,1,1.0,1.0,1.0,4.0701083461934155
clip_1.mp4,13,0,4:1:1,2,6,0,1,2.6942256569903567,2.8898898452481827,2.897675822517356,4.846295974794239
clip_1.mp4,14,0,4:1:1,2,6,0,1,2.0457855003374124,2.1359703337453646,2.154255319148936,5.011560410236625
clip_1.mp4,15,0,4:1:1,2,6,0,1,1.807162764917198,1.8821615812480939,1.9359320033759309,5.120420846193416
clip_1.mp4,16,0,4:1:1,2,6,0,1,1.7764466611952292,1.8716693384168797,1.930870083432658,5.11318431712963
clip_1.mp4,17,0,4:1:1,2,6,0,1,1.664245527580921,1.6908685271439194,1.7375915051081972,5.199407471707819
clip_1.mp4,18,1,4:1:1,2,6,0,1,1.0,1.0,1.0,4.000808738425926
clip_1.mp4,19,0,4:1:1,2,6,0,1,5.352358434559055,5.364793542378144,5.127799319458732,4.372956050668725
clip_1.mp4,0,1,4:1:1,2,8,0,1,1.0,1.0,1.0,4.6055216370884775
clip_1.mp4,1,0,4:1:1,2,8,0,1,15.426734912510415,14.820744467951284,14.364089775561098,4.748982606738683
clip_1.mp4,2,0,4:1:1,2,8,0,1,1.7241465324998628,1.6074318918952442,1.7538161740824942,5.6673397312242795
clip_1.mp4,3,0,4:1:1,2,8,0,1,1.5357110588081946,1.3752195204770823,1.5164368414586344,5.787196823559671
clip_1.mp4,4,0,4:1:1,2,8,0,1,1.4289435492873888,1.2408325833445033,1.3661807026975743,5.883071469907407
clip_1.mp4,5,0,4:1:1,2,8,0,1,1.4073934308065499,1.1909028256374914,1.3042296893397338,5.813190747170782
clip_1.mp4,6,0,4:1:1,2,8,0,1,1.4067632640489762,1.1902848509618256,1.3017472139495874,5.808720421810699
clip_1.mp4,7,0,4:1:1,2,8,0,1,1.375484066115571,1.154725151357203,1.2545132469242162,5.813865579989712
clip_1.mp4,8,1,4:1:1,2,8,0,1,1.0,1.0,1.0,4.165393036265432
clip_1.mp4,9,0,4:1:1,2,8,0,1,2.0557927234296525,2.1848711162061467,2.1763772387213782,5.097230259773663
clip_1.mp4,10,0,4:1:1,2,8,0,1,1.8520007073613813,1.985415773025308,1.990340093220404,5.166737879372428
clip_1.mp4,11,0,4:1:1,2,8,0,1,1.8360288792042458,1.9714174887244351,1.976784978874636,5.166237139917696
clip_1.mp4,12,0,4:1:1,2,8,0,1,1.7513010606114352,1.867744655094144,1.86941501446056,5.211035718878601
clip_1.mp4,13,0,4:1:1,2,8,0,1,1.5778636444571603,1.5942430113479102,1.601750060251015,5.343538130144033
clip_1.mp4,14,0,4:1:1,2,8,0,1,1.4930230548795416,1.469346106969757,1.4864175158706037,5.391969521604938
clip_1.mp4,15,0,4:1:1,2,8,0,1,1.449372609541703,1.4176639173904482,1.4513690576180078,5.425761799125515
clip_1.mp4,16,1,4:1:1,2,8,0,1,1.0,1.0,1.0,4.021995402520576
clip_1.mp4,17,0,4:1:1,2,8,0,1,4.518158919964789,5.068142267759028,4.723204198403732,4.470512635030865
clip_1.mp4,18,0,4:1:1,2,8,0,1,3.1825548843377045,3.6727406693683227,3.4012177199244173,4.617699652777778
clip_1.mp4,19,0,4:1:1,2,8,0,1,2.4803175036063645,2.6892988317320663,2.5897727953959593,4.759235146604938
clip_1.mp4,0,1,4:1:1,2,10,0,1,1.0,1.0,1.0,4.6055216370884775
clip_1.mp4,1,0,4:1:1,2,10,0,1,15.426734912510415,14.820744467951284,14.364089775561098,4.748982606738683
clip_1.mp4,2,0,4:1:1,2,10,0,1,1.7241465324998628,1.6074318918952442,1.7538161740824942,5.6673397312242795
clip_1.mp4,3,0,4:1:1,2,10,0,1,1.5357110588081946,1.3752195204770823,1.5164368414586344,5.787196823559671
clip_1.mp4,4,0,4:1:1,2,10,0,1,1.4289435492873888,1.2408325833445033,1.3661807026975743,5.883071469907407
clip_1.mp4,5,0,4:1:1,2,10,0,1,1.4073934308065499,1.1909028256374914,1.3042296893397338,5.813190747170782
clip_1.mp4,6,0,4:1:1,2,10,0,1,1.4067632640489762,1.1902848509618256,1.3017472139495874,5.808720421810699
clip_1.mp4,7,0,4:1:1,2,10,0,1,1.375484066115571,1.154725151357203,1.2545132469242162,5.813865579989712
clip_1.mp4,8,0,4:1:1,2,10,0,1,1.3456040098168873,1.1341559464426358,1.2317518248175183,5.791785300925926
clip_1.mp4,9,0,4:1:1,2,10,0,1,1.3218032517277911,1.1048028233849931,1.1887345388838186,5.727893357767489
clip_1.mp4,10,1,4:1:1,2,10,0,1,1.0,1.0,1.0,4.0724242862654325
clip_1.mp4,11,0,4:1:1,2,10,0,1,35.44615384615385,53.620190318576746,50.16450551577318,4.1194045781893
clip_1.mp4,12,0,4:1:1,2,10,0,1,7.244270542202348,8.570578315643289,8.310622334797525,4.3112429269547325
clip_1.mp4,13,0,4:1:1,2,10,0,1,2.4248434189169594,2.6216773880325284,2.5889709040422706,4.91090518904321
clip_1.mp4,14,0,4:1:1,2,10,0,1,1.954544769028911,2.0374795623192052,2.0414592653266963,5.053520929783951
clip_1.mp4,15,0,4:1:1,2,10,0,1,1.7631753481965207,1.8257892734880183,1.8635281937724224,5.152124324845679
clip_1.mp4,16,0,4:1:1,2,10,0,1,1.7363344051446945,1.8173914262876696,1.8622027444500324,5.144407632458848
clip_1.mp4,17,0,4:1:1,2,10,0,1,1.6405790129942466,1.6588375337591357,1.6917734903271284,5.222291345164609
clip_1.mp4,18,0,4:1:1,2,10,0,1,1.5907549642049448,1.5969244418157622,1.6280691175639261,5.238593106995885
clip_1.mp4,19,0,4:1:1,2,10,0,1,1.5343769701382537,1.5263489521072684,1.5529420222995765,5.281621174125514
clip_1.mp4,0,1,4:1:1,4,1,0,1,1.0,1.0,1.0,4.6055216370884775
clip_1.mp4,1,1,4:1:1,4,1,0,1,1.0,1.0,1.0,4.595216210133745
clip_1.mp4,2,1,4:1:1,4,1,0,1,1.0,1.0,1.0,4.30643727494856
clip_1.mp4,3,1,4:1:1,4,1,0,1,1.0,1.0,1.0,4.274640399948559
clip_1.mp4,4,1,4:1:1,4,1,0,1,1.0,1.0,1.0,4.307082047325103
clip_1.mp4,5,1,4:1:1,4,1,0,1,1.0,1.0,1.0,4.196505272633745
clip_1.mp4,6,1,4:1:1,4,1,0,1,1.0,1.0,1.0,4.193717206790123
clip_1.mp4,7,1,4:1:1,4,1,0,1,1.0,1.0,1.0,4.186859246399177
clip_1.mp4,8,1,4:1:1,4,1,0,1,1.0,1.0,1.0,4.165393036265432
clip_1.mp4,9,1,4:1:1,4,1,0,1,1.0,1.0,1.0,4.093541827417695
clip_1.mp4,10,1,4:1:1,4,1,0,1,1.0,1.0,1.0,4.0724242862654325
clip_1.mp4,11,1,4:1:1,4,1,0,1,1.0,1.0,1.0,4.072328639403292
clip_1.mp4,12,1,4:1:1,4,1,0,1,1.0,1.0,1.0,4.0701083461934155
clip_1.mp4,13,1,4:1:1,4,1,0,1,1.0,1.0,1.0,4.033309381430041
clip_1.mp4,14,1,4:1:1,4,1,0,1,1.0,1.0,1.0,4.0369970100308645
clip_1.mp4,15,1,4:1:1,4,1,0,1,1.0,1.0,1.0,4.032805105452675
clip_1.mp4,16,1,4:1:1,4,1,0,1,1.0,1.0,1.0,4.021995402520576
clip_1.mp4,17,1,4:1:1,4,1,0,1,1.0,1.0,1.0,4.0141886895576135
clip_1.mp4,18,1,4:1:1,4,1,0,1,1.0,1.0,1.0,4.000808738425926
clip_1.mp4,19,1,4:1:1,4,1,0,1,1.0,1.0,1.0,4.012105838477367
clip_1.mp4,0,1,4:1:1,4,2,0,1,1.0,1.0,1.0,4.6055216370884775
clip_1.mp4,1,0,4:1:1,4,2,0,1,20.413065306845702,20.707837341215946,23.570064563062655,5.426674704218107
clip_1.mp4,2,1,4:1:1,4,2,0,1,1.0,1.0,1.0,4.30643727494856
clip_1.mp4,3,0,4:1:1,4,2,0,1,4.033738989697781,3.4494230999560838,4.817664770826363,11.401965985082304
clip_1.mp4,4,1,4:1:1,4,2,0,1,1.0,1.0,1.0,4.307082047325103
clip_1.mp4,5,0,4:1:1,4,2,0,1,3.8529000802687516,4.706224126661341,5.293577044827939,9.857542116769547
clip_1.mp4,6,1,4:1:1,4,2,0,1,1.0,1.0,1.0,4.193717206790123
clip_1.mp4,7,0,4:1:1,4,2,0,1,3.8999582469747867,3.8784396462719397,3.975582073069726,10.632423643261317
clip_1.mp4,8,1,4:1:1,4,2,0,1,1.0,1.0,1.0,4.165393036265432
clip_1.mp4,9,0,4:1:1,4,2,0,1,3.3295759993063383,3.049662913416399,2.930568589098556,12.018103780864198
clip_1.mp4,10,1,4:1:1,4,2,0,1,1.0,1.0,1.0,4.0724242862654325
clip_1.mp4,11,0,4:1:1,4,2,0,1,44.415884847705954,72.58471016521983,68.69864829048502,4.325932355967078
clip_1.mp4,12,1,4:1:1,4,2,0,1,1.0,1.0,1.0,4.0701083461934155
clip_1.mp4,13,0,4:1:1,4,2,0,1,4.195413694173441,6.580016246953696,5.076480150414227,8.482503697273662
clip_1.mp4,14,1,4:1:1,4,2,0,1,1.0,1.0,1.0,4.0369970100308645
clip_1.mp4,15,0,4:1:1,4,2,0,1,7.58299384905688,10.504559270516717,8.145052320648588,6.408589731224279
clip_1.mp4,16,1,4:1:1,4,2,0,1,1.0,1.0,1.0,4.021995402520576
clip_1.mp4,17,0,4:1:1,4,2,0,1,6.627333917145542,8.298914609547595,7.462213905282856,6.570092110339506
clip_1.mp4,18,1,4:1:1,4,2,0,1,1.0,1.0,1.0,4.000808738425926
clip_1.mp4,19,0,4:1:1,4,2,0,1,6.863134482484709,6.5022702756942525,6.255581030529745,6.824317772633745
clip_1.mp4,0,1,4:1:1,4,4,0,1,1.0,1.0,1.0,4.6055216370884775
clip_1.mp4,1,0,4:1:1,4,4,0,1,20.413065306845702,20.707837341215946,23.570064563062655,5.426674704218107
clip_1.mp4,2,0,4:1:1,4,4,0,1,3.1026217273295846,2.495306859205776,3.384298006241105,13.503698238168724
clip_1.mp4,3,0,4:1:1,4,4,0,1,2.7465409954621673,2.34823022078075,2.8478822172169425,14.61048900462963
clip_1.mp4,4,1,4:1:1,4,4,0,1,1.0,1.0,1.0,4.307082047325103
clip_1.mp4,5,0,4:1:1,4,4,0,1,3.8529000802687516,4.706224126661341,5.293577044827939,9.857542116769547
clip_1.mp4,6,0,4:1:1,4,4,0,1,3.7728845754959006,4.584851593731206,5.131961906270418,10.05589039994856
clip_1.mp4,7,0,4:1:1,4,4,0,1,3.1634832489168243,3.1210490192536935,3.263867027639615,12.49217271090535
clip_1.mp4,8,1,4:1:1,4,4,0,1,1.0,1.0,1.0,4.165393036265432
clip_1.mp4,9,0,4:1:1,4,4,0,1,3.3295759993063383,3.049662913416399,2.930568589098556,12.018103780864198
clip_1.mp4,10,0,4:1:1,4,4,0,1,3.045810541653692,2.878017365814661,2.706427765944117,12.687465438528806
clip_1.mp4,11,0,4:1:1,4,4,0,1,3.033894287745911,2.8710995912670723,2.696685324288895,12.68042309670782
clip_1.mp4,12,1,4:1:1,4,4,0,1,1.0,1.0,1.0,4.0701083461934155
clip_1.mp4,13,0,4:1:1,4,4,0,1,4.195413694173441,6.580016246953696,5.076480150414227,8.482503697273662
clip_1.mp4,14,0,4:1:1,4,4,0,1,3.2665200597349733,4.131533226006981,3.3538202756032867,10.370853266460905
clip_1.mp4,15,0,4:1:1,4,4,0,1,2.9426122495317024,3.8662331076041885,3.059381749938033,11.233027584876544
clip_1.mp4,16,1,4:1:1,4,4,0,1,1.0,1.0,1.0,4.021995402520576
clip_1.mp4,17,0,4:1:1,4,4,0,1,6.627333917145542,8.298914609547595,7.462213905282856,6.570092110339506
clip_1.mp4,18,0,4:1:1,4,4,0,1,4.756203294661657,5.991401229716611,5.058054444336033,7.750703446502057
clip_1.mp4,19,0,4:1:1,4,4,0,1,3.7983309032026438,4.081954046520417,3.669153348527101,9.127432806069958
clip_1.mp4,0,1,4:1:1,4,6,0,1,1.0,1.0,1.0,4.6055216370884775
clip_1.mp4,1,0,4:1:1,4,6,0,1,20.413065306845702,20.707837341215946,23.570064563062655,5.426674704218107
clip_1.mp4,2,0,4:1:1,4,6,0,1,3.1026217273295846,2.495306859205776,3.384298006241105,13.503698238168724
clip_1.mp4,3,0,4:1:1,4,6,0,1,2.7465409954621673,2.34823022078075,2.8478822172169425,14.61048900462963
clip_1.mp4,4,0,4:1:1,4,6,0,1,2.488981073373088,2.0699403454692105,2.3526848927132122,15.791270093878602
clip_1.mp4,5,0,4:1:1,4,6,0,1,2.4501312739122936,2.0206587409861627,2.314099759840727,15.926643357767489
clip_1.mp4,6,1,4:1:1,4,6,0,1,1.0,1.0,1.0,4.193717206790123
clip_1.mp4,7,0,4:1:1,4,6,0,1,3.8999582469747867,3.8784396462719397,3.975582073069726,10.632423643261317
clip_1.mp4,8,0,4:1:1,4,6,0,1,3.576467341623691,2.802950018383546,2.6870963394532503,13.300398341049382
clip_1.mp4,9,0,4:1:1,4,6,0,1,2.9370938408280973,2.4176623667347568,2.22041375765623,14.577312082047325
clip_1.mp4,10,0,4:1:1,4,6,0,1,2.828999426996644,2.418384198397074,2.197802197802198,14.749969296553498
clip_1.mp4,11,0,4:1:1,4,6,0,1,2.817291780453408,2.4225204680548806,2.1932645117617193,14.758447145061728
clip_1.mp4,12,1,4:1:1,4,6,0,1,1.0,1.0,1.0,4.0701083461934155
clip_1.mp4,13,0,4:1:1,4,6,0,1,4.195413694173441,6.580016246953696,5.076480150414227,8.482503697273662
clip_1.mp4,14,0,4:1:1,4,6,0,1,3.2665200597349733,4.131533226006981,3.3538202756032867,10.370853266460905
clip_1.mp4,15,0,4:1:1,4,6,0,1,2.9426122495317024,3.8662331076041885,3.059381749938033,11.233027584876544
clip_1.mp4,16,0,4:1:1,4,6,0,1,2.8738212842388866,3.806167400881057,3.0166895556434907,11.32098202803498
clip_1.mp4,17,0,4:1:1,4,6,0,1,2.7274377395517932,3.5658274865868758,2.8155550727786225,11.917837737911523
clip_1.mp4,18,1,4:1:1,4,6,0,1,1.0,1.0,1.0,4.000808738425926
clip_1.mp4,19,0,4:1:1,4,6,0,1,6.863134482484709,6.5022702756942525,6.255581030529745,6.824317772633745
clip_1.mp4,0,1,4:1:1,4,8,0,1,1.0,1.0,1.0,4.6055216370884775
clip_1.mp4,1,0,4:1:1,4,8,0,1,20.413065306845702,20.707837341215946,23.570064563062655,5.426674704218107
clip_1.mp4,2,0,4:1:1,4,8,0,1,3.1026217273295846,2.495306859205776,3.384298006241105,13.503698238168724
clip_1.mp4,3,0,4:1:1,4,8,0,1,2.7465409954621673,2.34823022078075,2.8478822172169425,14.61048900462963
clip_1.mp4,4,0,4:1:1,4,8,0,1,2.488981073373088,2.0699403454692105,2.3526848927132122,15.791270093878602
clip_1.mp4,5,0,4:1:1,4,8,0,1,2.4501312739122936,2.0206587409861627,2.314099759840727,15.926643357767489
clip_1.mp4,6,0,4:1:1,4,8,0,1,2.4504729356041803,2.021036873006838,2.3075895837970175,15.924309413580247
clip_1.mp4,7,0,4:1:1,4,8,0,1,2.3611503320367655,1.9428828423656397,2.1853500607041685,16.092125289351852
clip_1.mp4,8,1,4:1:1,4,8,0,1,1.0,1.0,1.0,4.165393036265432
clip_1.mp4,9,0,4:1:1,4,8,0,1,3.3295759993063383,3.049662913416399,2.930568589098556,12.018103780864198
clip_1.mp4,10,0,4:1:1,4,8,0,1,3.045810541653692,2.878017365814661,2.706427765944117,12.687465438528806
clip_1.mp4,11,0,4:1:1,4,8,0,1,3.033894287745911,2.8710995912670723,2.696685324288895,12.68042309670782
clip_1.mp4,12,0,4:1:1,4,8,0,1,2.9285901922734707,2.686288734583895,2.5255527082460465,13.263754822530863
clip_1.mp4,13,0,4:1:1,4,8,0,1,2.6873261778435555,2.7861381030183163,2.3760415807276627,13.645281153549382
clip_1.mp4,14,0,4:1:1,4,8,0,1,2.5666797047130063,2.5619989918059525,2.1758474220573176,14.249966081532921
clip_1.mp4,15,0,4:1:1,4,8,0,1,2.5042631408599707,2.5610370619213705,2.1490933512424446,14.40594714506173
clip_1.mp4,16,1,4:1:1,4,8,0,1,1.0,1.0,1.0,4.021995402520576
clip_1.mp4,17,0,4:1:1,4,8,0,1,6.627333917145542,8.298914609547595,7.462213905282856,6.570092110339506
clip_1.mp4,18,0,4:1:1,4,8,0,1,4.756203294661657,5.991401229716611,5.058054444336033,7.750703446502057
clip_1.mp4,19,0,4:1:1,4,8,0,1,3.7983309032026438,4.081954046520417,3.669153348527101,9.127432806069958
clip_1.mp4,0,1,4:1:1,4,10,0,1,1.0,1.0,1.0,4.6055216370884775
clip_1.mp4,1,0,4:1:1,4,10,0,1,20.413065306845702,20.707837341215946,23.570064563062655,5.426674704218107
clip_1.mp4,2,0,4:1:1,4,10,0,1,3.1026217273295846,2.495306859205776,3.384298006241105,13.503698238168724
clip_1.mp4,3,0,4:1:1,4,10,0,1,2.7465409954621673,2.34823022078075,2.8478822172169425,14.61048900462963
clip_1.mp4,4,0,4:1:1,4,10,0,1,2.488981073373088,2.0699403454692105,2.3526848927132122,15.791270093878602
clip_1.mp4,5,0,4:1:1,4,10,0,1,2.4501312739122936,2.0206587409861627,2.314099759840727,15.926643357767489
clip_1.mp4,6,0,4:1:1,4,10,0,1,2.4504729356041803,2.021036873006838,2.3075895837970175,15.924309413580247
clip_1.mp4,7,0,4:1:1,4,10,0,1,2.3611503320367655,1.9428828423656397,2.1853500607041685,16.092125289351852
clip_1.mp4,8,0,4:1:1,4,10,0,1,2.287423802180201,1.8971221125977105,2.115607502571051,16.164461805555554
clip_1.mp4,9,0,4:1:1,4,10,0,1,2.244923588586573,1.836825806268735,1.9988740909827027,16.258750482253088
clip_1.mp4,10,1,4:1:1,4,10,0,1,1.0,1.0,1.0,4.0724242862654325
clip_1.mp4,11,0,4:1:1,4,10,0,1,44.415884847705954,72.58471016521983,68.69864829048502,4.325932355967078
clip_1.mp4,12,0,4:1:1,4,10,0,1,9.207406420674037,10.471881060116354,9.76933514246947,6.026964056069959
clip_1.mp4,13,0,4:1:1,4,10,0,1,3.766757493188011,5.498281786941581,4.219711522807931,9.208965084876544
clip_1.mp4,14,0,4:1:1,4,10,0,1,3.137539718565592,3.8474098263321954,3.090202436872601,10.845449781378601
clip_1.mp4,15,0,4:1:1,4,10,0,1,2.8804080578081894,3.6677515211546625,2.870431893687708,11.589651170267489
clip_1.mp4,16,0,4:1:1,4,10,0,1,2.8213550014558497,3.613701953239366,2.8389612381025398,11.672574427726337
clip_1.mp4,17,0,4:1:1,4,10,0,1,2.698496150582748,3.438532256138815,2.676082512544137,12.207388117283951
clip_1.mp4,18,0,4:1:1,4,10,0,1,2.627244484763097,3.240769682799665,2.568574599651181,12.525687371399178
clip_1.mp4,19,0,4:1:1,4,10,0,1,2.5366502906578456,2.939675410840053,2.400044445267505,12.972647247942387
clip_1.mp4,0,1,4:1:1,8,1,0,1,1.0,1.0,1.0,4.6055216370884775
clip_1.mp4,1,1,4:1:1,8,1,0,1,1.0,1.0,1.0,4.595216210133745
clip_1.mp4,2,1,4:1:1,8,1,0,1,1.0,1.0,1.0,4.30643727494856
clip_1.mp4,3,1,4:1:1,8,1,0,1,1.0,1.0,1.0,4.274640399948559
clip_1.mp4,4,1,4:1:1,8,1,0,1,1.0,1.0,1.0,4.307082047325103
clip_1.mp4,5,1,4:1:1,8,1,0,1,1.0,1.0,1.0,4.196505272633745
clip_1.mp4,6,1,4:1:1,8,1,0,1,1.0,1.0,1.0,4.193717206790123
clip_1.mp4,7,1,4:1:1,8,1,0,1,1.0,1.0,1.0,4.186859246399177
clip_1.mp4,8,1,4:1:1,8,1,0,1,1.0,1.0,1.0,4.165393036265432
clip_1.mp4,9,1,4:1:1,8,1,0,1,1.0,1.0,1.0,4.093541827417695
clip_1.mp4,10,1,4:1:1,8,1,0,1,1.0,1.0,1.0,4.0724242862654325
clip_1.mp4,11,1,4:1:1,8,1,0,1,1.0,1.0,1.0,4.072328639403292
clip_1.mp4,12,1,4:1:1,8,1,0,1,1.0,1.0,1.0,4.0701083461934155
clip_1.mp4,13,1,4:1:1,8,1,0,1,1.0,1.0,1.0,4.033309381430041
clip_1.mp4,14,1,4:1:1,8,1,0,1,1.0,1.0,1.0,4.0369970100308645
clip_1.mp4,15,1,4:1:1,8,1,0,1,1.0,1.0,1.0,4.032805105452675
clip_1.mp4,16,1,4:1:1,8,1,0,1,1.0,1.0,1.0,4.021995402520576
clip_1.mp4,17,1,4:1:1,8,1,0,1,1.0,1.0,1.0,4.0141886895576135
clip_1.mp4,18,1,4:1:1,8,1,0,1,1.0,1.0,1.0,4.000808738425926
clip_1.mp4,19,1,4:1:1,8,1,0,1,1.0,1.0,1.0,4.012105838477367
clip_1.mp4,0,1,4:1:1,8,2,0,1,1.0,1.0,1.0,4.6055216370884775
clip_1.mp4,1,0,4:1:1,8,2,0,1,20.520534388916378,20.77089510377434,23.643163367691326,8.343993055555556
clip_1.mp4,2,1,4:1:1,8,2,0,1,1.0,1.0,1.0,4.30643727494856
clip_1.mp4,3,0,4:1:1,8,2,0,1,5.235358870519799,3.56166265888011,4.999035679845709,38.33252604166667
clip_1.mp4,4,1,4:1:1,8,2,0,1,1.0,1.0,1.0,4.307082047325103
clip_1.mp4,5,0,4:1:1,8,2,0,1,4.250939938253129,4.834467966054276,5.376366389413205,30.02561840920782
clip_1.mp4,6,1,4:1:1,8,2,0,1,1.0,1.0,1.0,4.193717206790123
clip_1.mp4,7,0,4:1:1,8,2,0,1,4.200734156085149,3.936457795462139,3.9958684693295514,39.47221080889918
clip_1.mp4,8,1,4:1:1,8,2,0,1,1.0,1.0,1.0,4.165393036265432
clip_1.mp4,9,0,4:1:1,8,2,0,1,3.6322106457964027,3.084649347249164,2.9529375576745616,49.508657407407405
clip_1.mp4,10,1,4:1:1,8,2,0,1,1.0,1.0,1.0,4.0724242862654325
clip_1.mp4,11,0,4:1:1,8,2,0,1,44.87340402510279,72.58471016521983,68.69864829048502,5.237809124228395
clip_1.mp4,12,1,4:1:1,8,2,0,1,1.0,1.0,1.0,4.0701083461934155
clip_1.mp4,13,0,4:1:1,8,2,0,1,4.533370645025885,6.8259026150159325,5.127292148833897,23.241575038580248
clip_1.mp4,14,1,4:1:1,8,2,0,1,1.0,1.0,1.0,4.0369970100308645
clip_1.mp4,15,0,4:1:1,8,2,0,1,7.858176884772509,10.624257080788622,8.17227354415613,14.88564380787037
clip_1.mp4,16,1,4:1:1,8,2,0,1,1.0,1.0,1.0,4.021995402520576
clip_1.mp4,17,0,4:1:1,8,2,0,1,6.815985484475357,8.366418127239276,7.482895002742573,16.000167663323044
clip_1.mp4,18,1,4:1:1,8,2,0,1,1.0,1.0,1.0,4.000808738425926
clip_1.mp4,19,0,4:1:1,8,2,0,1,6.979891073844931,6.522395571212884,6.2637442304439235,19.051585648148148
clip_1.mp4,0,1,4:1:1,8,4,0,1,1.0,1.0,1.0,4.6055216370884775
clip_1.mp4,1,0,4:1:1,8,4,0,1,20.520534388916378,20.77089510377434,23.643163367691326,8.343993055555556
clip_1.mp4,2,0,4:1:1,8,4,0,1,4.816724738675958,2.6764693734253027,3.7689757459431164,48.19671585648148
clip_1.mp4,3,0,4:1:1,8,4,0,1,5.202964806720496,2.8347696749639093,3.667076949195705,51.714392843364195
clip_1.mp4,4,1,4:1:1,8,4,0,1,1.0,1.0,1.0,4.307082047325103
clip_1.mp4,5,0,4:1:1,8,4,0,1,4.250939938253129,4.834467966054276,5.376366389413205,30.02561840920782
clip_1.mp4,6,0,4:1:1,8,4,0,1,4.175543589888161,4.7049427311176055,5.2099455287330905,31.141520222479425
clip_1.mp4,7,0,4:1:1,8,4,0,1,4.215593793709137,3.3723214634209806,3.4382585856977994,46.65306102109054
clip_1.mp4,8,1,4:1:1,8,4,0,1,1.0,1.0,1.0,4.165393036265432
clip_1.mp4,9,0,4:1:1,8,4,0,1,3.6322106457964027,3.084649347249164,2.9529375576745616,49.508657407407405
clip_1.mp4,10,0,4:1:1,8,4,0,1,3.4171245134519617,2.9293762643671664,2.738828601316582,53.111761509773665
clip_1.mp4,11,0,4:1:1,8,4,0,1,3.4139739803024765,2.928184909454467,2.7313248822432272,53.01039223251029
clip_1.mp4,12,1,4:1:1,8,4,0,1,1.0,1.0,1.0,4.0701083461934155
clip_1.mp4,13,0,4:1:1,8,4,0,1,4.533370645025885,6.8259026150159325,5.127292148833897,23.241575038580248
clip_1.mp4,14,0,4:1:1,8,4,0,1,3.7548347843722385,4.387494287116813,3.420924124642004,34.00335567772634
clip_1.mp4,15,0,4:1:1,8,4,0,1,3.5105183499751136,4.229143892052408,3.145134869498744,37.10380176183128
clip_1.mp4,16,1,4:1:1,8,4,0,1,1.0,1.0,1.0,4.021995402520576
clip_1.mp4,17,0,4:1:1,8,4,0,1,6.815985484475357,8.366418127239276,7.482895002742573,16.000167663323044
clip_1.mp4,18,0,4:1:1,8,4,0,1,5.024886954583125,6.0743830704694055,5.094439749208908,22.05748794367284
clip_1.mp4,19,0,4:1:1,8,4,0,1,4.172031934071594,4.162050195096103,3.7174614557188956,29.935289512602882
clip_1.mp4,0,1,4:1:1,8,6,0,1,1.0,1.0,1.0,4.6055216370884775
clip_1.mp4,1,0,4:1:1,8,6,0,1,20.520534388916378,20.77089510377434,23.643163367691326,8.343993055555556
clip_1.mp4,2,0,4:1:1,8,6,0,1,4.816724738675958,2.6764693734253027,3.7689757459431164,48.19671585648148
clip_1.mp4,3,0,4:1:1,8,6,0,1,5.202964806720496,2.8347696749639093,3.667076949195705,51.714392843364195
clip_1.mp4,4,0,4:1:1,8,6,0,1,4.9518805970149256,2.6976957182406696,3.005147706719844,59.59788274819959
clip_1.mp4,5,0,4:1:1,8,6,0,1,5.014727861050249,2.7817426673392074,3.1591648689165965,57.808131108539094
clip_1.mp4,6,1,4:1:1,8,6,0,1,1.0,1.0,1.0,4.193717206790123
clip_1.mp4,7,0,4:1:1,8,6,0,1,4.200734156085149,3.936457795462139,3.9958684693295514,39.47221080889918
clip_1.mp4,8,0,4:1:1,8,6,0,1,4.416575790621592,2.9167182418670596,2.73201581027668,55.00923337834362
clip_1.mp4,9,0,4:1:1,8,6,0,1,5.329495219492135,2.6147483102996065,2.298340973780115,63.139445408950614
clip_1.mp4,10,0,4:1:1,8,6,0,1,5.331989364820596,2.6453838460125327,2.2843243529069612,63.76785863554527
clip_1.mp4,11,0,4:1:1,8,6,0,1,5.325006163201578,2.6522050547426583,2.281429061815109,63.68140576774692
clip_1.mp4,12,1,4:1:1,8,6,0,1,1.0,1.0,1.0,4.0701083461934155
clip_1.mp4,13,0,4:1:1,8,6,0,1,4.533370645025885,6.8259026150159325,5.127292148833897,23.241575038580248
clip_1.mp4,14,0,4:1:1,8,6,0,1,3.7548347843722385,4.387494287116813,3.420924124642004,34.00335567772634
clip_1.mp4,15,0,4:1:1,8,6,0,1,3.5105183499751136,4.229143892052408,3.145134869498744,37.10380176183128
clip_1.mp4,16,0,4:1:1,8,6,0,1,3.421962875927442,4.164859002169197,3.1011832832820856,37.7728716563786
clip_1.mp4,17,0,4:1:1,8,6,0,1,3.3294049266715264,4.027784252482402,2.9353476099339773,39.926502700617284
clip_1.mp4,18,1,4:1:1,8,6,0,1,1.0,1.0,1.0,4.000808738425926
clip_1.mp4,19,0,4:1:1,8,6,0,1,6.979891073844931,6.522395571212884,6.2637442304439235,19.051585648148148
clip_1.mp4,0,1,4:1:1,8,8,0,1,1.0,1.0,1.0,4.6055216370884775
clip_1.mp4,1,0,4:1:1,8,8,0,1,20.520534388916378,20.77089510377434,23.643163367691326,8.343993055555556
clip_1.mp4,2,0,4:1:1,8,8,0,1,4.816724738675958,2.6764693734253027,3.7689757459431164,48.19671585648148
clip_1.mp4,3,0,4:1:1,8,8,0,1,5.202964806720496,2.8347696749639093,3.667076949195705,51.714392843364195
clip_1.mp4,4,0,4:1:1,8,8,0,1,4.9518805970149256,2.6976957182406696,3.005147706719844,59.59788274819959
clip_1.mp4,5,0,4:1:1,8,8,0,1,5.014727861050249,2.7817426673392074,3.1591648689165965,57.808131108539094
clip_1.mp4,6,0,4:1:1,8,8,0,1,5.0456483229837845,2.7867671565728784,3.143990393362687,57.79496576003086
clip_1.mp4,7,0,4:1:1,8,8,0,1,4.7753714638392735,2.7769147534309684,3.007344324681804,58.56965663580247
clip_1.mp4,8,1,4:1:1,8,8,0,1,1.0,1.0,1.0,4.165393036265432
clip_1.mp4,9,0,4:1:1,8,8,0,1,3.6322106457964027,3.084649347249164,2.9529375576745616,49.508657407407405
clip_1.mp4,10,0,4:1:1,8,8,0,1,3.4171245134519617,2.9293762643671664,2.738828601316582,53.111761509773665
clip_1.mp4,11,0,4:1:1,8,8,0,1,3.4139739803024765,2.928184909454467,2.7313248822432272,53.01039223251029
clip_1.mp4,12,0,4:1:1,8,8,0,1,3.3744727386345885,2.7494616698312346,2.56445772404377,57.048785525977365
clip_1.mp4,13,0,4:1:1,8,8,0,1,3.3520853540252182,2.9635727515949783,2.443991853360489,55.38113683127572
clip_1.mp4,14,0,4:1:1,8,8,0,1,3.4870815199478016,2.7940669196274577,2.2582724912439667,59.547291827417695
clip_1.mp4,15,0,4:1:1,8,8,0,1,3.5358633672550677,2.8944077184205823,2.245011086474501,58.92266251929012
clip_1.mp4,16,1,4:1:1,8,8,0,1,1.0,1.0,1.0,4.021995402520576
clip_1.mp4,17,0,4:1:1,8,8,0,1,6.815985484475357,8.366418127239276,7.482895002742573,16.000167663323044
clip_1.mp4,18,0,4:1:1,8,8,0,1,5.024886954583125,6.0743830704694055,5.094439749208908,22.05748794367284
clip_1.mp4,19,0,4:1:1,8,8,0,1,4.172031934071594,4.162050195096103,3.7174614557188956,29.935289512602882
clip_1.mp4,0,1,4:1:1,8,10,0,1,1.0,1.0,1.0,4.6055216370884775
clip_1.mp4,1,0,4:1:1,8,10,0,1,20.520534388916378,20.77089510377434,23.643163367691326,8.343993055555556
clip_1.mp4,2,0,4:1:1,8,10,0,1,4.816724738675958,2.6764693734253027,3.7689757459431164,48.19671585648148
clip_1.mp4,3,0,4:1:1,8,10,0,1,5.202964806720496,2.8347696749639093,3.667076949195705,51.714392843364195
clip_1.mp4,4,0,4:1:1,8,10,0,1,4.9518805970149256,2.6976957182406696,3.005147706719844,59.59788274819959
clip_1.mp4,5,0,4:1:1,8,10,0,1,5.014727861050249,2.7817426673392074,3.1591648689165965,57.808131108539094
clip_1.mp4,6,0,4:1:1,8,10,0,1,5.0456483229837845,2.7867671565728784,3.143990393362687,57.79496576003086
clip_1.mp4,7,0,4:1:1,8,10,0,1,4.7753714638392735,2.7769147534309684,3.007344324681804,58.56965663580247
clip_1.mp4,8,0,4:1:1,8,10,0,1,4.429027903559285,2.8239600810581136,2.9188531789824554,59.68924061213992
clip_1.mp4,9,0,4:1:1,8,10,0,1,4.191292396005983,2.894440039753883,2.750482820093805,63.10471627443415
clip_1.mp4,10,1,4:1:1,8,10,0,1,1.0,1.0,1.0,4.0724242862654325
clip_1.mp4,11,0,4:1:1,8,10,0,1,44.87340402510279,72.58471016521983,68.69864829048502,5.237809124228395
clip_1.mp4,12,0,4:1:1,8,10,0,1,9.544149053685839,10.522897044494966,9.784085761739393,14.732740162037038
clip_1.mp4,13,0,4:1:1,8,10,0,1,4.121973522045084,5.674628368763273,4.259094942324756,27.92631076388889
clip_1.mp4,14,0,4:1:1,8,10,0,1,3.670452292616613,4.0718224232998725,3.1518276222670787,37.45956323945473
clip_1.mp4,15,0,4:1:1,8,10,0,1,3.5064816474511384,3.9995679479068618,2.9470620338366382,39.87782471707819
clip_1.mp4,16,0,4:1:1,8,10,0,1,3.4292291510937942,3.9416657795891057,2.916291629162916,40.51348668981481
clip_1.mp4,17,0,4:1:1,8,10,0,1,3.3577521714629928,3.8619127791766616,2.7847013321873657,42.2830089377572
clip_1.mp4,18,0,4:1:1,8,10,0,1,3.3642676357972614,3.7166085946573753,2.6886851168001327,43.98348894032922
clip_1.mp4,19,0,4:1:1,8,10,0,1,3.3411211188630907,3.3844747665992037,2.5251098403296672,47.162879693930044
clip_1.mp4,0,1,4:1:1,16,1,0,1,1.0,1.0,1.0,4.6055216370884775
clip_1.mp4,1,1,4:1:1,16,1,0,1,1.0,1.0,1.0,4.595216210133745
clip_1.mp4,2,1,4:1:1,16,1,0,1,1.0,1.0,1.0,4.30643727494856
clip_1.mp4,3,1,4:1:1,16,1,0,1,1.0,1.0,1.0,4.274640399948559
clip_1.mp4,4,1,4:1:1,16,1,0,1,1.0,1.0,1.0,4.307082047325103
clip_1.mp4,5,1,4:1:1,16,1,0,1,1.0,1.0,1.0,4.196505272633745
clip_1.mp4,6,1,4:1:1,16,1,0,1,1.0,1.0,1.0,4.193717206790123
clip_1.mp4,7,1,4:1:1,16,1,0,1,1.0,1.0,1.0,4.186859246399177
clip_1.mp4,8,1,4:1:1,16,1,0,1,1.0,1.0,1.0,4.165393036265432
clip_1.mp4,9,1,4:1:1,16,1,0,1,1.0,1.0,1.0,4.093541827417695
clip_1.mp4,10,1,4:1:1,16,1,0,1,1.0,1.0,1.0,4.0724242862654325
clip_1.mp4,11,1,4:1:1,16,1,0,1,1.0,1.0,1.0,4.072328639403292
clip_1.mp4,12,1,4:1:1,16,1,0,1,1.0,1.0,1.0,4.0701083461934155
clip_1.mp4,13,1,4:1:1,16,1,0,1,1.0,1.0,1.0,4.033309381430041
clip_1.mp4,14,1,4:1:1,16,1,0,1,1.0,1.0,1.0,4.0369970100308645
clip_1.mp4,15,1,4:1:1,16,1,0,1,1.0,1.0,1.0,4.032805105452675
clip_1.mp4,16,1,4:1:1,16,1,0,1,1.0,1.0,1.0,4.021995402520576
clip_1.mp4,17,1,4:1:1,16,1,0,1,1.0,1.0,1.0,4.0141886895576135
clip_1.mp4,18,1,4:1:1,16,1,0,1,1.0,1.0,1.0,4.000808738425926
clip_1.mp4,19,1,4:1:1,16,1,0,1,1.0,1.0,1.0,4.012105838477367
clip_1.mp4,0,1,4:1:1,16,2,0,1,1.0,1.0,1.0,4.6055216370884775
clip_1.mp4,1,0,4:1:1,16,2,0,1,20.521346713378065,20.77089510377434,23.643163367691326,20.862355484825102
clip_1.mp4,2,1,4:1:1,16,2,0,1,1.0,1.0,1.0,4.30643727494856
clip_1.mp4,3,0,4:1:1,16,2,0,1,5.41209264450256,3.5632294516310847,5.000385832240142,159.55418547453704
clip_1.mp4,4,1,4:1:1,16,2,0,1,1.0,1.0,1.0,4.307082047325103
clip_1.mp4,5,0,4:1:1,16,2,0,1,4.274952686070532,4.8348286732200485,5.376366389413205,118.23120515046297
clip_1.mp4,6,1,4:1:1,16,2,0,1,1.0,1.0,1.0,4.193717206790123
clip_1.mp4,7,0,4:1:1,16,2,0,1,4.229540698314793,3.936457795462139,3.9966078174389024,169.42341547710905
clip_1.mp4,8,1,4:1:1,16,2,0,1,1.0,1.0,1.0,4.165393036265432
clip_1.mp4,9,0,4:1:1,16,2,0,1,3.6439936314463153,3.08479619160964,2.953206713076371,221.16962866512347
clip_1.mp4,10,1,4:1:1,16,2,0,1,1.0,1.0,1.0,4.0724242862654325
clip_1.mp4,11,0,4:1:1,16,2,0,1,44.931744312026005,72.58471016521983,68.69864829048502,9.105024434156379
clip_1.mp4,12,1,4:1:1,16,2,0,1,1.0,1.0,1.0,4.0701083461934155
clip_1.mp4,13,0,4:1:1,16,2,0,1,4.553619662079961,6.8259026150159325,5.127292148833897,86.8395987654321
clip_1.mp4,14,1,4:1:1,16,2,0,1,1.0,1.0,1.0,4.0369970100308645
clip_1.mp4,15,0,4:1:1,16,2,0,1,7.870106802085942,10.624257080788622,8.17227354415613,51.189309574331276
clip_1.mp4,16,1,4:1:1,16,2,0,1,1.0,1.0,1.0,4.021995402520576
clip_1.mp4,17,0,4:1:1,16,2,0,1,6.830174509377656,8.366418127239276,7.482895002742573,56.575346579218106
clip_1.mp4,18,1,4:1:1,16,2,0,1,1.0,1.0,1.0,4.000808738425926
clip_1.mp4,19,0,4:1:1,16,2,0,1,6.982147306607046,6.522395571212884,6.2637442304439235,72.35048032407407
clip_1.mp4,0,1,4:1:1,16,4,0,1,1.0,1.0,1.0,4.6055216370884775
clip_1.mp4,1,0,4:1:1,16,4,0,1,20.521346713378065,20.77089510377434,23.643163367691326,20.862355484825102
clip_1.mp4,2,0,4:1:1,16,4,0,1,5.216262584082551,2.682591101497573,3.7821195628383406,206.5476429076646
clip_1.mp4,3,0,4:1:1,16,4,0,1,6.855873250985267,2.8740921439263736,3.7464226866707135,221.73055780606995
clip_1.mp4,4,1,4:1:1,16,4,0,1,1.0,1.0,1.0,4.307082047325103
clip_1.mp4,5,0,4:1:1,16,4,0,1,4.274952686070532,4.8348286732200485,5.376366389413205,118.23120515046297
clip_1.mp4,6,0,4:1:1,16,4,0,1,4.19945805604948,4.705284368362771,5.2099455287330905,123.42554896476338
clip_1.mp4,7,0,4:1:1,16,4,0,1,4.331351751047537,3.374165245577266,3.4400838785883976,204.1368521733539
clip_1.mp4,8,1,4:1:1,16,4,0,1,1.0,1.0,1.0,4.165393036265432
clip_1.mp4,9,0,4:1:1,16,4,0,1,3.6439936314463153,3.08479619160964,2.953206713076371,221.16962866512347
clip_1.mp4,10,0,4:1:1,16,4,0,1,3.442196790868617,2.929574917775241,2.739118029356751,238.89551810056585
clip_1.mp4,11,0,4:1:1,16,4,0,1,3.4415797807187882,2.9283834013082823,2.731612726448798,238.41783002186213
clip_1.mp4,12,1,4:1:1,16,4,0,1,1.0,1.0,1.0,4.0701083461934155
clip_1.mp4,13,0,4:1:1,16,4,0,1,4.553619662079961,6.8259026150159325,5.127292148833897,86.8395987654321
clip_1.mp4,14,0,4:1:1,16,4,0,1,3.8109100532601143,4.387791376771114,3.420924124642004,137.82318672839506
clip_1.mp4,15,0,4:1:1,16,4,0,1,3.57647967877914,4.22941992330913,3.1452875292747153,150.66464200745884
clip_1.mp4,16,1,4:1:1,16,4,0,1,1.0,1.0,1.0,4.021995402520576
clip_1.mp4,17,0,4:1:1,16,4,0,1,6.830174509377656,8.366418127239276,7.482895002742573,56.575346579218106
clip_1.mp4,18,0,4:1:1,16,4,0,1,5.049653956487647,6.07808652831516,5.095240903461697,84.03634259259259
clip_1.mp4,19,0,4:1:1,16,4,0,1,4.207126307118597,4.1640560990891125,3.7178880330478936,121.6652544688786
clip_1.mp4,0,1,4:1:1,16,6,0,1,1.0,1.0,1.0,4.6055216370884775
clip_1.mp4,1,0,4:1:1,16,6,0,1,20.521346713378065,20.77089510377434,23.643163367691326,20.862355484825102
clip_1.mp4,2,0,4:1:1,16,6,0,1,5.216262584082551,2.682591101497573,3.7821195628383406,206.5476429076646
clip_1.mp4,3,0,4:1:1,16,6,0,1,6.855873250985267,2.8740921439263736,3.7464226866707135,221.73055780606995
clip_1.mp4,4,0,4:1:1,16,6,0,1,7.658160062045278,2.789466320853198,3.114561053567566,264.13569990997945
clip_1.mp4,5,0,4:1:1,16,6,0,1,8.70536276543044,2.8932769263397593,3.3018267050521004,250.37938480581275
clip_1.mp4,6,1,4:1:1,16,6,0,1,1.0,1.0,1.0,4.193717206790123
clip_1.mp4,7,0,4:1:1,16,6,0,1,4.229540698314793,3.936457795462139,3.9966078174389024,169.42341547710905
clip_1.mp4,8,0,4:1:1,16,6,0,1,4.492434615317954,2.9178674351585014,2.732591850719519,248.00758005401235
clip_1.mp4,9,0,4:1:1,16,6,0,1,5.6367432150313155,2.6161206322291526,2.3000133102622122,307.8318815907922
clip_1.mp4,10,0,4:1:1,16,6,0,1,5.701245497786698,2.6475995914198163,2.286137644537348,312.30974858539093
clip_1.mp4,11,0,4:1:1,16,6,0,1,5.6989578294709995,2.654214794789875,2.2833986697793245,311.81094328703705
clip_1.mp4,12,1,4:1:1,16,6,0,1,1.0,1.0,1.0,4.0701083461934155
clip_1.mp4,13,0,4:1:1,16,6,0,1,4.553619662079961,6.8259026150159325,5.127292148833897,86.8395987654321
clip_1.mp4,14,0,4:1:1,16,6,0,1,3.8109100532601143,4.387791376771114,3.420924124642004,137.82318672839506
clip_1.mp4,15,0,4:1:1,16,6,0,1,3.57647967877914,4.22941992330913,3.1452875292747153,150.66464200745884
clip_1.mp4,16,0,4:1:1,16,6,0,1,3.4854637872145875,4.165126705339782,3.101331706091389,153.936869373714
clip_1.mp4,17,0,4:1:1,16,6,0,1,3.4088331125000413,4.028034623692676,2.935746565335085,163.02623344264404
clip_1.mp4,18,1,4:1:1,16,6,0,1,1.0,1.0,1.0,4.000808738425926
clip_1.mp4,19,0,4:1:1,16,6,0,1,6.982147306607046,6.522395571212884,6.2637442304439235,72.35048032407407
clip_1.mp4,0,1,4:1:1,16,8,0,1,1.0,1.0,1.0,4.6055216370884775
clip_1.mp4,1,0,4:1:1,16,8,0,1,20.521346713378065,20.77089510377434,23.643163367691326,20.862355484825102
clip_1.mp4,2,0,4:1:1,16,8,0,1,5.216262584082551,2.682591101497573,3.7821195628383406,206.5476429076646
clip_1.mp4,3,0,4:1:1,16,8,0,1,6.855873250985267,2.8740921439263736,3.7464226866707135,221.73055780606995
clip_1.mp4,4,0,4:1:1,16,8,0,1,7.658160062045278,2.789466320853198,3.114561053567566,264.13569990997945
clip_1.mp4,5,0,4:1:1,16,8,0,1,8.70536276543044,2.8932769263397593,3.3018267050521004,250.37938480581275
clip_1.mp4,6,0,4:1:1,16,8,0,1,8.839025388327167,2.8985831385661407,3.286504032053558,250.5968034657922
clip_1.mp4,7,0,4:1:1,16,8,0,1,9.41099583367372,2.9202014398215432,3.158741378049672,256.4024284657922
clip_1.mp4,8,1,4:1:1,16,8,0,1,1.0,1.0,1.0,4.165393036265432
clip_1.mp4,9,0,4:1:1,16,8,0,1,3.6439936314463153,3.08479619160964,2.953206713076371,221.16962866512347
clip_1.mp4,10,0,4:1:1,16,8,0,1,3.442196790868617,2.929574917775241,2.739118029356751,238.89551810056585
clip_1.mp4,11,0,4:1:1,16,8,0,1,3.4415797807187882,2.9283834013082823,2.731612726448798,238.41783002186213
clip_1.mp4,12,0,4:1:1,16,8,0,1,3.41923186006477,2.7498116930650003,2.564762225168708,259.20430105452675
clip_1.mp4,13,0,4:1:1,16,8,0,1,3.430091376469732,2.964623531699283,2.444176222088111,248.41463991769547
clip_1.mp4,14,0,4:1:1,16,8,0,1,3.6283464566929133,2.795422926350528,2.259256676661321,272.3444151877572
clip_1.mp4,15,0,4:1:1,16,8,0,1,3.7125628428606214,2.8957334852699668,2.2462562396006653,268.38215534979423
clip_1.mp4,16,1,4:1:1,16,8,0,1,1.0,1.0,1.0,4.021995402520576
clip_1.mp4,17,0,4:1:1,16,8,0,1,6.830174509377656,8.366418127239276,7.482895002742573,56.575346579218106
clip_1.mp4,18,0,4:1:1,16,8,0,1,5.049653956487647,6.07808652831516,5.095240903461697,84.03634259259259
clip_1.mp4,19,0,4:1:1,16,8,0,1,4.207126307118597,4.1640560990891125,3.7178880330478936,121.6652544688786
clip_1.mp4,0,1,4:1:1,16,10,0,1,1.0,1.0,1.0,4.6055216370884775
clip_1.mp4,1,0,4:1:1,16,10,0,1,20.521346713378065,20.77089510377434,23.643163367691326,20.862355484825102
clip_1.mp4,2,0,4:1:1,16,10,0,1,5.216262584082551,2.682591101497573,3.7821195628383406,206.5476429076646
clip_1.mp4,3,0,4:1:1,16,10,0,1,6.855873250985267,2.8740921439263736,3.7464226866707135,221.73055780606995
clip_1.mp4,4,0,4:1:1,16,10,0,1,7.658160062045278,2.789466320853198,3.114561053567566,264.13569990997945
clip_1.mp4,5,0,4:1:1,16,10,0,1,8.70536276543044,2.8932769263397593,3.3018267050521004,250.37938480581275
clip_1.mp4,6,0,4:1:1,16,10,0,1,8.839025388327167,2.8985831385661407,3.286504032053558,250.5968034657922
clip_1.mp4,7,0,4:1:1,16,10,0,1,9.41099583367372,2.9202014398215432,3.158741378049672,256.4024284657922
clip_1.mp4,8,0,4:1:1,16,10,0,1,9.762803792879406,3.01763781360964,3.0775806796324,255.69628150720163
clip_1.mp4,9,0,4:1:1,16,10,0,1,10.19739753916969,3.1378245868894137,2.900496844366859,263.19357397762343
clip_1.mp4,10,1,4:1:1,16,10,0,1,1.0,1.0,1.0,4.0724242862654325
clip_1.mp4,11,0,4:1:1,16,10,0,1,44.931744312026005,72.58471016521983,68.69864829048502,9.105024434156379
clip_1.mp4,12,0,4:1:1,16,10,0,1,9.589256481164622,10.522897044494966,9.784085761739393,53.015357831790126
clip_1.mp4,13,0,4:1:1,16,10,0,1,4.157694019705738,5.674628368763273,4.259094942324756,109.85715406378601
clip_1.mp4,14,0,4:1:1,16,10,0,1,3.7383716737578423,4.072078299530266,3.1518276222670787,155.90476884002058
clip_1.mp4,15,0,4:1:1,16,10,0,1,3.5882633885001143,4.000061729347675,2.9471960704052393,165.8269122942387
clip_1.mp4,16,0,4:1:1,16,10,0,1,3.5081070838859865,3.9421453666103936,2.916422881317791,168.97853443287036
clip_1.mp4,17,0,4:1:1,16,10,0,1,3.4533294252444775,3.8626033827583637,2.785060385954356,176.42546473122428
clip_1.mp4,18,0,4:1:1,16,10,0,1,3.4894874478747715,3.72130417928876,2.689243027888446,184.85199524176954
clip_1.mp4,19,0,4:1:1,16,10,0,1,3.505355404089581,3.39031823473245,2.5267837123833847,201.8253330761317
clip_1.mp4,0,1,4:1:1,32,1,0,1,1.0,1.0,1.0,4.6055216370884775
clip_1.mp4,1,1,4:1:1,32,1,0,1,1.0,1.0,1.0,4.595216210133745
clip_1.mp4,2,1,4:1:1,32,1,0,1,1.0,1.0,1.0,4.30643727494856
clip_1.mp4,3,1,4:1:1,32,1,0,1,1.0,1.0,1.0,4.274640399948559
clip_1.mp4,4,1,4:1:1,32,1,0,1,1.0,1.0,1.0,4.307082047325103
clip_1.mp4,5,1,4:1:1,32,1,0,1,1.0,1.0,1.0,4.196505272633745
clip_1.mp4,6,1,4:1:1,32,1,0,1,1.0,1.0,1.0,4.193717206790123
clip_1.mp4,7,1,4:1:1,32,1,0,1,1.0,1.0,1.0,4.186859246399177
clip_1.mp4,8,1,4:1:1,32,1,0,1,1.0,1.0,1.0,4.165393036265432
clip_1.mp4,9,1,4:1:1,32,1,0,1,1.0,1.0,1.0,4.093541827417695
clip_1.mp4,10,1,4:1:1,32,1,0,1,1.0,1.0,1.0,4.0724242862654325
clip_1.mp4,11,1,4:1:1,32,1,0,1,1.0,1.0,1.0,4.072328639403292
clip_1.mp4,12,1,4:1:1,32,1,0,1,1.0,1.0,1.0,4.0701083461934155
clip_1.mp4,13,1,4:1:1,32,1,0,1,1.0,1.0,1.0,4.033309381430041
clip_1.mp4,14,1,4:1:1,32,1,0,1,1.0,1.0,1.0,4.0369970100308645
clip_1.mp4,15,1,4:1:1,32,1,0,1,1.0,1.0,1.0,4.032805105452675
clip_1.mp4,16,1,4:1:1,32,1,0,1,1.0,1.0,1.0,4.021995402520576
clip_1.mp4,17,1,4:1:1,32,1,0,1,1.0,1.0,1.0,4.0141886895576135
clip_1.mp4,18,1,4:1:1,32,1,0,1,1.0,1.0,1.0,4.000808738425926
clip_1.mp4,19,1,4:1:1,32,1,0,1,1.0,1.0,1.0,4.012105838477367
clip_1.mp4,0,1,4:1:1,32,2,0,1,1.0,1.0,1.0,4.6055216370884775
clip_1.mp4,1,0,4:1:1,32,2,0,1,20.521346713378065,20.77089510377434,23.643163367691326,70.75724858539094
clip_1.mp4,2,1,4:1:1,32,2,0,1,1.0,1.0,1.0,4.30643727494856
clip_1.mp4,3,0,4:1:1,32,2,0,1,5.425971184994845,3.5632294516310847,5.000385832240142,661.8078641010802
clip_1.mp4,4,1,4:1:1,32,2,0,1,1.0,1.0,1.0,4.307082047325103
clip_1.mp4,5,0,4:1:1,32,2,0,1,4.275446286819435,4.8348286732200485,5.376366389413205,472.4002047968107
clip_1.mp4,6,1,4:1:1,32,2,0,1,1.0,1.0,1.0,4.193717206790123
clip_1.mp4,7,0,4:1:1,32,2,0,1,4.232856075544723,3.936457795462139,3.9966078174389024,680.4619103652263
clip_1.mp4,8,1,4:1:1,32,2,0,1,1.0,1.0,1.0,4.165393036265432
clip_1.mp4,9,0,4:1:1,32,2,0,1,3.6445572432411533,3.08479619160964,2.953206713076371,919.8706084426441
clip_1.mp4,10,1,4:1:1,32,2,0,1,1.0,1.0,1.0,4.0724242862654325
clip_1.mp4,11,0,4:1:1,32,2,0,1,44.931744312026005,72.58471016521983,68.69864829048502,24.271833686985598
clip_1.mp4,12,1,4:1:1,32,2,0,1,1.0,1.0,1.0,4.0701083461934155
clip_1.mp4,13,0,4:1:1,32,2,0,1,4.553819665578868,6.8259026150159325,5.127292148833897,332.3210542052469
clip_1.mp4,14,1,4:1:1,32,2,0,1,1.0,1.0,1.0,4.0369970100308645
clip_1.mp4,15,0,4:1:1,32,2,0,1,7.870106802085942,10.624257080788622,8.17227354415613,194.4448638438786
clip_1.mp4,16,1,4:1:1,32,2,0,1,1.0,1.0,1.0,4.021995402520576
clip_1.mp4,17,0,4:1:1,32,2,0,1,6.832334974200818,8.366418127239276,7.482895002742573,213.56271331661523
clip_1.mp4,18,1,4:1:1,32,2,0,1,1.0,1.0,1.0,4.000808738425926
clip_1.mp4,19,0,4:1:1,32,2,0,1,6.982617538708135,6.522395571212884,6.2637442304439235,281.5400025720165
clip_1.mp4,0,1,4:1:1,32,4,0,1,1.0,1.0,1.0,4.6055216370884775
clip_1.mp4,1,0,4:1:1,32,4,0,1,20.521346713378065,20.77089510377434,23.643163367691326,70.75724858539094
clip_1.mp4,2,0,4:1:1,32,4,0,1,5.267409428297085,2.682591101497573,3.7821195628383406,873.1357015174897
clip_1.mp4,3,0,4:1:1,32,4,0,1,7.166506535428172,2.8740921439263736,3.7464226866707135,961.8821524562758
clip_1.mp4,4,1,4:1:1,32,4,0,1,1.0,1.0,1.0,4.307082047325103
clip_1.mp4,5,0,4:1:1,32,4,0,1,4.275446286819435,4.8348286732200485,5.376366389413205,472.4002047968107
clip_1.mp4,6,0,4:1:1,32,4,0,1,4.199934376025374,4.705284368362771,5.2099455287330905,494.37168306327163
clip_1.mp4,7,0,4:1:1,32,4,0,1,4.337694177499048,3.374165245577266,3.4400838785883976,836.6102248906893
clip_1.mp4,8,1,4:1:1,32,4,0,1,1.0,1.0,1.0,4.165393036265432
clip_1.mp4,9,0,4:1:1,32,4,0,1,3.6445572432411533,3.08479619160964,2.953206713076371,919.8706084426441
clip_1.mp4,10,0,4:1:1,32,4,0,1,3.444575491287231,2.929574917775241,2.739118029356751,994.5502647569444
clip_1.mp4,11,0,4:1:1,32,4,0,1,3.444438169212012,2.9283834013082823,2.731612726448798,992.8641203703704
clip_1.mp4,12,1,4:1:1,32,4,0,1,1.0,1.0,1.0,4.0701083461934155
clip_1.mp4,13,0,4:1:1,32,4,0,1,4.553819665578868,6.8259026150159325,5.127292148833897,332.3210542052469
clip_1.mp4,14,0,4:1:1,32,4,0,1,3.815959455430786,4.387791376771114,3.420924124642004,537.5527866190844
clip_1.mp4,15,0,4:1:1,32,4,0,1,3.5817554332618227,4.22941992330913,3.1452875292747153,592.0334976208848
clip_1.mp4,16,1,4:1:1,32,4,0,1,1.0,1.0,1.0,4.021995402520576
clip_1.mp4,17,0,4:1:1,32,4,0,1,6.832334974200818,8.366418127239276,7.482895002742573,213.56271331661523
clip_1.mp4,18,0,4:1:1,32,4,0,1,5.052606956106452,6.07808652831516,5.095240903461697,323.90120450745883
clip_1.mp4,19,0,4:1:1,32,4,0,1,4.2105776142496865,4.1640560990891125,3.7178880330478936,480.30026813271604
clip_1.mp4,0,1,4:1:1,32,6,0,1,1.0,1.0,1.0,4.6055216370884775
clip_1.mp4,1,0,4:1:1,32,6,0,1,20.521346713378065,20.77089510377434,23.643163367691326,70.75724858539094
clip_1.mp4,2,0,4:1:1,32,6,0,1,5.267409428297085,2.682591101497573,3.7821195628383406,873.1357015174897
clip_1.mp4,3,0,4:1:1,32,6,0,1,7.166506535428172,2.8740921439263736,3.7464226866707135,961.8821524562758
clip_1.mp4,4,0,4:1:1,32,6,0,1,8.45339138517232,2.7921105641312893,3.116358477408806,1176.140055298354
clip_1.mp4,5,0,4:1:1,32,6,0,1,9.912898815385645,2.896121744377032,3.3046892929086877,1123.6832772312243
clip_1.mp4,6,1,4:1:1,32,6,0,1,1.0,1.0,1.0,4.193717206790123
clip_1.mp4,7,0,4:1:1,32,6,0,1,4.232856075544723,3.936457795462139,3.9966078174389024,680.4619103652263
clip_1.mp4,8,0,4:1:1,32,6,0,1,4.499921876356313,2.9178674351585014,2.732591850719519,1020.8378377379115
clip_1.mp4,9,0,4:1:1,32,6,0,1,5.658153241650295,2.6161206322291526,2.3000133102622122,1321.1164390432098
clip_1.mp4,10,0,4:1:1,32,6,0,1,5.728683198514786,2.6475995914198163,2.286137644537348,1344.1042169817388
clip_1.mp4,11,0,4:1:1,32,6,0,1,5.728809813239032,2.654214794789875,2.2833986697793245,1342.0765504436729
clip_1.mp4,12,1,4:1:1,32,6,0,1,1.0,1.0,1.0,4.0701083461934155
clip_1.mp4,13,0,4:1:1,32,6,0,1,4.553819665578868,6.8259026150159325,5.127292148833897,332.3210542052469
clip_1.mp4,14,0,4:1:1,32,6,0,1,3.815959455430786,4.387791376771114,3.420924124642004,537.5527866190844
clip_1.mp4,15,0,4:1:1,32,6,0,1,3.5817554332618227,4.22941992330913,3.1452875292747153,592.0334976208848
clip_1.mp4,16,0,4:1:1,32,6,0,1,3.490497752790075,4.165126705339782,3.101331706091389,605.9340504436728
clip_1.mp4,17,0,4:1:1,32,6,0,1,3.4164489097876913,4.028034623692676,2.935746565335085,643.1154296875
clip_1.mp4,18,1,4:1:1,32,6,0,1,1.0,1.0,1.0,4.000808738425926
clip_1.mp4,19,0,4:1:1,32,6,0,1,6.982617538708135,6.522395571212884,6.2637442304439235,281.5400025720165
clip_1.mp4,0,1,4:1:1,32,8,0,1,1.0,1.0,1.0,4.6055216370884775
clip_1.mp4,1,0,4:1:1,32,8,0,1,20.521346713378065,20.77089510377434,23.643163367691326,70.75724858539094
clip_1.mp4,2,0,4:1:1,32,8,0,1,5.267409428297085,2.682591101497573,3.7821195628383406,873.1357015174897
clip_1.mp4,3,0,4:1:1,32,8,0,1,7.166506535428172,2.8740921439263736,3.7464226866707135,961.8821524562758
clip_1.mp4,4,0,4:1:1,32,8,0,1,8.45339138517232,2.7921105641312893,3.116358477408806,1176.140055298354
clip_1.mp4,5,0,4:1:1,32,8,0,1,9.912898815385645,2.896121744377032,3.3046892929086877,1123.6832772312243
clip_1.mp4,6,0,4:1:1,32,8,0,1,10.093359683024893,2.901438405999888,3.2893401015228427,1126.1352109053498
clip_1.mp4,7,0,4:1:1,32,8,0,1,11.12864273063919,2.924154736521474,3.1622868018446675,1175.1680703446502
clip_1.mp4,8,1,4:1:1,32,8,0,1,1.0,1.0,1.0,4.165393036265432
clip_1.mp4,9,0,4:1:1,32,8,0,1,3.6445572432411533,3.08479619160964,2.953206713076371,919.8706084426441
clip_1.mp4,10,0,4:1:1,32,8,0,1,3.444575491287231,2.929574917775241,2.739118029356751,994.5502647569444
clip_1.mp4,11,0,4:1:1,32,8,0,1,3.444438169212012,2.9283834013082823,2.731612726448798,992.8641203703704
clip_1.mp4,12,0,4:1:1,32,8,0,1,3.4251847544920864,2.7498116930650003,2.564762225168708,1076.0983686985596
clip_1.mp4,13,0,4:1:1,32,8,0,1,3.441259936604876,2.964623531699283,2.444176222088111,1027.7297587127057
clip_1.mp4,14,0,4:1:1,32,8,0,1,3.6493036123459657,2.795422926350528,2.259256676661321,1129.1102557548868
clip_1.mp4,15,0,4:1:1,32,8,0,1,3.7376304547666686,2.8957334852699668,2.2462562396006653,1114.835637217078
clip_1.mp4,16,1,4:1:1,32,8,0,1,1.0,1.0,1.0,4.021995402520576
clip_1.mp4,17,0,4:1:1,32,8,0,1,6.832334974200818,8.366418127239276,7.482895002742573,213.56271331661523
clip_1.mp4,18,0,4:1:1,32,8,0,1,5.052606956106452,6.07808652831516,5.095240903461697,323.90120450745883
clip_1.mp4,19,0,4:1:1,32,8,0,1,4.2105776142496865,4.1640560990891125,3.7178880330478936,480.30026813271604
clip_1.mp4,0,1,4:1:1,32,10,0,1,1.0,1.0,1.0,4.6055216370884775
clip_1.mp4,1,0,4:1:1,32,10,0,1,20.521346713378065,20.77089510377434,23.643163367691326,70.75724858539094
clip_1.mp4,2,0,4:1:1,32,10,0,1,5.267409428297085,2.682591101497573,3.7821195628383406,873.1357015174897
clip_1.mp4,3,0,4:1:1,32,10,0,1,7.166506535428172,2.8740921439263736,3.7464226866707135,961.8821524562758
clip_1.mp4,4,0,4:1:1,32,10,0,1,8.45339138517232,2.7921105641312893,3.116358477408806,1176.140055298354
clip_1.mp4,5,0,4:1:1,32,10,0,1,9.912898815385645,2.896121744377032,3.3046892929086877,1123.6832772312243
clip_1.mp4,6,0,4:1:1,32,10,0,1,10.093359683024893,2.901438405999888,3.2893401015228427,1126.1352109053498
clip_1.mp4,7,0,4:1:1,32,10,0,1,11.12864273063919,2.924154736521474,3.1622868018446675,1175.1680703446502
clip_1.mp4,8,0,4:1:1,32,10,0,1,12.029377298727216,3.0247511465347228,3.0810926467441693,1190.3964806777262
clip_1.mp4,9,0,4:1:1,32,10,0,1,13.43266178661657,3.145134869498744,2.904136601980908,1258.5806934799382
clip_1.mp4,10,1,4:1:1,32,10,0,1,1.0,1.0,1.0,4.0724242862654325
clip_1.mp4,11,0,4:1:1,32,10,0,1,44.931744312026005,72.58471016521983,68.69864829048502,24.271833686985598
clip_1.mp4,12,0,4:1:1,32,10,0,1,9.592982910648692,10.522897044494966,9.784085761739393,195.73079298482511
clip_1.mp4,13,0,4:1:1,32,10,0,1,4.160263226531308,5.674628368763273,4.259094942324756,424.0859000450103
clip_1.mp4,14,0,4:1:1,32,10,0,1,3.747925952435176,4.072078299530266,3.1518276222670787,610.5827911201131
clip_1.mp4,15,0,4:1:1,32,10,0,1,3.5991377065911294,4.000061729347675,2.9471960704052393,653.4440517296811
clip_1.mp4,16,0,4:1:1,32,10,0,1,3.5185958196312397,3.9421453666103936,2.916422881317791,666.9550347222222
clip_1.mp4,17,0,4:1:1,32,10,0,1,3.467338195900595,3.8626033827583637,2.785060385954356,698.1323804012345
clip_1.mp4,18,0,4:1:1,32,10,0,1,3.5066951224874265,3.72130417928876,2.689243027888446,735.0546424897119
clip_1.mp4,19,0,4:1:1,32,10,0,1,3.526182791493356,3.39031823473245,2.5267837123833847,810.0497235082305
clip_1.mp4,0,1,4:1:0,1,1,0,1,1.0,1.0,1.0,4.606975790895062
clip_1.mp4,1,1,4:1:0,1,1,0,1,1.0,1.0,1.0,4.596750739454732
clip_1.mp4,2,1,4:1:0,1,1,0,1,1.0,1.0,1.0,4.307140721450617
clip_1.mp4,3,1,4:1:0,1,1,0,1,1.0,1.0,1.0,4.275310892489712
clip_1.mp4,4,1,4:1:0,1,1,0,1,1.0,1.0,1.0,4.308035622427983
clip_1.mp4,5,1,4:1:0,1,1,0,1,1.0,1.0,1.0,4.197044431584362
clip_1.mp4,6,1,4:1:0,1,1,0,1,1.0,1.0,1.0,4.194274048353909
clip_1.mp4,7,1,4:1:0,1,1,0,1,1.0,1.0,1.0,4.186967592592593
clip_1.mp4,8,1,4:1:0,1,1,0,1,1.0,1.0,1.0,4.16547952031893
clip_1.mp4,9,1,4:1:0,1,1,0,1,1.0,1.0,1.0,4.093251832561728
clip_1.mp4,10,1,4:1:0,1,1,0,1,1.0,1.0,1.0,4.0722500321502055
clip_1.mp4,11,1,4:1:0,1,1,0,1,1.0,1.0,1.0,4.072147633744856
clip_1.mp4,12,1,4:1:0,1,1,0,1,1.0,1.0,1.0,4.0701441936728395
clip_1.mp4,13,1,4:1:0,1,1,0,1,1.0,1.0,1.0,4.0330039544753085
clip_1.mp4,14,1,4:1:0,1,1,0,1,1.0,1.0,1.0,4.037151974022634
clip_1.mp4,15,1,4:1:0,1,1,0,1,1.0,1.0,1.0,4.033093010545268
clip_1.mp4,16,1,4:1:0,1,1,0,1,1.0,1.0,1.0,4.022279610339506
clip_1.mp4,17,1,4:1:0,1,1,0,1,1.0,1.0,1.0,4.014334812242798
clip_1.mp4,18,1,4:1:0,1,1,0,1,1.0,1.0,1.0,4.001146154835391
clip_1.mp4,19,1,4:1:0,1,1,0,1,1.0,1.0,1.0,4.01263872813786
clip_1.mp4,0,1,4:1:0,1,2,0,1,1.0,1.0,1.0,4.606975790895062
clip_1.mp4,1,0,4:1:0,1,2,0,1,8.336281478146207,7.938744257274119,8.033721795189685,4.596750739454732
clip_1.mp4,2,1,4:1:0,1,2,0,1,1.0,1.0,1.0,4.307140721450617
clip_1.mp4,3,0,4:1:0,1,2,0,1,1.4564129649972046,1.4288076732263932,1.5515569442947958,4.275310892489712
clip_1.mp4,4,1,4:1:0,1,2,0,1,1.0,1.0,1.0,4.308035622427983
clip_1.mp4,5,0,4:1:0,1,2,0,1,1.554585938554271,1.499756983822066,1.5918833601513271,4.197044431584362
clip_1.mp4,6,1,4:1:0,1,2,0,1,1.0,1.0,1.0,4.194274048353909
clip_1.mp4,7,0,4:1:0,1,2,0,1,1.7053893791481278,1.6834666943780525,1.8407522086185837,4.186967592592593
clip_1.mp4,8,1,4:1:0,1,2,0,1,1.0,1.0,1.0,4.16547952031893
clip_1.mp4,9,0,4:1:0,1,2,0,1,1.325961763498452,1.3878180416345411,1.452507705239563,4.093251832561728
clip_1.mp4,10,1,4:1:0,1,2,0,1,1.0,1.0,1.0,4.0722500321502055
clip_1.mp4,11,0,4:1:0,1,2,0,1,20.142207716517078,24.732824427480917,28.18616789908656,4.072147633744856
clip_1.mp4,12,1,4:1:0,1,2,0,1,1.0,1.0,1.0,4.0701441936728395
clip_1.mp4,13,0,4:1:0,1,2,0,1,1.6404284606743351,1.5513897866839044,1.6824395373291272,4.0330039544753085
clip_1.mp4,14,1,4:1:0,1,2,0,1,1.0,1.0,1.0,4.037151974022634
clip_1.mp4,15,0,4:1:0,1,2,0,1,3.2847235642798984,3.1337653544830255,3.406850503404222,4.033093010545268
clip_1.mp4,16,1,4:1:0,1,2,0,1,1.0,1.0,1.0,4.022279610339506
clip_1.mp4,17,0,4:1:0,1,2,0,1,2.5609864540415566,2.548722688745108,2.659334345631387,4.014334812242798
clip_1.mp4,18,1,4:1:0,1,2,0,1,1.0,1.0,1.0,4.001146154835391
clip_1.mp4,19,0,4:1:0,1,2,0,1,3.377154695052833,3.3894758865990164,3.4091805866105487,4.01263872813786
clip_1.mp4,0,1,4:1:0,1,4,0,1,1.0,1.0,1.0,4.606975790895062
clip_1.mp4,1,0,4:1:0,1,4,0,1,8.336281478146207,7.938744257274119,8.033721795189685,4.596750739454732
clip_1.mp4,2,0,4:1:0,1,4,0,1,1.1418502202643173,1.071623476492087,1.1529223378702962,4.307140721450617
clip_1.mp4,3,0,4:1:0,1,4,0,1,1.0440204454003892,0.9545273763754475,1.0347801092267892,4.275310892489712
clip_1.mp4,4,1,4:1:0,1,4,0,1,1.0,1.0,1.0,4.308035622427983
clip_1.mp4,5,0,4:1:0,1,4,0,1,1.554585938554271,1.499756983822066,1.5918833601513271,4.197044431584362
clip_1.mp4,6,0,4:1:0,1,4,0,1,1.5217094574066654,1.487057095648981,1.5786204124389442,4.194274048353909
clip_1.mp4,7,0,4:1:0,1,4,0,1,1.1715942631657454,1.1309097890015531,1.211577294144043,4.186967592592593
clip_1.mp4,8,1,4:1:0,1,4,0,1,1.0,1.0,1.0,4.16547952031893
clip_1.mp4,9,0,4:1:0,1,4,0,1,1.325961763498452,1.3878180416345411,1.452507705239563,4.093251832561728
clip_1.mp4,10,0,4:1:0,1,4,0,1,1.2105516953911934,1.2791282977526426,1.33677153171738,4.0722500321502055
clip_1.mp4,11,0,4:1:0,1,4,0,1,1.2023560054597724,1.2739479607985766,1.3303223157462534,4.072147633744856
clip_1.mp4,12,1,4:1:0,1,4,0,1,1.0,1.0,1.0,4.0701441936728395
clip_1.mp4,13,0,4:1:0,1,4,0,1,1.6404284606743351,1.5513897866839044,1.6824395373291272,4.0330039544753085
clip_1.mp4,14,0,4:1:0,1,4,0,1,1.3273333632051618,1.3016491573428681,1.3929492691315564,4.037151974022634
clip_1.mp4,15,0,4:1:0,1,4,0,1,1.1883080936296921,1.1846326816025448,1.2698412698412698,4.033093010545268
clip_1.mp4,16,1,4:1:0,1,4,0,1,1.0,1.0,1.0,4.022279610339506
clip_1.mp4,17,0,4:1:0,1,4,0,1,2.5609864540415566,2.548722688745108,2.659334345631387,4.014334812242798
clip_1.mp4,18,0,4:1:0,1,4,0,1,1.9243511718162734,2.0191004408992477,2.067216435646723,4.001146154835391
clip_1.mp4,19,0,4:1:0,1,4,0,1,1.573235572604336,1.6365082772467263,1.6745700515550501,4.01263872813786
clip_1.mp4,0,1,4:1:0,1,6,0,1,1.0,1.0,1.0,4.606975790895062
clip_1.mp4,1,0,4:1:0,1,6,0,1,8.336281478146207,7.938744257274119,8.033721795189685,4.596750739454732
clip_1.mp4,2,0,4:1:0,1,6,0,1,1.1418502202643173,1.071623476492087,1.1529223378702962,4.307140721450617
clip_1.mp4,3,0,4:1:0,1,6,0,1,1.0440204454003892,0.9545273763754475,1.0347801092267892,4.275310892489712
clip_1.mp4,4,0,4:1:0,1,6,0,1,0.9945295121452888,0.8945889791607706,0.9716526341832795,4.308035622427983
clip_1.mp4,5,0,4:1:0,1,6,0,1,0.979119113882092,0.8630046679496314,0.9267602007980436,4.197044431584362
clip_1.mp4,6,1,4:1:0,1,6,0,1,1.0,1.0,1.0,4.194274048353909
clip_1.mp4,7,0,4:1:0,1,6,0,1,1.7053893791481278,1.6834666943780525,1.8407522086185837,4.186967592592593
clip_1.mp4,8,0,4:1:0,1,6,0,1,1.252402310083119,1.2427482380016301,1.350225037506251,4.16547952031893
clip_1.mp4,9,0,4:1:0,1,6,0,1,1.0483433081662181,1.005984677363016,1.0608429444940124,4.093251832561728
clip_1.mp4,10,0,4:1:0,1,6,0,1,1.0258155669095328,0.9862338196013971,1.040863531225906,4.0722500321502055
clip_1.mp4,11,0,4:1:0,1,6,0,1,1.023810910972492,0.985101854667072,1.0393109753163643,4.072147633744856
clip_1.mp4,12,1,4:1:0,1,6,0,1,1.0,1.0,1.0,4.0701441936728395
clip_1.mp4,13,0,4:1:0,1,6,0,1,1.6404284606743351,1.5513897866839044,1.6824395373291272,4.0330039544753085
clip_1.mp4,14,0,4:1:0,1,6,0,1,1.3273333632051618,1.3016491573428681,1.3929492691315564,4.037151974022634
clip_1.mp4,15,0,4:1:0,1,6,0,1,1.1883080936296921,1.1846326816025448,1.2698412698412698,4.033093010545268
clip_1.mp4,16,0,4:1:0,1,6,0,1,1.1787430606163616,1.189645676519185,1.2758542612154087,4.022279610339506
clip_1.mp4,17,0,4:1:0,1,6,0,1,1.1052868916684524,1.0795142186016293,1.1457771569520205,4.014334812242798
clip_1.mp4,18,1,4:1:0,1,6,0,1,1.0,1.0,1.0,4.001146154835391
clip_1.mp4,19,0,4:1:0,1,6,0,1,3.377154695052833,3.3894758865990164,3.4091805866105487,4.01263872813786
clip_1.mp4,0,1,4:1:0,1,8,0,1,1.0,1.0,1.0,4.606975790895062
clip_1.mp4,1,0,4:1:0,1,8,0,1,8.336281478146207,7.938744257274119,8.033721795189685,4.596750739454732
clip_1.mp4,2,0,4:1:0,1,8,0,1,1.1418502202643173,1.071623476492087,1.1529223378702962,4.307140721450617
clip_1.mp4,3,0,4:1:0,1,8,0,1,1.0440204454003892,0.9545273763754475,1.0347801092267892,4.275310892489712
clip_1.mp4,4,0,4:1:0,1,8,0,1,0.9945295121452888,0.8945889791607706,0.9716526341832795,4.308035622427983
clip_1.mp4,5,0,4:1:0,1,8,0,1,0.979119113882092,0.8630046679496314,0.9267602007980436,4.197044431584362
clip_1.mp4,6,0,4:1:0,1,8,0,1,0.978834405349602,0.8626542593554055,0.9254102223555117,4.194274048353909
clip_1.mp4,7,0,4:1:0,1,8,0,1,0.9636887865217415,0.8434150500126902,0.9026892617589903,4.186967592592593
clip_1.mp4,8,1,4:1:0,1,8,0,1,1.0,1.0,1.0,4.16547952031893
clip_1.mp4,9,0,4:1:0,1,8,0,1,1.325961763498452,1.3878180416345411,1.452507705239563,4.093251832561728
clip_1.mp4,10,0,4:1:0,1,8,0,1,1.2105516953911934,1.2791282977526426,1.33677153171738,4.0722500321502055
clip_1.mp4,11,0,4:1:0,1,8,0,1,1.2023560054597724,1.2739479607985766,1.3303223157462534,4.072147633744856
clip_1.mp4,12,0,4:1:0,1,8,0,1,1.158730939278386,1.2292166589208313,1.2797472104275698,4.0701441936728395
clip_1.mp4,13,0,4:1:0,1,8,0,1,1.0545780772258737,1.0294374632627448,1.0851181405629888,4.0330039544753085
clip_1.mp4,14,0,4:1:0,1,8,0,1,1.0130757911234705,0.9810972240096293,1.0317074918203746,4.037151974022634
clip_1.mp4,15,0,4:1:0,1,8,0,1,0.9902597712698592,0.9549775256060717,1.0085367656786224,4.033093010545268
clip_1.mp4,16,1,4:1:0,1,8,0,1,1.0,1.0,1.0,4.022279610339506
clip_1.mp4,17,0,4:1:0,1,8,0,1,2.5609864540415566,2.548722688745108,2.659334345631387,4.014334812242798
clip_1.mp4,18,0,4:1:0,1,8,0,1,1.9243511718162734,2.0191004408992477,2.067216435646723,4.001146154835391
clip_1.mp4,19,0,4:1:0,1,8,0,1,1.573235572604336,1.6365082772467263,1.6745700515550501,4.01263872813786
clip_1.mp4,0,1,4:1:0,1,10,0,1,1.0,1.0,1.0,4.606975790895062
clip_1.mp4,1,0,4:1:0,1,10,0,1,8.336281478146207,7.938744257274119,8.033721795189685,4.596750739454732
clip_1.mp4,2,0,4:1:0,1,10,0,1,1.1418502202643173,1.071623476492087,1.1529223378702962,4.307140721450617
clip_1.mp4,3,0,4:1:0,1,10,0,1,1.0440204454003892,0.9545273763754475,1.0347801092267892,4.275310892489712
clip_1.mp4,4,0,4:1:0,1,10,0,1,0.9945295121452888,0.8945889791607706,0.9716526341832795,4.308035622427983
clip_1.mp4,5,0,4:1:0,1,10,0,1,0.979119113882092,0.8630046679496314,0.9267602007980436,4.197044431584362
clip_1.mp4,6,0,4:1:0,1,10,0,1,0.978834405349602,0.8626542593554055,0.9254102223555117,4.194274048353909
clip_1.mp4,7,0,4:1:0,1,10,0,1,0.9636887865217415,0.8434150500126902,0.9026892617589903,4.186967592592593
clip_1.mp4,8,0,4:1:0,1,10,0,1,0.9528816213692527,0.8363664524122977,0.893158652819032,4.16547952031893
clip_1.mp4,9,0,4:1:0,1,10,0,1,0.9373804880562645,0.8199677327512574,0.8713073644296836,4.093251832561728
clip_1.mp4,10,1,4:1:0,1,10,0,1,1.0,1.0,1.0,4.0722500321502055
clip_1.mp4,11,0,4:1:0,1,10,0,1,20.142207716517078,24.732824427480917,28.18616789908656,4.072147633744856
clip_1.mp4,12,0,4:1:0,1,10,0,1,4.888237207745367,5.5465205854660615,5.847056169636815,4.0701441936728395
clip_1.mp4,13,0,4:1:0,1,10,0,1,1.5119785803034458,1.4543659031993805,1.5665417623594826,4.0330039544753085
clip_1.mp4,14,0,4:1:0,1,10,0,1,1.2799699760129084,1.2564714094584375,1.3427825438269303,4.037151974022634
clip_1.mp4,15,0,4:1:0,1,10,0,1,1.167140404694228,1.157359862117004,1.2374795901803703,4.033093010545268
clip_1.mp4,16,0,4:1:0,1,10,0,1,1.1584694080498428,1.162592509531285,1.2433443660958412,4.022279610339506
clip_1.mp4,17,0,4:1:0,1,10,0,1,1.0940921346298944,1.0628177792356897,1.1277410372432997,4.014334812242798
clip_1.mp4,18,0,4:1:0,1,10,0,1,1.0684154825439582,1.0372314882991325,1.0967900273351219,4.001146154835391
clip_1.mp4,19,0,4:1:0,1,10,0,1,1.0394078743567612,1.0049238165393712,1.0606693019715683,4.01263872813786
clip_1.mp4,0,1,4:1:0,2,1,0,1,1.0,1.0,1.0,4.606975790895062
clip_1.mp4,1,1,4:1:0,2,1,0,1,1.0,1.0,1.0,4.596750739454732
clip_1.mp4,2,1,4:1:0,2,1,0,1,1.0,1.0,1.0,4.307140721450617
clip_1.mp4,3,1,4:1:0,2,1,0,1,1.0,1.0,1.0,4.275310892489712
clip_1.mp4,4,1,4:1:0,2,1,0,1,1.0,1.0,1.0,4.308035622427983
clip_1.mp4,5,1,4:1:0,2,1,0,1,1.0,1.0,1.0,4.197044431584362
clip_1.mp4,6,1,4:1:0,2,1,0,1,1.0,1.0,1.0,4.194274048353909
clip_1.mp4,7,1,4:1:0,2,1,0,1,1.0,1.0,1.0,4.186967592592593
clip_1.mp4,8,1,4:1:0,2,1,0,1,1.0,1.0,1.0,4.16547952031893
clip_1.mp4,9,1,4:1:0,2,1,0,1,1.0,1.0,1.0,4.093251832561728
clip_1.mp4,10,1,4:1:0,2,1,0,1,1.0,1.0,1.0,4.0722500321502055
clip_1.mp4,11,1,4:1:0,2,1,0,1,1.0,1.0,1.0,4.072147633744856
clip_1.mp4,12,1,4:1:0,2,1,0,1,1.0,1.0,1.0,4.0701441936728395
clip_1.mp4,13,1,4:1:0,2,1,0,1,1.0,1.0,1.0,4.0330039544753085
clip_1.mp4,14,1,4:1:0,2,1,0,1,1.0,1.0,1.0,4.037151974022634
clip_1.mp4,15,1,4:1:0,2,1,0,1,1.0,1.0,1.0,4.033093010545268
clip_1.mp4,16,1,4:1:0,2,1,0,1,1.0,1.0,1.0,4.022279610339506
clip_1.mp4,17,1,4:1:0,2,1,0,1,1.0,1.0,1.0,4.014334812242798
clip_1.mp4,18,1,4:1:0,2,1,0,1,1.0,1.0,1.0,4.001146154835391
clip_1.mp4,19,1,4:1:0,2,1,0,1,1.0,1.0,1.0,4.01263872813786
clip_1.mp4,0,1,4:1:0,2,2,0,1,1.0,1.0,1.0,4.606975790895062
clip_1.mp4,1,0,4:1:0,2,2,0,1,15.426734912510415,14.830072090628219,14.368070953436806,4.750404771090535
clip_1.mp4,2,1,4:1:0,2,2,0,1,1.0,1.0,1.0,4.307140721450617
clip_1.mp4,3,0,4:1:0,2,2,0,1,2.3017442905952166,2.292223067263305,2.565168339172258,5.381039737654321
clip_1.mp4,4,1,4:1:0,2,2,0,1,1.0,1.0,1.0,4.308035622427983
clip_1.mp4,5,0,4:1:0,2,2,0,1,2.4704360195671495,2.6189754471051834,2.7097097934264447,5.174418724279835
clip_1.mp4,6,1,4:1:0,2,2,0,1,1.0,1.0,1.0,4.194274048353909
clip_1.mp4,7,0,4:1:0,2,2,0,1,2.6637891166949283,2.7263547627061597,2.8726587609442538,5.047619116512346
clip_1.mp4,8,1,4:1:0,2,2,0,1,1.0,1.0,1.0,4.16547952031893
clip_1.mp4,9,0,4:1:0,2,2,0,1,2.0557927234296525,2.1861979386312647,2.175774364140015,5.096785943930041
clip_1.mp4,10,1,4:1:0,2,2,0,1,1.0,1.0,1.0,4.0722500321502055
clip_1.mp4,11,0,4:1:0,2,2,0,1,35.44615384615385,53.86533665835412,50.135396518375245,4.119161040380658
clip_1.mp4,12,1,4:1:0,2,2,0,1,1.0,1.0,1.0,4.0701441936728395
clip_1.mp4,13,0,4:1:0,2,2,0,1,2.6942256569903567,2.8925343153665883,2.8971899939641874,4.8456688850308645
clip_1.mp4,14,1,4:1:0,2,2,0,1,1.0,1.0,1.0,4.037151974022634
clip_1.mp4,15,0,4:1:0,2,2,0,1,5.394212459548609,5.770772107934811,5.5017829852266935,4.437671842849794
clip_1.mp4,16,1,4:1:0,2,2,0,1,1.0,1.0,1.0,4.022279610339506
clip_1.mp4,17,0,4:1:0,2,2,0,1,4.518158919964789,5.068836045056321,4.721827522133567,4.470467946244856
clip_1.mp4,18,1,4:1:0,2,2,0,1,1.0,1.0,1.0,4.001146154835391
clip_1.mp4,19,0,4:1:0,2,2,0,1,5.352358434559055,5.374471261507837,5.124149928831251,4.373214859825103
clip_1.mp4,0,1,4:1:0,2,4,0,1,1.0,1.0,1.0,4.606975790895062
clip_1.mp4,1,0,4:1:0,2,4,0,1,15.426734912510415,14.830072090628219,14.368070953436806,4.750404771090535
clip_1.mp4,2,0,4:1:0,2,4,0,1,1.7241465324998628,1.6076013743999404,1.7536025979297747,5.667679076646091
clip_1.mp4,3,0,4:1:0,2,4,0,1,1.5357110588081946,1.3754019548537044,1.516268295251132,5.786982060185185
clip_1.mp4,4,1,4:1:0,2,4,0,1,1.0,1.0,1.0,4.308035622427983
clip_1.mp4,5,0,4:1:0,2,4,0,1,2.4704360195671495,2.6189754471051834,2.7097097934264447,5.174418724279835
clip_1.mp4,6,0,4:1:0,2,4,0,1,2.4124138797562455,2.57040856802856,2.6618468616496878,5.191049543467078
clip_1.mp4,7,0,4:1:0,2,4,0,1,1.7795475610174727,1.7542672279599876,1.855457564998282,5.406560892489712
clip_1.mp4,8,1,4:1:0,2,4,0,1,1.0,1.0,1.0,4.16547952031893
clip_1.mp4,9,0,4:1:0,2,4,0,1,2.0557927234296525,2.1861979386312647,2.175774364140015,5.096785943930041
clip_1.mp4,10,0,4:1:0,2,4,0,1,1.8520007073613813,1.9852332955485432,1.9905693704209992,5.166103234310699
clip_1.mp4,11,0,4:1:0,2,4,0,1,1.8360288792042458,1.9713725072633517,1.9769055936055646,5.165615676440329
clip_1.mp4,12,1,4:1:0,2,4,0,1,1.0,1.0,1.0,4.0701441936728395
clip_1.mp4,13,0,4:1:0,2,4,0,1,2.6942256569903567,2.8925343153665883,2.8971899939641874,4.8456688850308645
clip_1.mp4,14,0,4:1:0,2,4,0,1,2.0457855003374124,2.1366746352320503,2.154326939060474,5.0112514467592595
clip_1.mp4,15,0,4:1:0,2,4,0,1,1.807162764917198,1.8826263800116212,1.9360332232861774,5.1201625192901234
clip_1.mp4,16,1,4:1:0,2,4,0,1,1.0,1.0,1.0,4.022279610339506
clip_1.mp4,17,0,4:1:0,2,4,0,1,4.518158919964789,5.068836045056321,4.721827522133567,4.470467946244856
clip_1.mp4,18,0,4:1:0,2,4,0,1,3.1825548843377045,3.671492110258081,3.400057717029147,4.617821662808642
clip_1.mp4,19,0,4:1:0,2,4,0,1,2.4803175036063645,2.690247851538174,2.5887381898807504,4.75935474537037
clip_1.mp4,0,1,4:1:0,2,6,0,1,1.0,1.0,1.0,4.606975790895062
clip_1.mp4,1,0,4:1:0,2,6,0,1,15.426734912510415,14.830072090628219,14.368070953436806,4.750404771090535
clip_1.mp4,2,0,4:1:0,2,6,0,1,1.7241465324998628,1.6076013743999404,1.7536025979297747,5.667679076646091
clip_1.mp4,3,0,4:1:0,2,6,0,1,1.5357110588081946,1.3754019548537044,1.516268295251132,5.786982060185185
clip_1.mp4,4,0,4:1:0,2,6,0,1,1.4289435492873888,1.2408801057046015,1.366281521464114,5.8833297968107
clip_1.mp4,5,0,4:1:0,2,6,0,1,1.4073934308065499,1.1911874190020129,1.3041640670597943,5.813098958333334
clip_1.mp4,6,1,4:1:0,2,6,0,1,1.0,1.0,1.0,4.194274048353909
clip_1.mp4,7,0,4:1:0,2,6,0,1,2.6637891166949283,2.7263547627061597,2.8726587609442538,5.047619116512346
clip_1.mp4,8,0,4:1:0,2,6,0,1,1.9711251459142118,1.899596921949432,1.9921298573536645,5.350091949588477
clip_1.mp4,9,0,4:1:0,2,6,0,1,1.577928481852605,1.4967431976717327,1.5303230682032873,5.455898276748971
clip_1.mp4,10,0,4:1:0,2,6,0,1,1.533605303718342,1.460890737546921,1.499080425202133,5.469082915380659
clip_1.mp4,11,0,4:1:0,2,6,0,1,1.5295035751851027,1.4594594594594594,1.494120359695642,5.471625353652263
clip_1.mp4,12,1,4:1:0,2,6,0,1,1.0,1.0,1.0,4.0701441936728395
clip_1.mp4,13,0,4:1:0,2,6,0,1,2.6942256569903567,2.8925343153665883,2.8971899939641874,4.8456688850308645
clip_1.mp4,14,0,4:1:0,2,6,0,1,2.0457855003374124,2.1366746352320503,2.154326939060474,5.0112514467592595
clip_1.mp4,15,0,4:1:0,2,6,0,1,1.807162764917198,1.8826263800116212,1.9360332232861774,5.1201625192901234
clip_1.mp4,16,0,4:1:0,2,6,0,1,1.7764466611952292,1.8718585706857704,1.9309276200125152,5.112855742026749
clip_1.mp4,17,0,4:1:0,2,6,0,1,1.664245527580921,1.6919280930560452,1.7373818620550976,5.199068930041152
clip_1.mp4,18,1,4:1:0,2,6,0,1,1.0,1.0,1.0,4.001146154835391
clip_1.mp4,19,0,4:1:0,2,6,0,1,5.352358434559055,5.374471261507837,5.124149928831251,4.373214859825103
clip_1.mp4,0,1,4:1:0,2,8,0,1,1.0,1.0,1.0,4.606975790895062
clip_1.mp4,1,0,4:1:0,2,8,0,1,15.426734912510415,14.830072090628219,14.368070953436806,4.750404771090535
clip_1.mp4,2,0,4:1:0,2,8,0,1,1.7241465324998628,1.6076013743999404,1.7536025979297747,5.667679076646091
clip_1.mp4,3,0,4:1:0,2,8,0,1,1.5357110588081946,1.3754019548537044,1.516268295251132,5.786982060185185
clip_1.mp4,4,0,4:1:0,2,8,0,1,1.4289435492873888,1.2408801057046015,1.366281521464114,5.8833297968107
clip_1.mp4,5,0,4:1:0,2,8,0,1,1.4073934308065499,1.1911874190020129,1.3041640670597943,5.813098958333334
clip_1.mp4,6,0,4:1:0,2,8,0,1,1.4067632640489762,1.1905855549635291,1.3016622307035606,5.808684574331275
clip_1.mp4,7,0,4:1:0,2,8,0,1,1.375484066115571,1.1550802139037433,1.2543918232236708,5.813400205761317
clip_1.mp4,8,1,4:1:0,2,8,0,1,1.0,1.0,1.0,4.16547952031893
clip_1.mp4,9,0,4:1:0,2,8,0,1,2.0557927234296525,2.1861979386312647,2.175774364140015,5.096785943930041
clip_1.mp4,10,0,4:1:0,2,8,0,1,1.8520007073613813,1.9852332955485432,1.9905693704209992,5.166103234310699
clip_1.mp4,11,0,4:1:0,2,8,0,1,1.8360288792042458,1.9713725072633517,1.9769055936055646,5.165615676440329
clip_1.mp4,12,0,4:1:0,2,8,0,1,1.7513010606114352,1.867704280155642,1.869698193779214,5.210535140174897
clip_1.mp4,13,0,4:1:0,2,8,0,1,1.5778636444571603,1.594507806444469,1.6015620172761087,5.342961033950617
clip_1.mp4,14,0,4:1:0,2,8,0,1,1.4930230548795416,1.4692878035507788,1.4865624390635575,5.391773405349794
clip_1.mp4,15,0,4:1:0,2,8,0,1,1.449372609541703,1.4175863841702854,1.4514990984129827,5.425531764403292
clip_1.mp4,16,1,4:1:0,2,8,0,1,1.0,1.0,1.0,4.022279610339506
clip_1.mp4,17,0,4:1:0,2,8,0,1,4.518158919964789,5.068836045056321,4.721827522133567,4.470467946244856
clip_1.mp4,18,0,4:1:0,2,8,0,1,3.1825548843377045,3.671492110258081,3.400057717029147,4.617821662808642
clip_1.mp4,19,0,4:1:0,2,8,0,1,2.4803175036063645,2.690247851538174,2.5887381898807504,4.75935474537037
clip_1.mp4,0,1,4:1:0,2,10,0,1,1.0,1.0,1.0,4.606975790895062
clip_1.mp4,1,0,4:1:0,2,10,0,1,15.426734912510415,14.830072090628219,14.368070953436806,4.750404771090535
clip_1.mp4,2,0,4:1:0,2,10,0,1,1.7241465324998628,1.6076013743999404,1.7536025979297747,5.667679076646091
clip_1.mp4,3,0,4:1:0,2,10,0,1,1.5357110588081946,1.3754019548537044,1.516268295251132,5.786982060185185
clip_1.mp4,4,0,4:1:0,2,10,0,1,1.4289435492873888,1.2408801057046015,1.366281521464114,5.8833297968107
clip_1.mp4,5,0,4:1:0,2,10,0,1,1.4073934308065499,1.1911874190020129,1.3041640670597943,5.813098958333334
clip_1.mp4,6,0,4:1:0,2,10,0,1,1.4067632640489762,1.1905855549635291,1.3016622307035606,5.808684574331275
clip_1.mp4,7,0,4:1:0,2,10,0,1,1.375484066115571,1.1550802139037433,1.2543918232236708,5.813400205761317
clip_1.mp4,8,0,4:1:0,2,10,0,1,1.3456040098168873,1.1345034358996804,1.231962584840016,5.791788355195473
clip_1.mp4,9,0,4:1:0,2,10,0,1,1.3218032517277911,1.1048404971782237,1.1887181839027745,5.727589699074074
clip_1.mp4,10,1,4:1:0,2,10,0,1,1.0,1.0,1.0,4.0722500321502055
clip_1.mp4,11,0,4:1:0,2,10,0,1,35.44615384615385,53.86533665835412,50.135396518375245,4.119161040380658
clip_1.mp4,12,0,4:1:0,2,10,0,1,7.244270542202348,8.5742639761826,8.30077499519631,4.311123971193416
clip_1.mp4,13,0,4:1:0,2,10,0,1,2.4248434189169594,2.6254482101979217,2.5882211970523037,4.910182291666667
clip_1.mp4,14,0,4:1:0,2,10,0,1,1.954544769028911,2.0383768480654294,2.0414592653266963,5.053193319187243
clip_1.mp4,15,0,4:1:0,2,10,0,1,1.7631753481965207,1.8257121122474855,1.8636755823986195,5.151834008487654
clip_1.mp4,16,0,4:1:0,2,10,0,1,1.7363344051446945,1.8170347003154574,1.862256261405601,5.144059927983539
clip_1.mp4,17,0,4:1:0,2,10,0,1,1.6405790129942466,1.6589861751152073,1.6911994989038521,5.222068383487654
clip_1.mp4,18,0,4:1:0,2,10,0,1,1.5907549642049448,1.5971015564346187,1.6277521697082356,5.238473186728395
clip_1.mp4,19,0,4:1:0,2,10,0,1,1.5343769701382537,1.5263219879872807,1.5528024729817163,5.2814713541666665
clip_1.mp4,0,1,4:1:0,4,1,0,1,1.0,1.0,1.0,4.606975790895062
clip_1.mp4,1,1,4:1:0,4,1,0,1,1.0,1.0,1.0,4.596750739454732
clip_1.mp4,2,1,4:1:0,4,1,0,1,1.0,1.0,1.0,4.307140721450617
clip_1.mp4,3,1,4:1:0,4,1,0,1,1.0,1.0,1.0,4.275310892489712
clip_1.mp4,4,1,4:1:0,4,1,0,1,1.0,1.0,1.0,4.308035622427983
clip_1.mp4,5,1,4:1:0,4,1,0,1,1.0,1.0,1.0,4.197044431584362
clip_1.mp4,6,1,4:1:0,4,1,0,1,1.0,1.0,1.0,4.194274048353909
clip_1.mp4,7,1,4:1:0,4,1,0,1,1.0,1.0,1.0,4.186967592592593
clip_1.mp4,8,1,4:1:0,4,1,0,1,1.0,1.0,1.0,4.16547952031893
clip_1.mp4,9,1,4:1:0,4,1,0,1,1.0,1.0,1.0,4.093251832561728
clip_1.mp4,10,1,4:1:0,4,1,0,1,1.0,1.0,1.0,4.0722500321502055
clip_1.mp4,11,1,4:1:0,4,1,0,1,1.0,1.0,1.0,4.072147633744856
clip_1.mp4,12,1,4:1:0,4,1,0,1,1.0,1.0,1.0,4.0701441936728395
clip_1.mp4,13,1,4:1:0,4,1,0,1,1.0,1.0,1.0,4.0330039544753085
clip_1.mp4,14,1,4:1:0,4,1,0,1,1.0,1.0,1.0,4.037151974022634
clip_1.mp4,15,1,4:1:0,4,1,0,1,1.0,1.0,1.0,4.033093010545268
clip_1.mp4,16,1,4:1:0,4,1,0,1,1.0,1.0,1.0,4.022279610339506
clip_1.mp4,17,1,4:1:0,4,1,0,1,1.0,1.0,1.0,4.014334812242798
clip_1.mp4,18,1,4:1:0,4,1,0,1,1.0,1.0,1.0,4.001146154835391
clip_1.mp4,19,1,4:1:0,4,1,0,1,1.0,1.0,1.0,4.01263872813786
clip_1.mp4,0,1,4:1:0,4,2,0,1,1.0,1.0,1.0,4.606975790895062
clip_1.mp4,1,0,4:1:0,4,2,0,1,20.413065306845702,20.72936660268714,23.59796067006555,5.42811824845679
clip_1.mp4,2,1,4:1:0,4,2,0,1,1.0,1.0,1.0,4.307140721450617
clip_1.mp4,3,0,4:1:0,4,2,0,1,4.033738989697781,3.451949712337524,4.81838123210767,11.40206902649177
clip_1.mp4,4,1,4:1:0,4,2,0,1,1.0,1.0,1.0,4.308035622427983
clip_1.mp4,5,0,4:1:0,4,2,0,1,3.8529000802687516,4.7017849368741835,5.294117647058823,9.85797550154321
clip_1.mp4,6,1,4:1:0,4,2,0,1,1.0,1.0,1.0,4.194274048353909
clip_1.mp4,7,0,4:1:0,4,2,0,1,3.8999582469747867,3.8802395209580838,3.9739973016067704,10.632107767489712
clip_1.mp4,8,1,4:1:0,4,2,0,1,1.0,1.0,1.0,4.16547952031893
clip_1.mp4,9,0,4:1:0,4,2,0,1,3.3295759993063383,3.0514221133923525,2.929939185675853,12.018087545010289
clip_1.mp4,10,1,4:1:0,4,2,0,1,1.0,1.0,1.0,4.0722500321502055
clip_1.mp4,11,0,4:1:0,4,2,0,1,44.415884847705954,73.09644670050761,68.68044515103338,4.325783661265432
clip_1.mp4,12,1,4:1:0,4,2,0,1,1.0,1.0,1.0,4.0701441936728395
clip_1.mp4,13,0,4:1:0,4,2,0,1,4.195413694173441,6.594077541467386,5.0759830800564,8.482145383230453
clip_1.mp4,14,1,4:1:0,4,2,0,1,1.0,1.0,1.0,4.037151974022634
clip_1.mp4,15,0,4:1:0,4,2,0,1,7.58299384905688,10.515212981744423,8.136614766449021,6.4091530028292185
clip_1.mp4,16,1,4:1:0,4,2,0,1,1.0,1.0,1.0,4.022279610339506
clip_1.mp4,17,0,4:1:0,4,2,0,1,6.627333917145542,8.313021167415009,7.4598514936971165,6.57030574845679
clip_1.mp4,18,1,4:1:0,4,2,0,1,1.0,1.0,1.0,4.001146154835391
clip_1.mp4,19,0,4:1:0,4,2,0,1,6.863134482484709,6.514526993063235,6.248794599807136,6.824929269547325
clip_1.mp4,0,1,4:1:0,4,4,0,1,1.0,1.0,1.0,4.606975790895062
clip_1.mp4,1,0,4:1:0,4,4,0,1,20.413065306845702,20.72936660268714,23.59796067006555,5.42811824845679
clip_1.mp4,2,0,4:1:0,4,4,0,1,3.1026217273295846,2.4944663651236647,3.3838120104438643,13.504088059413581
clip_1.mp4,3,0,4:1:0,4,4,0,1,2.7465409954621673,2.3480813131862157,2.8476006328001406,14.610860178755145
clip_1.mp4,4,1,4:1:0,4,4,0,1,1.0,1.0,1.0,4.308035622427983
clip_1.mp4,5,0,4:1:0,4,4,0,1,3.8529000802687516,4.7017849368741835,5.294117647058823,9.85797550154321
clip_1.mp4,6,0,4:1:0,4,4,0,1,3.7728845754959006,4.581124072110287,5.131860299358517,10.056415895061729
clip_1.mp4,7,0,4:1:0,4,4,0,1,3.1634832489168243,3.12123693463706,3.2622649583406753,12.492532471707818
clip_1.mp4,8,1,4:1:0,4,4,0,1,1.0,1.0,1.0,4.16547952031893
clip_1.mp4,9,0,4:1:0,4,4,0,1,3.3295759993063383,3.0514221133923525,2.929939185675853,12.018087545010289
clip_1.mp4,10,0,4:1:0,4,4,0,1,3.045810541653692,2.877953455320661,2.706993065418999,12.68721868569959
clip_1.mp4,11,0,4:1:0,4,4,0,1,3.033894287745911,2.8712586126680995,2.697246560802514,12.68023967978395
clip_1.mp4,12,1,4:1:0,4,4,0,1,1.0,1.0,1.0,4.0701441936728395
clip_1.mp4,13,0,4:1:0,4,4,0,1,4.195413694173441,6.594077541467386,5.0759830800564,8.482145383230453
clip_1.mp4,14,0,4:1:0,4,4,0,1,3.2665200597349733,4.134498819626109,3.353603312200802,10.370298193158437
clip_1.mp4,15,0,4:1:0,4,4,0,1,2.9426122495317024,3.8683103005700983,3.0594900849858355,11.232798836162551
clip_1.mp4,16,1,4:1:0,4,4,0,1,1.0,1.0,1.0,4.022279610339506
clip_1.mp4,17,0,4:1:0,4,4,0,1,6.627333917145542,8.313021167415009,7.4598514936971165,6.57030574845679
clip_1.mp4,18,0,4:1:0,4,4,0,1,4.756203294661657,5.992509363295881,5.0569689402216325,7.750815007716049
clip_1.mp4,19,0,4:1:0,4,4,0,1,3.7983309032026438,4.085879126075854,3.6677515211546625,9.127675700874486
clip_1.mp4,0,1,4:1:0,4,6,0,1,1.0,1.0,1.0,4.606975790895062
clip_1.mp4,1,0,4:1:0,4,6,0,1,20.413065306845702,20.72936660268714,23.59796067006555,5.42811824845679
clip_1.mp4,2,0,4:1:0,4,6,0,1,3.1026217273295846,2.4944663651236647,3.3838120104438643,13.504088059413581
clip_1.mp4,3,0,4:1:0,4,6,0,1,2.7465409954621673,2.3480813131862157,2.8476006328001406,14.610860178755145
clip_1.mp4,4,0,4:1:0,4,6,0,1,2.488981073373088,2.0697254739128352,2.3526848927132122,15.79177517361111
clip_1.mp4,5,0,4:1:0,4,6,0,1,2.4501312739122936,2.0213678546362006,2.3135833764749987,15.92660429526749
clip_1.mp4,6,1,4:1:0,4,6,0,1,1.0,1.0,1.0,4.194274048353909
clip_1.mp4,7,0,4:1:0,4,6,0,1,3.8999582469747867,3.8802395209580838,3.9739973016067704,10.632107767489712
clip_1.mp4,8,0,4:1:0,4,6,0,1,3.576467341623691,2.803738317757009,2.6865671641791047,13.29949765303498
clip_1.mp4,9,0,4:1:0,4,6,0,1,2.9370938408280973,2.416963503105127,2.2198622863211264,14.576806198559671
clip_1.mp4,10,0,4:1:0,4,6,0,1,2.828999426996644,2.4175045234941894,2.1975413310724883,14.749855324074074
clip_1.mp4,11,0,4:1:0,4,6,0,1,2.817291780453408,2.4219319392274485,2.1927820922795798,14.758159561471194
clip_1.mp4,12,1,4:1:0,4,6,0,1,1.0,1.0,1.0,4.0701441936728395
clip_1.mp4,13,0,4:1:0,4,6,0,1,4.195413694173441,6.594077541467386,5.0759830800564,8.482145383230453
clip_1.mp4,14,0,4:1:0,4,6,0,1,3.2665200597349733,4.134498819626109,3.353603312200802,10.370298193158437
clip_1.mp4,15,0,4:1:0,4,6,0,1,2.9426122495317024,3.8683103005700983,3.0594900849858355,11.232798836162551
clip_1.mp4,16,0,4:1:0,4,6,0,1,2.8738212842388866,3.807285546415981,3.016759776536313,11.32068544238683
clip_1.mp4,17,0,4:1:0,4,6,0,1,2.7274377395517932,3.5683801866791485,2.815126963094902,11.917825199331276
clip_1.mp4,18,1,4:1:0,4,6,0,1,1.0,1.0,1.0,4.001146154835391
clip_1.mp4,19,0,4:1:0,4,6,0,1,6.863134482484709,6.514526993063235,6.248794599807136,6.824929269547325
clip_1.mp4,0,1,4:1:0,4,8,0,1,1.0,1.0,1.0,4.606975790895062
clip_1.mp4,1,0,4:1:0,4,8,0,1,20.413065306845702,20.72936660268714,23.59796067006555,5.42811824845679
clip_1.mp4,2,0,4:1:0,4,8,0,1,3.1026217273295846,2.4944663651236647,3.3838120104438643,13.504088059413581
clip_1.mp4,3,0,4:1:0,4,8,0,1,2.7465409954621673,2.3480813131862157,2.8476006328001406,14.610860178755145
clip_1.mp4,4,0,4:1:0,4,8,0,1,2.488981073373088,2.0697254739128352,2.3526848927132122,15.79177517361111
clip_1.mp4,5,0,4:1:0,4,8,0,1,2.4501312739122936,2.0213678546362006,2.3135833764749987,15.92660429526749
clip_1.mp4,6,0,4:1:0,4,8,0,1,2.4504729356041803,2.021588569289324,2.3069939655018956,15.924261027520576
clip_1.mp4,7,0,4:1:0,4,8,0,1,2.3611503320367655,1.9436695761720508,2.184907950637265,16.091633391203704
clip_1.mp4,8,1,4:1:0,4,8,0,1,1.0,1.0,1.0,4.16547952031893
clip_1.mp4,9,0,4:1:0,4,8,0,1,3.3295759993063383,3.0514221133923525,2.929939185675853,12.018087545010289
clip_1.mp4,10,0,4:1:0,4,8,0,1,3.045810541653692,2.877953455320661,2.706993065418999,12.68721868569959
clip_1.mp4,11,0,4:1:0,4,8,0,1,3.033894287745911,2.8712586126680995,2.697246560802514,12.68023967978395
clip_1.mp4,12,0,4:1:0,4,8,0,1,2.9285901922734707,2.6863444158859133,2.526069583861222,13.26347527649177
clip_1.mp4,13,0,4:1:0,4,8,0,1,2.6873261778435555,2.7873365450791465,2.3756713654611112,13.644957079475308
clip_1.mp4,14,0,4:1:0,4,8,0,1,2.5666797047130063,2.5628856193640246,2.17566478646253,14.249360371656378
clip_1.mp4,15,0,4:1:0,4,8,0,1,2.5042631408599707,2.56202431550855,2.148968627711083,14.405371174125515
clip_1.mp4,16,1,4:1:0,4,8,0,1,1.0,1.0,1.0,4.022279610339506
clip_1.mp4,17,0,4:1:0,4,8,0,1,6.627333917145542,8.313021167415009,7.4598514936971165,6.57030574845679
clip_1.mp4,18,0,4:1:0,4,8,0,1,4.756203294661657,5.992509363295881,5.0569689402216325,7.750815007716049
clip_1.mp4,19,0,4:1:0,4,8,0,1,3.7983309032026438,4.085879126075854,3.6677515211546625,9.127675700874486
clip_1.mp4,0,1,4:1:0,4,10,0,1,1.0,1.0,1.0,4.606975790895062
clip_1.mp4,1,0,4:1:0,4,10,0,1,20.413065306845702,20.72936660268714,23.59796067006555,5.42811824845679
clip_1.mp4,2,0,4:1:0,4,10,0,1,3.1026217273295846,2.4944663651236647,3.3838120104438643,13.504088059413581
clip_1.mp4,3,0,4:1:0,4,10,0,1,2.7465409954621673,2.3480813131862157,2.8476006328001406,14.610860178755145
clip_1.mp4,4,0,4:1:0,4,10,0,1,2.488981073373088,2.0697254739128352,2.3526848927132122,15.79177517361111
clip_1.mp4,5,0,4:1:0,4,10,0,1,2.4501312739122936,2.0213678546362006,2.3135833764749987,15.92660429526749
clip_1.mp4,6,0,4:1:0,4,10,0,1,2.4504729356041803,2.021588569289324,2.3069939655018956,15.924261027520576
clip_1.mp4,7,0,4:1:0,4,10,0,1,2.3611503320367655,1.9436695761720508,2.184907950637265,16.091633391203704
clip_1.mp4,8,0,4:1:0,4,10,0,1,2.287423802180201,1.8973998594518622,2.115676575738283,16.163984857253087
clip_1.mp4,9,0,4:1:0,4,10,0,1,2.244923588586573,1.836630576497931,1.998519615099926,16.258448913323047
clip_1.mp4,10,1,4:1:0,4,10,0,1,1.0,1.0,1.0,4.0722500321502055
clip_1.mp4,11,0,4:1:0,4,10,0,1,44.415884847705954,73.09644670050761,68.68044515103338,4.325783661265432
clip_1.mp4,12,0,4:1:0,4,10,0,1,9.207406420674037,10.486285298163281,9.759036144578314,6.026829668209877
clip_1.mp4,13,0,4:1:0,4,10,0,1,3.766757493188011,5.511375717627047,4.218200755110011,9.20841997813786
clip_1.mp4,14,0,4:1:0,4,10,0,1,3.137539718565592,3.851526048322387,3.090570897124052,10.845011574074075
clip_1.mp4,15,0,4:1:0,4,10,0,1,2.8804080578081894,3.6689975370155423,2.870940587479509,11.589587512860083
clip_1.mp4,16,0,4:1:0,4,10,0,1,2.8213550014558497,3.6139538774713476,2.839303319093,11.672455954218107
clip_1.mp4,17,0,4:1:0,4,10,0,1,2.698496150582748,3.4383041944127557,2.6751434586962803,12.207256462191358
clip_1.mp4,18,0,4:1:0,4,10,0,1,2.627244484763097,3.239595050618673,2.567963858286439,12.526332786779836
clip_1.mp4,19,0,4:1:0,4,10,0,1,2.5366502906578456,2.938908794049617,2.400088892181192,12.973334619341564
clip_1.mp4,0,1,4:1:0,8,1,0,1,1.0,1.0,1.0,4.606975790895062
clip_1.mp4,1,1,4:1:0,8,1,0,1,1.0,1.0,1.0,4.596750739454732
clip_1.mp4,2,1,4:1:0,8,1,0,1,1.0,1.0,1.0,4.307140721450617
clip_1.mp4,3,1,4:1:0,8,1,0,1,1.0,1.0,1.0,4.275310892489712
clip_1.mp4,4,1,4:1:0,8,1,0,1,1.0,1.0,1.0,4.308035622427983
clip_1.mp4,5,1,4:1:0,8,1,0,1,1.0,1.0,1.0,4.197044431584362
clip_1.mp4,6,1,4:1:0,8,1,0,1,1.0,1.0,1.0,4.194274048353909
clip_1.mp4,7,1,4:1:0,8,1,0,1,1.0,1.0,1.0,4.186967592592593
clip_1.mp4,8,1,4:1:0,8,1,0,1,1.0,1.0,1.0,4.16547952031893
clip_1.mp4,9,1,4:1:0,8,1,0,1,1.0,1.0,1.0,4.093251832561728
clip_1.mp4,10,1,4:1:0,8,1,0,1,1.0,1.0,1.0,4.0722500321502055
clip_1.mp4,11,1,4:1:0,8,1,0,1,1.0,1.0,1.0,4.072147633744856
clip_1.mp4,12,1,4:1:0,8,1,0,1,1.0,1.0,1.0,4.0701441936728395
clip_1.mp4,13,1,4:1:0,8,1,0,1,1.0,1.0,1.0,4.0330039544753085
clip_1.mp4,14,1,4:1:0,8,1,0,1,1.0,1.0,1.0,4.037151974022634
clip_1.mp4,15,1,4:1:0,8,1,0,1,1.0,1.0,1.0,4.033093010545268
clip_1.mp4,16,1,4:1:0,8,1,0,1,1.0,1.0,1.0,4.022279610339506
clip_1.mp4,17,1,4:1:0,8,1,0,1,1.0,1.0,1.0,4.014334812242798
clip_1.mp4,18,1,4:1:0,8,1,0,1,1.0,1.0,1.0,4.001146154835391
clip_1.mp4,19,1,4:1:0,8,1,0,1,1.0,1.0,1.0,4.01263872813786
clip_1.mp4,0,1,4:1:0,8,2,0,1,1.0,1.0,1.0,4.606975790895062
clip_1.mp4,1,0,4:1:0,8,2,0,1,20.520534388916378,20.79255575164447,23.671232876712327,8.345080054012346
clip_1.mp4,2,1,4:1:0,8,2,0,1,1.0,1.0,1.0,4.307140721450617
clip_1.mp4,3,0,4:1:0,8,2,0,1,5.235358870519799,3.5642584087346334,4.999807106207323,38.33205311213992
clip_1.mp4,4,1,4:1:0,8,2,0,1,1.0,1.0,1.0,4.308035622427983
clip_1.mp4,5,0,4:1:0,8,2,0,1,4.250939938253129,4.82987366302687,5.37692403435257,30.026821469907407
clip_1.mp4,6,1,4:1:0,8,2,0,1,1.0,1.0,1.0,4.194274048353909
clip_1.mp4,7,0,4:1:0,8,2,0,1,4.200734156085149,3.937294932555596,3.994698394106587,39.47306761188272
clip_1.mp4,8,1,4:1:0,8,2,0,1,1.0,1.0,1.0,4.16547952031893
clip_1.mp4,9,0,4:1:0,8,2,0,1,3.6322106457964027,3.0862286571571453,2.952231258115219,49.51055330504115
clip_1.mp4,10,1,4:1:0,8,2,0,1,1.0,1.0,1.0,4.0722500321502055
clip_1.mp4,11,0,4:1:0,8,2,0,1,44.87340402510279,73.09644670050761,68.68044515103338,5.237855259773663
clip_1.mp4,12,1,4:1:0,8,2,0,1,1.0,1.0,1.0,4.0701441936728395
clip_1.mp4,13,0,4:1:0,8,2,0,1,4.533370645025885,6.840133002586161,5.1267850785236755,23.241241158693416
clip_1.mp4,14,1,4:1:0,8,2,0,1,1.0,1.0,1.0,4.037151974022634
clip_1.mp4,15,0,4:1:0,8,2,0,1,7.858176884772509,10.63777394730362,8.163779527559056,14.888354391718106
clip_1.mp4,16,1,4:1:0,8,2,0,1,1.0,1.0,1.0,4.022279610339506
clip_1.mp4,17,0,4:1:0,8,2,0,1,6.815985484475357,8.380213385063046,7.48051948051948,16.000860018004115
clip_1.mp4,18,1,4:1:0,8,2,0,1,1.0,1.0,1.0,4.001146154835391
clip_1.mp4,19,0,4:1:0,8,2,0,1,6.979891073844931,6.534893102057281,6.256940085936368,19.053599858539094
clip_1.mp4,0,1,4:1:0,8,4,0,1,1.0,1.0,1.0,4.606975790895062
clip_1.mp4,1,0,4:1:0,8,4,0,1,20.520534388916378,20.79255575164447,23.671232876712327,8.345080054012346
clip_1.mp4,2,0,4:1:0,8,4,0,1,4.816724738675958,2.6754748142031377,3.767879986044889,48.197793209876544
clip_1.mp4,3,0,4:1:0,8,4,0,1,5.202964806720496,2.8348936914865694,3.6664026253253366,51.71467431841564
clip_1.mp4,4,1,4:1:0,8,4,0,1,1.0,1.0,1.0,4.308035622427983
clip_1.mp4,5,0,4:1:0,8,4,0,1,4.250939938253129,4.82987366302687,5.37692403435257,30.026821469907407
clip_1.mp4,6,0,4:1:0,8,4,0,1,4.175543589888161,4.700932206463782,5.210050251256281,31.143187210648147
clip_1.mp4,7,0,4:1:0,8,4,0,1,4.215593793709137,3.372014362283395,3.437027607606015,46.65750160751029
clip_1.mp4,8,1,4:1:0,8,4,0,1,1.0,1.0,1.0,4.16547952031893
clip_1.mp4,9,0,4:1:0,8,4,0,1,3.6322106457964027,3.0862286571571453,2.952231258115219,49.51055330504115
clip_1.mp4,10,0,4:1:0,8,4,0,1,3.4171245134519617,2.929144536105775,2.739204869697546,53.112802694187245
clip_1.mp4,11,0,4:1:0,8,4,0,1,3.4139739803024765,2.9282179895614453,2.7316990915414285,53.011729038065845
clip_1.mp4,12,1,4:1:0,8,4,0,1,1.0,1.0,1.0,4.0701441936728395
clip_1.mp4,13,0,4:1:0,8,4,0,1,4.533370645025885,6.840133002586161,5.1267850785236755,23.241241158693416
clip_1.mp4,14,0,4:1:0,8,4,0,1,3.7548347843722385,4.390987633406742,3.420698392588487,34.002619598765435
clip_1.mp4,15,0,4:1:0,8,4,0,1,3.5105183499751136,4.231560387893036,3.1452493629413905,37.10440184542181
clip_1.mp4,16,1,4:1:0,8,4,0,1,1.0,1.0,1.0,4.022279610339506
clip_1.mp4,17,0,4:1:0,8,4,0,1,6.815985484475357,8.380213385063046,7.48051948051948,16.000860018004115
clip_1.mp4,18,0,4:1:0,8,4,0,1,5.024886954583125,6.075379711231952,5.093338573393594,22.05770061728395
clip_1.mp4,19,0,4:1:0,8,4,0,1,4.172031934071594,4.166532711782672,3.715915933136451,29.93668499228395
clip_1.mp4,0,1,4:1:0,8,6,0,1,1.0,1.0,1.0,4.606975790895062
clip_1.mp4,1,0,4:1:0,8,6,0,1,20.520534388916378,20.79255575164447,23.671232876712327,8.345080054012346
clip_1.mp4,2,0,4:1:0,8,6,0,1,4.816724738675958,2.6754748142031377,3.767879986044889,48.197793209876544
clip_1.mp4,3,0,4:1:0,8,6,0,1,5.202964806720496,2.8348936914865694,3.6664026253253366,51.71467431841564
clip_1.mp4,4,0,4:1:0,8,6,0,1,4.9518805970149256,2.697078165320902,3.0048690006955714,59.59851321373457
clip_1.mp4,5,0,4:1:0,8,6,0,1,5.014727861050249,2.781115879828326,3.1595114459153075,57.81079764660494
clip_1.mp4,6,1,4:1:0,8,6,0,1,1.0,1.0,1.0,4.194274048353909
clip_1.mp4,7,0,4:1:0,8,6,0,1,4.200734156085149,3.937294932555596,3.994698394106587,39.47306761188272
clip_1.mp4,8,0,4:1:0,8,6,0,1,4.416575790621592,2.917539001823462,2.731468796762704,55.00745563271605
clip_1.mp4,9,0,4:1:0,8,6,0,1,5.329495219492135,2.614273611167144,2.297587178896236,63.13911844135802
clip_1.mp4,10,0,4:1:0,8,6,0,1,5.331989364820596,2.644574133779537,2.284062670731922,63.76936197916667
clip_1.mp4,11,0,4:1:0,8,6,0,1,5.325006163201578,2.6517709164569396,2.280927154648973,63.68304783950617
clip_1.mp4,12,1,4:1:0,8,6,0,1,1.0,1.0,1.0,4.0701441936728395
clip_1.mp4,13,0,4:1:0,8,6,0,1,4.533370645025885,6.840133002586161,5.1267850785236755,23.241241158693416
clip_1.mp4,14,0,4:1:0,8,6,0,1,3.7548347843722385,4.390987633406742,3.420698392588487,34.002619598765435
clip_1.mp4,15,0,4:1:0,8,6,0,1,3.5105183499751136,4.231560387893036,3.1452493629413905,37.10440184542181
clip_1.mp4,16,0,4:1:0,8,6,0,1,3.421962875927442,4.166532711782672,3.101294599057168,37.77325006430041
clip_1.mp4,17,0,4:1:0,8,6,0,1,3.3294049266715264,4.030477375213808,2.93484906814013,39.92812982253086
clip_1.mp4,18,1,4:1:0,8,6,0,1,1.0,1.0,1.0,4.001146154835391
clip_1.mp4,19,0,4:1:0,8,6,0,1,6.979891073844931,6.534893102057281,6.256940085936368,19.053599858539094
clip_1.mp4,0,1,4:1:0,8,8,0,1,1.0,1.0,1.0,4.606975790895062
clip_1.mp4,1,0,4:1:0,8,8,0,1,20.520534388916378,20.79255575164447,23.671232876712327,8.345080054012346
clip_1.mp4,2,0,4:1:0,8,8,0,1,4.816724738675958,2.6754748142031377,3.767879986044889,48.197793209876544
clip_1.mp4,3,0,4:1:0,8,8,0,1,5.202964806720496,2.8348936914865694,3.6664026253253366,51.71467431841564
clip_1.mp4,4,0,4:1:0,8,8,0,1,4.9518805970149256,2.697078165320902,3.0048690006955714,59.59851321373457
clip_1.mp4,5,0,4:1:0,8,8,0,1,5.014727861050249,2.781115879828326,3.1595114459153075,57.81079764660494
clip_1.mp4,6,0,4:1:0,8,8,0,1,5.0456483229837845,2.786018315490778,3.144257363287884,57.79742991255144
clip_1.mp4,7,0,4:1:0,8,8,0,1,4.7753714638392735,2.777480122586314,3.0080074271788324,58.570256719393
clip_1.mp4,8,1,4:1:0,8,8,0,1,1.0,1.0,1.0,4.16547952031893
clip_1.mp4,9,0,4:1:0,8,8,0,1,3.6322106457964027,3.0862286571571453,2.952231258115219,49.51055330504115
clip_1.mp4,10,0,4:1:0,8,8,0,1,3.4171245134519617,2.929144536105775,2.739204869697546,53.112802694187245
clip_1.mp4,11,0,4:1:0,8,8,0,1,3.4139739803024765,2.9282179895614453,2.7316990915414285,53.011729038065845
clip_1.mp4,12,0,4:1:0,8,8,0,1,3.3744727386345885,2.7491408934707904,2.564812982386701,57.04991560570988
clip_1.mp4,13,0,4:1:0,8,8,0,1,3.3520853540252182,2.963640521381203,2.4435310532071344,55.38276250643004
clip_1.mp4,14,0,4:1:0,8,8,0,1,3.4870815199478016,2.7941271586572665,2.258036414321805,59.54697884516461
clip_1.mp4,15,0,4:1:0,8,8,0,1,3.5358633672550677,2.894730964240245,2.2448555393889005,58.922342946244854
clip_1.mp4,16,1,4:1:0,8,8,0,1,1.0,1.0,1.0,4.022279610339506
clip_1.mp4,17,0,4:1:0,8,8,0,1,6.815985484475357,8.380213385063046,7.48051948051948,16.000860018004115
clip_1.mp4,18,0,4:1:0,8,8,0,1,5.024886954583125,6.075379711231952,5.093338573393594,22.05770061728395
clip_1.mp4,19,0,4:1:0,8,8,0,1,4.172031934071594,4.166532711782672,3.715915933136451,29.93668499228395
clip_1.mp4,0,1,4:1:0,8,10,0,1,1.0,1.0,1.0,4.606975790895062
clip_1.mp4,1,0,4:1:0,8,10,0,1,20.520534388916378,20.79255575164447,23.671232876712327,8.345080054012346
clip_1.mp4,2,0,4:1:0,8,10,0,1,4.816724738675958,2.6754748142031377,3.767879986044889,48.197793209876544
clip_1.mp4,3,0,4:1:0,8,10,0,1,5.202964806720496,2.8348936914865694,3.6664026253253366,51.71467431841564
clip_1.mp4,4,0,4:1:0,8,10,0,1,4.9518805970149256,2.697078165320902,3.0048690006955714,59.59851321373457
clip_1.mp4,5,0,4:1:0,8,10,0,1,5.014727861050249,2.781115879828326,3.1595114459153075,57.81079764660494
clip_1.mp4,6,0,4:1:0,8,10,0,1,5.0456483229837845,2.786018315490778,3.144257363287884,57.79742991255144
clip_1.mp4,7,0,4:1:0,8,10,0,1,4.7753714638392735,2.777480122586314,3.0080074271788324,58.570256719393
clip_1.mp4,8,0,4:1:0,8,10,0,1,4.429027903559285,2.8243293307472706,2.919971160778659,59.687040091306585
clip_1.mp4,9,0,4:1:0,8,10,0,1,4.191292396005983,2.8938906752411575,2.7506579505900333,63.10499646347736
clip_1.mp4,10,1,4:1:0,8,10,0,1,1.0,1.0,1.0,4.0722500321502055
clip_1.mp4,11,0,4:1:0,8,10,0,1,44.87340402510279,73.09644670050761,68.68044515103338,5.237855259773663
clip_1.mp4,12,0,4:1:0,8,10,0,1,9.544149053685839,10.538298910391934,9.773755656108598,14.732774080504115
clip_1.mp4,13,0,4:1:0,8,10,0,1,4.121973522045084,5.687952600394997,4.257555847568988,27.925489647633746
clip_1.mp4,14,0,4:1:0,8,10,0,1,3.670452292616613,4.076369012046677,3.1522109257187334,37.459845839763375
clip_1.mp4,15,0,4:1:0,8,10,0,1,3.5064816474511384,4.001111419838844,2.947598253275109,39.879354263117285
clip_1.mp4,16,0,4:1:0,8,10,0,1,3.4292291510937942,3.9422053231939165,2.9166854210739523,40.51483378343622
clip_1.mp4,17,0,4:1:0,8,10,0,1,3.3577521714629928,3.8609348467244615,2.7836247261480302,42.28438030478395
clip_1.mp4,18,0,4:1:0,8,10,0,1,3.3642676357972614,3.715276782386836,2.688015928983283,43.986501093106995
clip_1.mp4,19,0,4:1:0,8,10,0,1,3.3411211188630907,3.3839887200375998,2.52508524111057,47.16632040895062
clip_1.mp4,0,1,4:1:0,16,1,0,1,1.0,1.0,1.0,4.606975790895062
clip_1.mp4,1,1,4:1:0,16,1,0,1,1.0,1.0,1.0,4.596750739454732
clip_1.mp4,2,1,4:1:0,16,1,0,1,1.0,1.0,1.0,4.307140721450617
clip_1.mp4,3,1,4:1:0,16,1,0,1,1.0,1.0,1.0,4.275310892489712
clip_1.mp4,4,1,4:1:0,16,1,0,1,1.0,1.0,1.0,4.308035622427983
clip_1.mp4,5,1,4:1:0,16,1,0,1,1.0,1.0,1.0,4.197044431584362
clip_1.mp4,6,1,4:1:0,16,1,0,1,1.0,1.0,1.0,4.194274048353909
clip_1.mp4,7,1,4:1:0,16,1,0,1,1.0,1.0,1.0,4.186967592592593
clip_1.mp4,8,1,4:1:0,16,1,0,1,1.0,1.0,1.0,4.16547952031893
clip_1.mp4,9,1,4:1:0,16,1,0,1,1.0,1.0,1.0,4.093251832561728
clip_1.mp4,10,1,4:1:0,16,1,0,1,1.0,1.0,1.0,4.0722500321502055
clip_1.mp4,11,1,4:1:0,16,1,0,1,1.0,1.0,1.0,4.072147633744856
clip_1.mp4,12,1,4:1:0,16,1,0,1,1.0,1.0,1.0,4.0701441936728395
clip_1.mp4,13,1,4:1:0,16,1,0,1,1.0,1.0,1.0,4.0330039544753085
clip_1.mp4,14,1,4:1:0,16,1,0,1,1.0,1.0,1.0,4.037151974022634
clip_1.mp4,15,1,4:1:0,16,1,0,1,1.0,1.0,1.0,4.033093010545268
clip_1.mp4,16,1,4:1:0,16,1,0,1,1.0,1.0,1.0,4.022279610339506
clip_1.mp4,17,1,4:1:0,16,1,0,1,1.0,1.0,1.0,4.014334812242798
clip_1.mp4,18,1,4:1:0,16,1,0,1,1.0,1.0,1.0,4.001146154835391
clip_1.mp4,19,1,4:1:0,16,1,0,1,1.0,1.0,1.0,4.01263872813786
clip_1.mp4,0,1,4:1:0,16,2,0,1,1.0,1.0,1.0,4.606975790895062
clip_1.mp4,1,0,4:1:0,16,2,0,1,20.521346713378065,20.79255575164447,23.671232876712327,20.861482285236626
clip_1.mp4,2,1,4:1:0,16,2,0,1,1.0,1.0,1.0,4.307140721450617
clip_1.mp4,3,0,4:1:0,16,2,0,1,5.41209264450256,3.5658274865868758,5.001157675387821,159.55039914480452
clip_1.mp4,4,1,4:1:0,16,2,0,1,1.0,1.0,1.0,4.308035622427983
clip_1.mp4,5,0,4:1:0,16,2,0,1,4.274952686070532,4.830233684916701,5.37692403435257,118.2332042502572
clip_1.mp4,6,1,4:1:0,16,2,0,1,1.0,1.0,1.0,4.194274048353909
clip_1.mp4,7,0,4:1:0,16,2,0,1,4.229540698314793,3.937294932555596,3.9954373092456144,169.42805925282923
clip_1.mp4,8,1,4:1:0,16,2,0,1,1.0,1.0,1.0,4.16547952031893
clip_1.mp4,9,0,4:1:0,16,2,0,1,3.6439936314463153,3.0863756519254126,2.952500284770475,221.17890769675927
clip_1.mp4,10,1,4:1:0,16,2,0,1,1.0,1.0,1.0,4.0722500321502055
clip_1.mp4,11,0,4:1:0,16,2,0,1,44.931744312026005,73.09644670050761,68.68044515103338,9.106043595679012
clip_1.mp4,12,1,4:1:0,16,2,0,1,1.0,1.0,1.0,4.0701441936728395
clip_1.mp4,13,0,4:1:0,16,2,0,1,4.553619662079961,6.840133002586161,5.1267850785236755,86.8390663580247
clip_1.mp4,14,1,4:1:0,16,2,0,1,1.0,1.0,1.0,4.037151974022634
clip_1.mp4,15,0,4:1:0,16,2,0,1,7.870106802085942,10.63777394730362,8.163779527559056,51.20195762602881
clip_1.mp4,16,1,4:1:0,16,2,0,1,1.0,1.0,1.0,4.022279610339506
clip_1.mp4,17,0,4:1:0,16,2,0,1,6.830174509377656,8.380213385063046,7.48051948051948,56.57912438914609
clip_1.mp4,18,1,4:1:0,16,2,0,1,1.0,1.0,1.0,4.001146154835391
clip_1.mp4,19,0,4:1:0,16,2,0,1,6.982147306607046,6.534893102057281,6.256940085936368,72.35776443544239
clip_1.mp4,0,1,4:1:0,16,4,0,1,1.0,1.0,1.0,4.606975790895062
clip_1.mp4,1,0,4:1:0,16,4,0,1,20.521346713378065,20.79255575164447,23.671232876712327,20.861482285236626
clip_1.mp4,2,0,4:1:0,16,4,0,1,5.216262584082551,2.6816197314241967,3.780960994252706,206.5519928305041
clip_1.mp4,3,0,4:1:0,16,4,0,1,6.855873250985267,2.8740602754307765,3.745881264812995,221.7311770190329
clip_1.mp4,4,1,4:1:0,16,4,0,1,1.0,1.0,1.0,4.308035622427983
clip_1.mp4,5,0,4:1:0,16,4,0,1,4.274952686070532,4.830233684916701,5.37692403435257,118.2332042502572
clip_1.mp4,6,0,4:1:0,16,4,0,1,4.19945805604948,4.701273261508325,5.210050251256281,123.42936583719136
clip_1.mp4,7,0,4:1:0,16,4,0,1,4.331351751047537,3.3738578085543955,3.4388515933876405,204.15512924382716
clip_1.mp4,8,1,4:1:0,16,4,0,1,1.0,1.0,1.0,4.16547952031893
clip_1.mp4,9,0,4:1:0,16,4,0,1,3.6439936314463153,3.0863756519254126,2.952500284770475,221.17890769675927
clip_1.mp4,10,0,4:1:0,16,4,0,1,3.442196790868617,2.9292769477657483,2.7395522861310164,238.90278501157408
clip_1.mp4,11,0,4:1:0,16,4,0,1,3.4415797807187882,2.928350317463904,2.732044606530767,238.4265105774177
clip_1.mp4,12,1,4:1:0,16,4,0,1,1.0,1.0,1.0,4.0701441936728395
clip_1.mp4,13,0,4:1:0,16,4,0,1,4.553619662079961,6.840133002586161,5.1267850785236755,86.8390663580247
clip_1.mp4,14,0,4:1:0,16,4,0,1,3.8109100532601143,4.391285196354149,3.420698392588487,137.82143277391975
clip_1.mp4,15,0,4:1:0,16,4,0,1,3.57647967877914,4.231836734693878,3.1454020338324877,150.66838043338478
clip_1.mp4,16,1,4:1:0,16,4,0,1,1.0,1.0,1.0,4.022279610339506
clip_1.mp4,17,0,4:1:0,16,4,0,1,6.830174509377656,8.380213385063046,7.48051948051948,56.57912438914609
clip_1.mp4,18,0,4:1:0,16,4,0,1,5.049653956487647,6.079084384821051,5.094139381313628,84.03756413966049
clip_1.mp4,19,0,4:1:0,16,4,0,1,4.207126307118597,4.168408864301567,3.7163421558225562,121.67156667952675
clip_1.mp4,0,1,4:1:0,16,6,0,1,1.0,1.0,1.0,4.606975790895062
clip_1.mp4,1,0,4:1:0,16,6,0,1,20.521346713378065,20.79255575164447,23.671232876712327,20.861482285236626
clip_1.mp4,2,0,4:1:0,16,6,0,1,5.216262584082551,2.6816197314241967,3.780960994252706,206.5519928305041
clip_1.mp4,3,0,4:1:0,16,6,0,1,6.855873250985267,2.8740602754307765,3.745881264812995,221.7311770190329
clip_1.mp4,4,0,4:1:0,16,6,0,1,7.658160062045278,2.7887760371836805,3.1140371954442787,264.13835519547325
clip_1.mp4,5,0,4:1:0,16,6,0,1,8.70536276543044,2.892857142857143,3.301742586365026,250.3857462062757
clip_1.mp4,6,1,4:1:0,16,6,0,1,1.0,1.0,1.0,4.194274048353909
clip_1.mp4,7,0,4:1:0,16,6,0,1,4.229540698314793,3.937294932555596,3.9954373092456144,169.42805925282923
clip_1.mp4,8,0,4:1:0,16,6,0,1,4.492434615317954,2.9186559769390144,2.732044606530767,248.0030272633745
clip_1.mp4,9,0,4:1:0,16,6,0,1,5.6367432150313155,2.615751019254834,2.299299210502972,307.83428755144035
clip_1.mp4,10,0,4:1:0,16,6,0,1,5.701245497786698,2.646734468815096,2.2858352293772155,312.3179369212963
clip_1.mp4,11,0,4:1:0,16,6,0,1,5.6989578294709995,2.6537799983618644,2.2828556833594615,311.8201032021605
clip_1.mp4,12,1,4:1:0,16,6,0,1,1.0,1.0,1.0,4.0701441936728395
clip_1.mp4,13,0,4:1:0,16,6,0,1,4.553619662079961,6.840133002586161,5.1267850785236755,86.8390663580247
clip_1.mp4,14,0,4:1:0,16,6,0,1,3.8109100532601143,4.391285196354149,3.420698392588487,137.82143277391975
clip_1.mp4,15,0,4:1:0,16,6,0,1,3.57647967877914,4.231836734693878,3.1454020338324877,150.66838043338478
clip_1.mp4,16,0,4:1:0,16,6,0,1,3.4854637872145875,4.166800630164293,3.1014430325220763,153.93939718364197
clip_1.mp4,17,0,4:1:0,16,6,0,1,3.4088331125000413,4.0307280813609925,2.935247888025729,163.03516927083334
clip_1.mp4,18,1,4:1:0,16,6,0,1,1.0,1.0,1.0,4.001146154835391
clip_1.mp4,19,0,4:1:0,16,6,0,1,6.982147306607046,6.534893102057281,6.256940085936368,72.35776443544239
clip_1.mp4,0,1,4:1:0,16,8,0,1,1.0,1.0,1.0,4.606975790895062
clip_1.mp4,1,0,4:1:0,16,8,0,1,20.521346713378065,20.79255575164447,23.671232876712327,20.861482285236626
clip_1.mp4,2,0,4:1:0,16,8,0,1,5.216262584082551,2.6816197314241967,3.780960994252706,206.5519928305041
clip_1.mp4,3,0,4:1:0,16,8,0,1,6.855873250985267,2.8740602754307765,3.745881264812995,221.7311770190329
clip_1.mp4,4,0,4:1:0,16,8,0,1,7.658160062045278,2.7887760371836805,3.1140371954442787,264.13835519547325
clip_1.mp4,5,0,4:1:0,16,8,0,1,8.70536276543044,2.892857142857143,3.301742586365026,250.3857462062757
clip_1.mp4,6,0,4:1:0,16,8,0,1,8.839025388327167,2.89790259827378,3.2863373567298915,250.60336869855968
clip_1.mp4,7,0,4:1:0,16,8,0,1,9.41099583367372,2.92010274435582,3.159126365054602,256.4060974472737
clip_1.mp4,8,1,4:1:0,16,8,0,1,1.0,1.0,1.0,4.16547952031893
clip_1.mp4,9,0,4:1:0,16,8,0,1,3.6439936314463153,3.0863756519254126,2.952500284770475,221.17890769675927
clip_1.mp4,10,0,4:1:0,16,8,0,1,3.442196790868617,2.9292769477657483,2.7395522861310164,238.90278501157408
clip_1.mp4,11,0,4:1:0,16,8,0,1,3.4415797807187882,2.928350317463904,2.732044606530767,238.4265105774177
clip_1.mp4,12,0,4:1:0,16,8,0,1,3.41923186006477,2.7494325052506525,2.565117567888528,259.212511252572
clip_1.mp4,13,0,4:1:0,16,8,0,1,3.430091376469732,2.9646574402379047,2.4437153524154316,248.42543033050413
clip_1.mp4,14,0,4:1:0,16,8,0,1,3.6283464566929133,2.795453074782684,2.259020393934112,272.3474956597222
clip_1.mp4,15,0,4:1:0,16,8,0,1,3.7125628428606214,2.8960246698397802,2.246100519930676,268.3861900398663
clip_1.mp4,16,1,4:1:0,16,8,0,1,1.0,1.0,1.0,4.022279610339506
clip_1.mp4,17,0,4:1:0,16,8,0,1,6.830174509377656,8.380213385063046,7.48051948051948,56.57912438914609
clip_1.mp4,18,0,4:1:0,16,8,0,1,5.049653956487647,6.079084384821051,5.094139381313628,84.03756413966049
clip_1.mp4,19,0,4:1:0,16,8,0,1,4.207126307118597,4.168408864301567,3.7163421558225562,121.67156667952675
clip_1.mp4,0,1,4:1:0,16,10,0,1,1.0,1.0,1.0,4.606975790895062
clip_1.mp4,1,0,4:1:0,16,10,0,1,20.521346713378065,20.79255575164447,23.671232876712327,20.861482285236626
clip_1.mp4,2,0,4:1:0,16,10,0,1,5.216262584082551,2.6816197314241967,3.780960994252706,206.5519928305041
clip_1.mp4,3,0,4:1:0,16,10,0,1,6.855873250985267,2.8740602754307765,3.745881264812995,221.7311770190329
clip_1.mp4,4,0,4:1:0,16,10,0,1,7.658160062045278,2.7887760371836805,3.1140371954442787,264.13835519547325
clip_1.mp4,5,0,4:1:0,16,10,0,1,8.70536276543044,2.892857142857143,3.301742586365026,250.3857462062757
clip_1.mp4,6,0,4:1:0,16,10,0,1,8.839025388327167,2.89790259827378,3.2863373567298915,250.60336869855968
clip_1.mp4,7,0,4:1:0,16,10,0,1,9.41099583367372,2.92010274435582,3.159126365054602,256.4060974472737
clip_1.mp4,8,0,4:1:0,16,10,0,1,9.762803792879406,3.017462165308498,3.0783847980997625,255.68775045010287
clip_1.mp4,9,0,4:1:0,16,10,0,1,10.19739753916969,3.1364197381476733,2.900496844366859,263.194782343107
clip_1.mp4,10,1,4:1:0,16,10,0,1,1.0,1.0,1.0,4.0722500321502055
clip_1.mp4,11,0,4:1:0,16,10,0,1,44.931744312026005,73.09644670050761,68.68044515103338,9.106043595679012
clip_1.mp4,12,0,4:1:0,16,10,0,1,9.589256481164622,10.538298910391934,9.773755656108598,53.015966435185184
clip_1.mp4,13,0,4:1:0,16,10,0,1,4.157694019705738,5.687952600394997,4.257555847568988,109.85513663837449
clip_1.mp4,14,0,4:1:0,16,10,0,1,3.7383716737578423,4.076625460035859,3.1522109257187334,155.90859310699588
clip_1.mp4,15,0,4:1:0,16,10,0,1,3.5882633885001143,4.001605582486801,2.9477323386253014,165.8367573302469
clip_1.mp4,16,0,4:1:0,16,10,0,1,3.5081070838859865,3.9426850415259653,2.91681670867843,168.9872969714506
clip_1.mp4,17,0,4:1:0,16,10,0,1,3.4533294252444775,3.8616251005631534,2.783983502319986,176.43414705504117
clip_1.mp4,18,0,4:1:0,16,10,0,1,3.4894874478747715,3.72018256451474,2.68857356235997,184.86790653935185
clip_1.mp4,19,0,4:1:0,16,10,0,1,3.505355404089581,3.389919175538176,2.5267590805404456,201.84414078575102
clip_1.mp4,0,1,4:1:0,32,1,0,1,1.0,1.0,1.0,4.606975790895062
clip_1.mp4,1,1,4:1:0,32,1,0,1,1.0,1.0,1.0,4.596750739454732
clip_1.mp4,2,1,4:1:0,32,1,0,1,1.0,1.0,1.0,4.307140721450617
clip_1.mp4,3,1,4:1:0,32,1,0,1,1.0,1.0,1.0,4.275310892489712
clip_1.mp4,4,1,4:1:0,32,1,0,1,1.0,1.0,1.0,4.308035622427983
clip_1.mp4,5,1,4:1:0,32,1,0,1,1.0,1.0,1.0,4.197044431584362
clip_1.mp4,6,1,4:1:0,32,1,0,1,1.0,1.0,1.0,4.194274048353909
clip_1.mp4,7,1,4:1:0,32,1,0,1,1.0,1.0,1.0,4.186967592592593
clip_1.mp4,8,1,4:1:0,32,1,0,1,1.0,1.0,1.0,4.16547952031893
clip_1.mp4,9,1,4:1:0,32,1,0,1,1.0,1.0,1.0,4.093251832561728
clip_1.mp4,10,1,4:1:0,32,1,0,1,1.0,1.0,1.0,4.0722500321502055
clip_1.mp4,11,1,4:1:0,32,1,0,1,1.0,1.0,1.0,4.072147633744856
clip_1.mp4,12,1,4:1:0,32,1,0,1,1.0,1.0,1.0,4.0701441936728395
clip_1.mp4,13,1,4:1:0,32,1,0,1,1.0,1.0,1.0,4.0330039544753085
clip_1.mp4,14,1,4:1:0,32,1,0,1,1.0,1.0,1.0,4.037151974022634
clip_1.mp4,15,1,4:1:0,32,1,0,1,1.0,1.0,1.0,4.033093010545268
clip_1.mp4,16,1,4:1:0,32,1,0,1,1.0,1.0,1.0,4.022279610339506
clip_1.mp4,17,1,4:1:0,32,1,0,1,1.0,1.0,1.0,4.014334812242798
clip_1.mp4,18,1,4:1:0,32,1,0,1,1.0,1.0,1.0,4.001146154835391
clip_1.mp4,19,1,4:1:0,32,1,0,1,1.0,1.0,1.0,4.01263872813786
clip_1.mp4,0,1,4:1:0,32,2,0,1,1.0,1.0,1.0,4.606975790895062
clip_1.mp4,1,0,4:1:0,32,2,0,1,20.521346713378065,20.79255575164447,23.671232876712327,70.74766219778806
clip_1.mp4,2,1,4:1:0,32,2,0,1,1.0,1.0,1.0,4.307140721450617
clip_1.mp4,3,0,4:1:0,32,2,0,1,5.425971184994845,3.5658274865868758,5.001157675387821,661.7905679333848
clip_1.mp4,4,1,4:1:0,32,2,0,1,1.0,1.0,1.0,4.308035622427983
clip_1.mp4,5,0,4:1:0,32,2,0,1,4.275446286819435,4.830233684916701,5.37692403435257,472.41565907921813
clip_1.mp4,6,1,4:1:0,32,2,0,1,1.0,1.0,1.0,4.194274048353909
clip_1.mp4,7,0,4:1:0,32,2,0,1,4.232856075544723,3.937294932555596,3.9954373092456144,680.4748149755659
clip_1.mp4,8,1,4:1:0,32,2,0,1,1.0,1.0,1.0,4.16547952031893
clip_1.mp4,9,0,4:1:0,32,2,0,1,3.6445572432411533,3.0863756519254126,2.952500284770475,919.9060694765947
clip_1.mp4,10,1,4:1:0,32,2,0,1,1.0,1.0,1.0,4.0722500321502055
clip_1.mp4,11,0,4:1:0,32,2,0,1,44.931744312026005,73.09644670050761,68.68044515103338,24.27482880015432
clip_1.mp4,12,1,4:1:0,32,2,0,1,1.0,1.0,1.0,4.0701441936728395
clip_1.mp4,13,0,4:1:0,32,2,0,1,4.553819665578868,6.840133002586161,5.1267850785236755,332.3148152970679
clip_1.mp4,14,1,4:1:0,32,2,0,1,1.0,1.0,1.0,4.037151974022634
clip_1.mp4,15,0,4:1:0,32,2,0,1,7.870106802085942,10.63777394730362,8.163779527559056,194.4963179976852
clip_1.mp4,16,1,4:1:0,32,2,0,1,1.0,1.0,1.0,4.022279610339506
clip_1.mp4,17,0,4:1:0,32,2,0,1,6.832334974200818,8.380213385063046,7.48051948051948,213.56848411779836
clip_1.mp4,18,1,4:1:0,32,2,0,1,1.0,1.0,1.0,4.001146154835391
clip_1.mp4,19,0,4:1:0,32,2,0,1,6.982617538708135,6.534893102057281,6.256940085936368,281.56006799768517
clip_1.mp4,0,1,4:1:0,32,4,0,1,1.0,1.0,1.0,4.606975790895062
clip_1.mp4,1,0,4:1:0,32,4,0,1,20.521346713378065,20.79255575164447,23.671232876712327,70.74766219778806
clip_1.mp4,2,0,4:1:0,32,4,0,1,5.267409428297085,2.6816197314241967,3.780960994252706,873.1501294045781
clip_1.mp4,3,0,4:1:0,32,4,0,1,7.166506535428172,2.8740602754307765,3.745881264812995,961.8796887860083
clip_1.mp4,4,1,4:1:0,32,4,0,1,1.0,1.0,1.0,4.308035622427983
clip_1.mp4,5,0,4:1:0,32,4,0,1,4.275446286819435,4.830233684916701,5.37692403435257,472.41565907921813
clip_1.mp4,6,0,4:1:0,32,4,0,1,4.199934376025374,4.701273261508325,5.210050251256281,494.3902078510802
clip_1.mp4,7,0,4:1:0,32,4,0,1,4.337694177499048,3.3738578085543955,3.4388515933876405,836.6768463863169
clip_1.mp4,8,1,4:1:0,32,4,0,1,1.0,1.0,1.0,4.16547952031893
clip_1.mp4,9,0,4:1:0,32,4,0,1,3.6445572432411533,3.0863756519254126,2.952500284770475,919.9060694765947
clip_1.mp4,10,0,4:1:0,32,4,0,1,3.444575491287231,2.9292769477657483,2.7395522861310164,994.5693786972737
clip_1.mp4,11,0,4:1:0,32,4,0,1,3.444438169212012,2.928350317463904,2.732044606530767,992.8883241705247
clip_1.mp4,12,1,4:1:0,32,4,0,1,1.0,1.0,1.0,4.0701441936728395
clip_1.mp4,13,0,4:1:0,32,4,0,1,4.553819665578868,6.840133002586161,5.1267850785236755,332.3148152970679
clip_1.mp4,14,0,4:1:0,32,4,0,1,3.815959455430786,4.391285196354149,3.420698392588487,537.5373722029321
clip_1.mp4,15,0,4:1:0,32,4,0,1,3.5817554332618227,4.231836734693878,3.1454020338324877,592.0436868248457
clip_1.mp4,16,1,4:1:0,32,4,0,1,1.0,1.0,1.0,4.022279610339506
clip_1.mp4,17,0,4:1:0,32,4,0,1,6.832334974200818,8.380213385063046,7.48051948051948,213.56848411779836
clip_1.mp4,18,0,4:1:0,32,4,0,1,5.052606956106452,6.079084384821051,5.094139381313628,323.8916430362654
clip_1.mp4,19,0,4:1:0,32,4,0,1,4.2105776142496865,4.168408864301567,3.7163421558225562,480.3062956532922
clip_1.mp4,0,1,4:1:0,32,6,0,1,1.0,1.0,1.0,4.606975790895062
clip_1.mp4,1,0,4:1:0,32,6,0,1,20.521346713378065,20.79255575164447,23.671232876712327,70.74766219778806
clip_1.mp4,2,0,4:1:0,32,6,0,1,5.267409428297085,2.6816197314241967,3.780960994252706,873.1501294045781
clip_1.mp4,3,0,4:1:0,32,6,0,1,7.166506535428172,2.8740602754307765,3.745881264812995,961.8796887860083
clip_1.mp4,4,0,4:1:0,32,6,0,1,8.45339138517232,2.791599353796446,3.115834014521325,1176.1556986239711
clip_1.mp4,5,0,4:1:0,32,6,0,1,9.912898815385645,2.8958952472459947,3.30460502830333,1123.7118952546296
clip_1.mp4,6,1,4:1:0,32,6,0,1,1.0,1.0,1.0,4.194274048353909
clip_1.mp4,7,0,4:1:0,32,6,0,1,4.232856075544723,3.937294932555596,3.9954373092456144,680.4748149755659
clip_1.mp4,8,0,4:1:0,32,6,0,1,4.499921876356313,2.9186559769390144,2.732044606530767,1020.8138633294753
clip_1.mp4,9,0,4:1:0,32,6,0,1,5.658153241650295,2.615751019254834,2.299299210502972,1321.113426086677
clip_1.mp4,10,0,4:1:0,32,6,0,1,5.728683198514786,2.646734468815096,2.2858352293772155,1344.1210796039095
clip_1.mp4,11,0,4:1:0,32,6,0,1,5.728809813239032,2.6537799983618644,2.2828556833594615,1342.090619695216
clip_1.mp4,12,1,4:1:0,32,6,0,1,1.0,1.0,1.0,4.0701441936728395
clip_1.mp4,13,0,4:1:0,32,6,0,1,4.553819665578868,6.840133002586161,5.1267850785236755,332.3148152970679
clip_1.mp4,14,0,4:1:0,32,6,0,1,3.815959455430786,4.391285196354149,3.420698392588487,537.5373722029321
clip_1.mp4,15,0,4:1:0,32,6,0,1,3.5817554332618227,4.231836734693878,3.1454020338324877,592.0436868248457
clip_1.mp4,16,0,4:1:0,32,6,0,1,3.490497752790075,4.166800630164293,3.1014430325220763,605.9435624035494
clip_1.mp4,17,0,4:1:0,32,6,0,1,3.4164489097876913,4.0307280813609925,2.935247888025729,643.1447551761831
clip_1.mp4,18,1,4:1:0,32,6,0,1,1.0,1.0,1.0,4.001146154835391
clip_1.mp4,19,0,4:1:0,32,6,0,1,6.982617538708135,6.534893102057281,6.256940085936368,281.56006799768517
clip_1.mp4,0,1,4:1:0,32,8,0,1,1.0,1.0,1.0,4.606975790895062
clip_1.mp4,1,0,4:1:0,32,8,0,1,20.521346713378065,20.79255575164447,23.671232876712327,70.74766219778806
clip_1.mp4,2,0,4:1:0,32,8,0,1,5.267409428297085,2.6816197314241967,3.780960994252706,873.1501294045781
clip_1.mp4,3,0,4:1:0,32,8,0,1,7.166506535428172,2.8740602754307765,3.745881264812995,961.8796887860083
clip_1.mp4,4,0,4:1:0,32,8,0,1,8.45339138517232,2.791599353796446,3.115834014521325,1176.1556986239711
clip_1.mp4,5,0,4:1:0,32,8,0,1,9.912898815385645,2.8958952472459947,3.30460502830333,1123.7118952546296
clip_1.mp4,6,0,4:1:0,32,8,0,1,10.093359683024893,2.900951315053162,3.2891731384193696,1126.1649456661523
clip_1.mp4,7,0,4:1:0,32,8,0,1,11.12864273063919,2.924253706085426,3.162672653619015,1175.199737654321
clip_1.mp4,8,1,4:1:0,32,8,0,1,1.0,1.0,1.0,4.16547952031893
clip_1.mp4,9,0,4:1:0,32,8,0,1,3.6445572432411533,3.0863756519254126,2.952500284770475,919.9060694765947
clip_1.mp4,10,0,4:1:0,32,8,0,1,3.444575491287231,2.9292769477657483,2.7395522861310164,994.5693786972737
clip_1.mp4,11,0,4:1:0,32,8,0,1,3.444438169212012,2.928350317463904,2.732044606530767,992.8883241705247
clip_1.mp4,12,0,4:1:0,32,8,0,1,3.4251847544920864,2.7494325052506525,2.565117567888528,1076.115625321502
clip_1.mp4,13,0,4:1:0,32,8,0,1,3.441259936604876,2.9646574402379047,2.4437153524154316,1027.7687620563272
clip_1.mp4,14,0,4:1:0,32,8,0,1,3.6493036123459657,2.795453074782684,2.259020393934112,1129.1117608667696
clip_1.mp4,15,0,4:1:0,32,8,0,1,3.7376304547666686,2.8960246698397802,2.246100519930676,1114.84820939429
clip_1.mp4,16,1,4:1:0,32,8,0,1,1.0,1.0,1.0,4.022279610339506
clip_1.mp4,17,0,4:1:0,32,8,0,1,6.832334974200818,8.380213385063046,7.48051948051948,213.56848411779836
clip_1.mp4,18,0,4:1:0,32,8,0,1,5.052606956106452,6.079084384821051,5.094139381313628,323.8916430362654
clip_1.mp4,19,0,4:1:0,32,8,0,1,4.2105776142496865,4.168408864301567,3.7163421558225562,480.3062956532922
clip_1.mp4,0,1,4:1:0,32,10,0,1,1.0,1.0,1.0,4.606975790895062
clip_1.mp4,1,0,4:1:0,32,10,0,1,20.521346713378065,20.79255575164447,23.671232876712327,70.74766219778806
clip_1.mp4,2,0,4:1:0,32,10,0,1,5.267409428297085,2.6816197314241967,3.780960994252706,873.1501294045781
clip_1.mp4,3,0,4:1:0,32,10,0,1,7.166506535428172,2.8740602754307765,3.745881264812995,961.8796887860083
clip_1.mp4,4,0,4:1:0,32,10,0,1,8.45339138517232,2.791599353796446,3.115834014521325,1176.1556986239711
clip_1.mp4,5,0,4:1:0,32,10,0,1,9.912898815385645,2.8958952472459947,3.30460502830333,1123.7118952546296
clip_1.mp4,6,0,4:1:0,32,10,0,1,10.093359683024893,2.900951315053162,3.2891731384193696,1126.1649456661523
clip_1.mp4,7,0,4:1:0,32,10,0,1,11.12864273063919,2.924253706085426,3.162672653619015,1175.199737654321
clip_1.mp4,8,0,4:1:0,32,10,0,1,12.029377298727216,3.025280702163916,3.08189860173119,1190.375836869856
clip_1.mp4,9,0,4:1:0,32,10,0,1,13.43266178661657,3.1441810815400664,2.904136601980908,1258.5959841177983
clip_1.mp4,10,1,4:1:0,32,10,0,1,1.0,1.0,1.0,4.0722500321502055
clip_1.mp4,11,0,4:1:0,32,10,0,1,44.931744312026005,73.09644670050761,68.68044515103338,24.27482880015432
clip_1.mp4,12,0,4:1:0,32,10,0,1,9.592982910648692,10.538298910391934,9.773755656108598,195.7283108281893
clip_1.mp4,13,0,4:1:0,32,10,0,1,4.160263226531308,5.687952600394997,4.257555847568988,424.0666613618827
clip_1.mp4,14,0,4:1:0,32,10,0,1,3.747925952435176,4.076625460035859,3.1522109257187334,610.575792824074
clip_1.mp4,15,0,4:1:0,32,10,0,1,3.5991377065911294,4.001605582486801,2.9477323386253014,653.4692502572017
clip_1.mp4,16,0,4:1:0,32,10,0,1,3.5185958196312397,3.9426850415259653,2.91681670867843,666.9809836355453
clip_1.mp4,17,0,4:1:0,32,10,0,1,3.467338195900595,3.8616251005631534,2.783983502319986,698.167511252572
clip_1.mp4,18,0,4:1:0,32,10,0,1,3.5066951224874265,3.72018256451474,2.68857356235997,735.1002237654321
clip_1.mp4,19,0,4:1:0,32,10,0,1,3.526182791493356,3.389919175538176,2.5267590805404456,810.1013097993828
clip_2.mp4,0,1,4:4:4,1,1,0,1,1.0,1.0,1.0,0.6666666666666666
clip_2.mp4,1,1,4:4:4,1,1,0,1,1.0,1.0,1.0,0.6666628086419754
clip_2.mp4,2,1,4:4:4,1,1,0,1,1.0,1.0,1.0,0.6666628086419754
clip_2.mp4,3,1,4:4:4,1,1,0,1,1.0,1.0,1.0,0.6572225437242798
clip_2.mp4,4,1,4:4:4,1,1,0,1,1.0,1.0,1.0,0.6567642425411523
clip_2.mp4,5,1,4:4:4,1,1,0,1,1.0,1.0,1.0,0.6567462384259259
clip_2.mp4,6,1,4:4:4,1,1,0,1,1.0,1.0,1.0,0.5830033114711934
clip_2.mp4,7,1,4:4:4,1,1,0,1,1.0,1.0,1.0,0.5825368119855967
clip_2.mp4,8,1,4:4:4,1,1,0,1,1.0,1.0,1.0,0.4782981288580247
clip_2.mp4,9,1,4:4:4,1,1,0,1,1.0,1.0,1.0,0.47780414094650203
clip_2.mp4,10,1,4:4:4,1,1,0,1,1.0,1.0,1.0,0.4777412872942387
clip_2.mp4,11,1,4:4:4,1,1,0,1,1.0,1.0,1.0,0.39062130272633744
clip_2.mp4,12,1,4:4:4,1,1,0,1,1.0,1.0,1.0,0.3910513117283951
clip_2.mp4,13,1,4:4:4,1,1,0,1,1.0,1.0,1.0,0.37270286779835393
clip_2.mp4,14,1,4:4:4,1,1,0,1,1.0,1.0,1.0,0.372827449845679
clip_2.mp4,15,1,4:4:4,1,1,0,1,1.0,1.0,1.0,0.3729033243312757
clip_2.mp4,16,1,4:4:4,1,1,0,1,1.0,1.0,1.0,0.37015046296296295
clip_2.mp4,17,1,4:4:4,1,1,0,1,1.0,1.0,1.0,0.37011541923868313
clip_2.mp4,18,1,4:4:4,1,1,0,1,1.0,1.0,1.0,0.3723857060185185
clip_2.mp4,19,1,4:4:4,1,1,0,1,1.0,1.0,1.0,0.3721947337962963
clip_2.mp4,0,1,4:4:4,1,2,0,1,1.0,1.0,1.0,0.6666666666666666
clip_2.mp4,1,0,4:4:4,1,2,0,1,31418.18181818182,49371.42857142857,60988.23529411765,0.6666628086419754
clip_2.mp4,2,1,4:4:4,1,2,0,1,1.0,1.0,1.0,0.6666628086419754
clip_2.mp4,3,0,4:4:4,1,2,0,1,27.53784860557769,92.85330467490597,41.42560332427681,0.6572225437242798
clip_2.mp4,4,1,4:4:4,1,2,0,1,1.0,1.0,1.0,0.6567642425411523
clip_2.mp4,5,0,4:4:4,1,2,0,1,2005.4158607350096,14202.739726027397,6063.1578947368425,0.6567462384259259
clip_2.mp4,6,1,4:4:4,1,2,0,1,1.0,1.0,1.0,0.5830033114711934
clip_2.mp4,7,0,4:4:4,1,2,0,1,49.91334488734835,216.5865886776687,106.06649616368287,0.5825368119855967
clip_2.mp4,8,1,4:4:4,1,2,0,1,1.0,1.0,1.0,0.4782981288580247
clip_2.mp4,9,0,4:4:4,1,2,0,1,72.34161317331845,248.87181949111857,118.04622566321302,0.47780414094650203
clip_2.mp4,10,1,4:4:4,1,2,0,1,1.0,1.0,1.0,0.4777412872942387
clip_2.mp4,11,0,4:4:4,1,2,0,1,0.9027568564418076,2.264403137141846,1.6000148149519904,0.39062130272633744
clip_2.mp4,12,1,4:4:4,1,2,0,1,1.0,1.0,1.0,0.3910513117283951
clip_2.mp4,13,0,4:4:4,1,2,0,1,0.804040676641176,1.8898085584559272,1.544291127475513,0.37270286779835393
clip_2.mp4,14,1,4:4:4,1,2,0,1,1.0,1.0,1.0,0.372827449845679
clip_2.mp4,15,0,4:4:4,1,2,0,1,35.73077850914981,101.06248172336485,80.89887640449439,0.3729033243312757
clip_2.mp4,16,1,4:4:4,1,2,0,1,1.0,1.0,1.0,0.37015046296296295
clip_2.mp4,17,0,4:4:4,1,2,0,1,45.90657516050476,259.3296648324162,125.1569290197972,0.37011541923868313
clip_2.mp4,18,1,4:4:4,1,2,0,1,1.0,1.0,1.0,0.3723857060185185
clip_2.mp4,19,0,4:4:4,1,2,0,1,17.33402437597178,61.802575107296136,52.03774342501506,0.3721947337962963
clip_2.mp4,0,1,4:4:4,1,4,0,1,1.0,1.0,1.0,0.6666666666666666
clip_2.mp4,1,0,4:4:4,1,4,0,1,31418.18181818182,49371.42857142857,60988.23529411765,0.6666628086419754
clip_2.mp4,2,0,4:4:4,1,4,0,1,15474.626865671642,49371.42857142857,60988.23529411765,0.6666628086419754
clip_2.mp4,3,0,4:4:4,1,4,0,1,27.504974134500596,92.73703041144901,41.41567468243189,0.6572225437242798
clip_2.mp4,4,1,4:4:4,1,4,0,1,1.0,1.0,1.0,0.6567642425411523
clip_2.mp4,5,0,4:4:4,1,4,0,1,2005.4158607350096,14202.739726027397,6063.1578947368425,0.6567462384259259
clip_2.mp4,6,0,4:4:4,1,4,0,1,3.914373088685015,14.00135043889264,6.801275239107333,0.5830033114711934
clip_2.mp4,7,0,4:4:4,1,4,0,1,3.9119804400977993,13.968527699935331,6.803372814068703,0.5825368119855967
clip_2.mp4,8,1,4:4:4,1,4,0,1,1.0,1.0,1.0,0.4782981288580247
clip_2.mp4,9,0,4:4:4,1,4,0,1,72.34161317331845,248.87181949111857,118.04622566321302,0.47780414094650203
clip_2.mp4,10,0,4:4:4,1,4,0,1,23.19774466371325,88.37367882713944,49.63140258496888,0.4777412872942387
clip_2.mp4,11,0,4:4:4,1,4,0,1,0.9023726447403807,2.2625352702800017,1.5995408725273301,0.39062130272633744
clip_2.mp4,12,1,4:4:4,1,4,0,1,1.0,1.0,1.0,0.3910513117283951
clip_2.mp4,13,0,4:4:4,1,4,0,1,0.804040676641176,1.8898085584559272,1.544291127475513,0.37270286779835393
clip_2.mp4,14,0,4:4:4,1,4,0,1,0.8038293537267818,1.8871083995253106,1.5425839769445588,0.372827449845679
clip_2.mp4,15,0,4:4:4,1,4,0,1,0.803896042471267,1.8884867516315702,1.54369101166255,0.3729033243312757
clip_2.mp4,16,1,4:4:4,1,4,0,1,1.0,1.0,1.0,0.37015046296296295
clip_2.mp4,17,0,4:4:4,1,4,0,1,45.90657516050476,259.3296648324162,125.1569290197972,0.37011541923868313
clip_2.mp4,18,0,4:4:4,1,4,0,1,0.81062189898813,1.8135353969994805,1.604501518148138,0.3723857060185185
clip_2.mp4,19,0,4:4:4,1,4,0,1,0.8105870423345657,1.8132277482607495,1.604216018332129,0.3721947337962963
clip_2.mp4,0,1,4:4:4,1,6,0,1,1.0,1.0,1.0,0.6666666666666666
clip_2.mp4,1,0,4:4:4,1,6,0,1,31418.18181818182,49371.42857142857,60988.23529411765,0.6666628086419754
clip_2.mp4,2,0,4:4:4,1,6,0,1,15474.626865671642,49371.42857142857,60988.23529411765,0.6666628086419754
clip_2.mp4,3,0,4:4:4,1,6,0,1,27.504974134500596,92.73703041144901,41.41567468243189,0.6572225437242798
clip_2.mp4,4,0,4:4:4,1,6,0,1,27.192614351657575,90.18789144050105,40.92039310099854,0.6567642425411523
clip_2.mp4,5,0,4:4:4,1,6,0,1,27.154867604305807,89.81288981288981,40.83979989758538,0.6567462384259259
clip_2.mp4,6,1,4:4:4,1,6,0,1,1.0,1.0,1.0,0.5830033114711934
clip_2.mp4,7,0,4:4:4,1,6,0,1,49.91334488734835,216.5865886776687,106.06649616368287,0.5825368119855967
clip_2.mp4,8,0,4:4:4,1,6,0,1,1.4795491713211768,4.21155252254448,2.5686445989837403,0.4782981288580247
clip_2.mp4,9,0,4:4:4,1,6,0,1,1.4784078027078476,4.210457919786878,2.5681546837612768,0.47780414094650203
clip_2.mp4,10,0,4:4:4,1,6,0,1,1.4795491713211768,4.210115973102037,2.56786845618302,0.4777412872942387
clip_2.mp4,11,0,4:4:4,1,6,0,1,1.0258175968085674,2.6496768406283784,1.906215239793714,0.39062130272633744
clip_2.mp4,12,1,4:4:4,1,6,0,1,1.0,1.0,1.0,0.3910513117283951
clip_2.mp4,13,0,4:4:4,1,6,0,1,0.804040676641176,1.8898085584559272,1.544291127475513,0.37270286779835393
clip_2.mp4,14,0,4:4:4,1,6,0,1,0.8038293537267818,1.8871083995253106,1.5425839769445588,0.372827449845679
clip_2.mp4,15,0,4:4:4,1,6,0,1,0.803896042471267,1.8884867516315702,1.54369101166255,0.3729033243312757
clip_2.mp4,16,0,4:4:4,1,6,0,1,0.7917435080926908,1.8621492305702831,1.5358339024075915,0.37015046296296295
clip_2.mp4,17,0,4:4:4,1,6,0,1,0.7916111210367907,1.8615975480347111,1.5354881706097967,0.37011541923868313
clip_2.mp4,18,1,4:4:4,1,6,0,1,1.0,1.0,1.0,0.3723857060185185
clip_2.mp4,19,0,4:4:4,1,6,0,1,17.33402437597178,61.802575107296136,52.03774342501506,0.3721947337962963
clip_2.mp4,0,1,4:4:4,1,8,0,1,1.0,1.0,1.0,0.6666666666666666
clip_2.mp4,1,0,4:4:4,1,8,0,1,31418.18181818182,49371.42857142857,60988.23529411765,0.6666628086419754
clip_2.mp4,2,0,4:4:4,1,8,0,1,15474.626865671642,49371.42857142857,60988.23529411765,0.6666628086419754
clip_2.mp4,3,0,4:4:4,1,8,0,1,27.504974134500596,92.73703041144901,41.41567468243189,0.6572225437242798
clip_2.mp4,4,0,4:4:4,1,8,0,1,27.192614351657575,90.18789144050105,40.92039310099854,0.6567642425411523
clip_2.mp4,5,0,4:4:4,1,8,0,1,27.154867604305807,89.81288981288981,40.83979989758538,0.6567462384259259
clip_2.mp4,6,0,4:4:4,1,8,0,1,4.212202712255527,15.286849593795615,7.567607021641546,0.5830033114711934
clip_2.mp4,7,0,4:4:4,1,8,0,1,4.20958606549057,15.24683460537345,7.56981710656007,0.5825368119855967
clip_2.mp4,8,1,4:4:4,1,8,0,1,1.0,1.0,1.0,0.4782981288580247
clip_2.mp4,9,0,4:4:4,1,8,0,1,72.34161317331845,248.87181949111857,118.04622566321302,0.47780414094650203
clip_2.mp4,10,0,4:4:4,1,8,0,1,23.19774466371325,88.37367882713944,49.63140258496888,0.4777412872942387
clip_2.mp4,11,0,4:4:4,1,8,0,1,0.9023726447403807,2.2625352702800017,1.5995408725273301,0.39062130272633744
clip_2.mp4,12,0,4:4:4,1,8,0,1,0.9021724186539463,2.261094476151429,1.598773779986646,0.3910513117283951
clip_2.mp4,13,0,4:4:4,1,8,0,1,0.8798878414572463,2.176020954275856,1.6162422367994413,0.37270286779835393
clip_2.mp4,14,0,4:4:4,1,8,0,1,0.8796608961545379,2.1728833877532203,1.614923085549803,0.372827449845679
clip_2.mp4,15,0,4:4:4,1,8,0,1,0.8797071715479894,2.1743370348233664,1.615587426840442,0.3729033243312757
clip_2.mp4,16,1,4:4:4,1,8,0,1,1.0,1.0,1.0,0.37015046296296295
clip_2.mp4,17,0,4:4:4,1,8,0,1,45.90657516050476,259.3296648324162,125.1569290197972,0.37011541923868313
clip_2.mp4,18,0,4:4:4,1,8,0,1,0.81062189898813,1.8135353969994805,1.604501518148138,0.3723857060185185
clip_2.mp4,19,0,4:4:4,1,8,0,1,0.8105870423345657,1.8132277482607495,1.604216018332129,0.3721947337962963
clip_2.mp4,0,1,4:4:4,1,10,0,1,1.0,1.0,1.0,0.6666666666666666
clip_2.mp4,1,0,4:4:4,1,10,0,1,31418.18181818182,49371.42857142857,60988.23529411765,0.6666628086419754
clip_2.mp4,2,0,4:4:4,1,10,0,1,15474.626865671642,49371.42857142857,60988.23529411765,0.6666628086419754
clip_2.mp4,3,0,4:4:4,1,10,0,1,27.504974134500596,92.73703041144901,41.41567468243189,0.6572225437242798
clip_2.mp4,4,0,4:4:4,1,10,0,1,27.192614351657575,90.18789144050105,40.92039310099854,0.6567642425411523
clip_2.mp4,5,0,4:4:4,1,10,0,1,27.154867604305807,89.81288981288981,40.83979989758538,0.6567462384259259
clip_2.mp4,6,0,4:4:4,1,10,0,1,4.212202712255527,15.286849593795615,7.567607021641546,0.5830033114711934
clip_2.mp4,7,0,4:4:4,1,10,0,1,4.20958606549057,15.24683460537345,7.56981710656007,0.5825368119855967
clip_2.mp4,8,0,4:4:4,1,10,0,1,1.7824846130041605,4.655360534504358,3.117220478406754,0.4782981288580247
clip_2.mp4,9,0,4:4:4,1,10,0,1,1.7809169798616216,4.652477686684706,3.1164802529735516,0.47780414094650203
clip_2.mp4,10,1,4:4:4,1,10,0,1,1.0,1.0,1.0,0.4777412872942387
clip_2.mp4,11,0,4:4:4,1,10,0,1,0.9027568564418076,2.264403137141846,1.6000148149519904,0.39062130272633744
clip_2.mp4,12,0,4:4:4,1,10,0,1,0.9025478172758516,2.2628611836806853,1.5992571351887472,0.3910513117283951
clip_2.mp4,13,0,4:4:4,1,10,0,1,0.8801881266289169,2.175893085747145,1.6164715457041428,0.37270286779835393
clip_2.mp4,14,0,4:4:4,1,10,0,1,0.8799445960809875,2.17274678111588,1.615141955835962,0.372827449845679
clip_2.mp4,15,0,4:4:4,1,10,0,1,0.8799946358351673,2.174273197595046,1.6157913684200684,0.3729033243312757
clip_2.mp4,16,0,4:4:4,1,10,0,1,0.8817128769369322,2.125992970771698,1.62583267472056,0.37015046296296295
clip_2.mp4,17,0,4:4:4,1,10,0,1,0.8816678897881123,2.1252042085930567,1.625521694004321,0.37011541923868313
clip_2.mp4,18,0,4:4:4,1,10,0,1,0.8806576392463447,1.9826745453502381,1.6525052955718023,0.3723857060185185
clip_2.mp4,19,0,4:4:4,1,10,0,1,0.8803959064307623,1.9825911364714162,1.652523732714487,0.3721947337962963
clip_2.mp4,0,1,4:4:4,2,1,0,1,1.0,1.0,1.0,0.6666666666666666
clip_2.mp4,1,1,4:4:4,2,1,0,1,1.0,1.0,1.0,0.6666628086419754
clip_2.mp4,2,1,4:4:4,2,1,0,1,1.0,1.0,1.0,0.6666628086419754
clip_2.mp4,3,1,4:4:4,2,1,0,1,1.0,1.0,1.0,0.6572225437242798
clip_2.mp4,4,1,4:4:4,2,1,0,1,1.0,1.0,1.0,0.6567642425411523
clip_2.mp4,5,1,4:4:4,2,1,0,1,1.0,1.0,1.0,0.6567462384259259
clip_2.mp4,6,1,4:4:4,2,1,0,1,1.0,1.0,1.0,0.5830033114711934
clip_2.mp4,7,1,4:4:4,2,1,0,1,1.0,1.0,1.0,0.5825368119855967
clip_2.mp4,8,1,4:4:4,2,1,0,1,1.0,1.0,1.0,0.4782981288580247
clip_2.mp4,9,1,4:4:4,2,1,0,1,1.0,1.0,1.0,0.47780414094650203
clip_2.mp4,10,1,4:4:4,2,1,0,1,1.0,1.0,1.0,0.4777412872942387
clip_2.mp4,11,1,4:4:4,2,1,0,1,1.0,1.0,1.0,0.39062130272633744
clip_2.mp4,12,1,4:4:4,2,1,0,1,1.0,1.0,1.0,0.3910513117283951
clip_2.mp4,13,1,4:4:4,2,1,0,1,1.0,1.0,1.0,0.37270286779835393
clip_2.mp4,14,1,4:4:4,2,1,0,1,1.0,1.0,1.0,0.372827449845679
clip_2.mp4,15,1,4:4:4,2,1,0,1,1.0,1.0,1.0,0.3729033243312757
clip_2.mp4,16,1,4:4:4,2,1,0,1,1.0,1.0,1.0,0.37015046296296295
clip_2.mp4,17,1,4:4:4,2,1,0,1,1.0,1.0,1.0,0.37011541923868313
clip_2.mp4,18,1,4:4:4,2,1,0,1,1.0,1.0,1.0,0.3723857060185185
clip_2.mp4,19,1,4:4:4,2,1,0,1,1.0,1.0,1.0,0.3721947337962963
clip_2.mp4,0,1,4:4:4,2,2,0,1,1.0,1.0,1.0,0.6666666666666666
clip_2.mp4,1,0,4:4:4,2,2,0,1,1036800.0,60988.23529411765,1036800.0,0.6667007458847737
clip_2.mp4,2,1,4:4:4,2,2,0,1,1.0,1.0,1.0,0.6666628086419754
clip_2.mp4,3,0,4:4:4,2,2,0,1,41.83175307645754,131.95876288659792,48.51434186514435,0.7145286779835391
clip_2.mp4,4,1,4:4:4,2,2,0,1,1.0,1.0,1.0,0.6567642425411523
clip_2.mp4,5,0,4:4:4,2,2,0,1,4527.510917030568,19562.264150943396,18189.473684210527,0.6572090406378601
clip_2.mp4,6,1,4:4:4,2,2,0,1,1.0,1.0,1.0,0.5830033114711934
clip_2.mp4,7,0,4:4:4,2,2,0,1,68.84462151394422,357.6405657123146,161.0688208792916,0.6046585648148148
clip_2.mp4,8,1,4:4:4,2,2,0,1,1.0,1.0,1.0,0.4782981288580247
clip_2.mp4,9,0,4:4:4,2,2,0,1,146.33733239237827,546.5471797575119,228.42035690680765,0.49461516203703704
clip_2.mp4,10,1,4:4:4,2,2,0,1,1.0,1.0,1.0,0.4777412872942387
clip_2.mp4,11,0,4:4:4,2,2,0,1,1.2723829813867356,3.0905524720246578,1.929680564163554,1.9913961226851853
clip_2.mp4,12,1,4:4:4,2,2,0,1,1.0,1.0,1.0,0.3910513117283951
clip_2.mp4,13,0,4:4:4,2,2,0,1,1.099643527980561,2.5532669405124264,1.8998127306509718,2.0967057291666666
clip_2.mp4,14,1,4:4:4,2,2,0,1,1.0,1.0,1.0,0.372827449845679
clip_2.mp4,15,0,4:4:4,2,2,0,1,58.46067098956865,145.98704590256267,112.41461563482598,0.4001856674382716
clip_2.mp4,16,1,4:4:4,2,2,0,1,1.0,1.0,1.0,0.37015046296296295
clip_2.mp4,17,0,4:4:4,2,2,0,1,77.53514807059527,413.0677290836653,191.68053244592346,0.386988007973251
clip_2.mp4,18,1,4:4:4,2,2,0,1,1.0,1.0,1.0,0.3723857060185185
clip_2.mp4,19,0,4:4:4,2,2,0,1,28.529759775460224,108.90756302521008,88.63053513421097,0.4192013888888889
clip_2.mp4,0,1,4:4:4,2,4,0,1,1.0,1.0,1.0,0.6666666666666666
clip_2.mp4,1,0,4:4:4,2,4,0,1,1036800.0,60988.23529411765,1036800.0,0.6667007458847737
clip_2.mp4,2,0,4:4:4,2,4,0,1,28021.62162162162,60988.23529411765,1036800.0,0.6667291988168724
clip_2.mp4,3,0,4:4:4,2,4,0,1,41.80813742489617,131.757529546321,48.51434186514435,0.7145703125
clip_2.mp4,4,1,4:4:4,2,4,0,1,1.0,1.0,1.0,0.6567642425411523
clip_2.mp4,5,0,4:4:4,2,4,0,1,4527.510917030568,19562.264150943396,18189.473684210527,0.6572090406378601
clip_2.mp4,6,0,4:4:4,2,4,0,1,5.8788174323266915,21.358383289042706,8.365540556895843,1.0823617541152264
clip_2.mp4,7,0,4:4:4,2,4,0,1,5.876984644336997,21.354863957488003,8.377031034120565,1.0828768004115226
clip_2.mp4,8,1,4:4:4,2,4,0,1,1.0,1.0,1.0,0.4782981288580247
clip_2.mp4,9,0,4:4:4,2,4,0,1,146.33733239237827,546.5471797575119,228.42035690680765,0.49461516203703704
clip_2.mp4,10,0,4:4:4,2,4,0,1,35.511713933415535,145.86381541924592,77.83783783783784,0.5239768197016461
clip_2.mp4,11,0,4:4:4,2,4,0,1,1.2714951104832124,3.091888861386877,1.9282629638859854,1.9909447337962962
clip_2.mp4,12,1,4:4:4,2,4,0,1,1.0,1.0,1.0,0.3910513117283951
clip_2.mp4,13,0,4:4:4,2,4,0,1,1.099643527980561,2.5532669405124264,1.8998127306509718,2.0967057291666666
clip_2.mp4,14,0,4:4:4,2,4,0,1,1.099528076780317,2.5515829264451093,1.898330904270512,2.0970765817901236
clip_2.mp4,15,0,4:4:4,2,4,0,1,1.0994662795346357,2.5518906585738654,1.898807201841667,2.0964224858539096
clip_2.mp4,16,1,4:4:4,2,4,0,1,1.0,1.0,1.0,0.37015046296296295
clip_2.mp4,17,0,4:4:4,2,4,0,1,77.53514807059527,413.0677290836653,191.68053244592346,0.386988007973251
clip_2.mp4,18,0,4:4:4,2,4,0,1,1.106555015037963,2.439144887747108,2.04325762427945,2.051780799897119
clip_2.mp4,19,0,4:4:4,2,4,0,1,1.1071765715969912,2.4393113086359337,2.042714161872488,2.051374903549383
clip_2.mp4,0,1,4:4:4,2,6,0,1,1.0,1.0,1.0,0.6666666666666666
clip_2.mp4,1,0,4:4:4,2,6,0,1,1036800.0,60988.23529411765,1036800.0,0.6667007458847737
clip_2.mp4,2,0,4:4:4,2,6,0,1,28021.62162162162,60988.23529411765,1036800.0,0.6667291988168724
clip_2.mp4,3,0,4:4:4,2,6,0,1,41.80813742489617,131.757529546321,48.51434186514435,0.7145703125
clip_2.mp4,4,0,4:4:4,2,6,0,1,41.405750798722046,128.55548667079975,48.180677540777914,0.7139258616255144
clip_2.mp4,5,0,4:4:4,2,6,0,1,41.26895673287426,127.79489707876247,48.18963513827562,0.7140967399691358
clip_2.mp4,6,1,4:4:4,2,6,0,1,1.0,1.0,1.0,0.5830033114711934
clip_2.mp4,7,0,4:4:4,2,6,0,1,68.84462151394422,357.6405657123146,161.0688208792916,0.6046585648148148
clip_2.mp4,8,0,4:4:4,2,6,0,1,2.139624533866038,5.974690546988452,3.1119622050269236,1.6030999228395062
clip_2.mp4,9,0,4:4:4,2,6,0,1,2.1392183847333097,5.969599263012436,3.11190616258269,1.6037385866769547
clip_2.mp4,10,0,4:4:4,2,6,0,1,2.142781854969547,5.966679135614192,3.1119715456305435,1.6033640367798354
clip_2.mp4,11,0,4:4:4,2,6,0,1,1.4752838726201656,3.6689066530781234,2.3294950289277088,2.059350083590535
clip_2.mp4,12,1,4:4:4,2,6,0,1,1.0,1.0,1.0,0.3910513117283951
clip_2.mp4,13,0,4:4:4,2,6,0,1,1.099643527980561,2.5532669405124264,1.8998127306509718,2.0967057291666666
clip_2.mp4,14,0,4:4:4,2,6,0,1,1.099528076780317,2.5515829264451093,1.898330904270512,2.0970765817901236
clip_2.mp4,15,0,4:4:4,2,6,0,1,1.0994662795346357,2.5518906585738654,1.898807201841667,2.0964224858539096
clip_2.mp4,16,0,4:4:4,2,6,0,1,1.083667537321623,2.498060437256952,1.8961679776585765,2.0926144547325105
clip_2.mp4,17,0,4:4:4,2,6,0,1,1.0832984179956262,2.4981266459613862,1.8958177908456577,2.0924221965020577
clip_2.mp4,18,1,4:4:4,2,6,0,1,1.0,1.0,1.0,0.3723857060185185
clip_2.mp4,19,0,4:4:4,2,6,0,1,28.529759775460224,108.90756302521008,88.63053513421097,0.4192013888888889
clip_2.mp4,0,1,4:4:4,2,8,0,1,1.0,1.0,1.0,0.6666666666666666
clip_2.mp4,1,0,4:4:4,2,8,0,1,1036800.0,60988.23529411765,1036800.0,0.6667007458847737
clip_2.mp4,2,0,4:4:4,2,8,0,1,28021.62162162162,60988.23529411765,1036800.0,0.6667291988168724
clip_2.mp4,3,0,4:4:4,2,8,0,1,41.80813742489617,131.757529546321,48.51434186514435,0.7145703125
clip_2.mp4,4,0,4:4:4,2,8,0,1,41.405750798722046,128.55548667079975,48.180677540777914,0.7139258616255144
clip_2.mp4,5,0,4:4:4,2,8,0,1,41.26895673287426,127.79489707876247,48.18963513827562,0.7140967399691358
clip_2.mp4,6,0,4:4:4,2,8,0,1,6.421126298252894,23.453299251249803,9.527923026732955,1.0913930684156379
clip_2.mp4,7,0,4:4:4,2,8,0,1,6.419814241486068,23.44269337734868,9.540197097821986,1.0918023405349795
clip_2.mp4,8,1,4:4:4,2,8,0,1,1.0,1.0,1.0,0.4782981288580247
clip_2.mp4,9,0,4:4:4,2,8,0,1,146.33733239237827,546.5471797575119,228.42035690680765,0.49461516203703704
clip_2.mp4,10,0,4:4:4,2,8,0,1,35.511713933415535,145.86381541924592,77.83783783783784,0.5239768197016461
clip_2.mp4,11,0,4:4:4,2,8,0,1,1.2714951104832124,3.091888861386877,1.9282629638859854,1.9909447337962962
clip_2.mp4,12,0,4:4:4,2,8,0,1,1.2708670161714395,3.089999821180566,1.9270193463969683,1.9926613940329219
clip_2.mp4,13,0,4:4:4,2,8,0,1,1.230889046654589,2.932939559040684,1.9852941176470589,2.0636614261831276
clip_2.mp4,14,0,4:4:4,2,8,0,1,1.2307443938097167,2.9318779515312614,1.9848494420482543,2.0632592271090533
clip_2.mp4,15,0,4:4:4,2,8,0,1,1.2305048416710085,2.9323423102377437,1.9850774559302466,2.0632492605452675
clip_2.mp4,16,1,4:4:4,2,8,0,1,1.0,1.0,1.0,0.37015046296296295
clip_2.mp4,17,0,4:4:4,2,8,0,1,77.53514807059527,413.0677290836653,191.68053244592346,0.386988007973251
clip_2.mp4,18,0,4:4:4,2,8,0,1,1.106555015037963,2.439144887747108,2.04325762427945,2.051780799897119
clip_2.mp4,19,0,4:4:4,2,8,0,1,1.1071765715969912,2.4393113086359337,2.042714161872488,2.051374903549383
clip_2.mp4,0,1,4:4:4,2,10,0,1,1.0,1.0,1.0,0.6666666666666666
clip_2.mp4,1,0,4:4:4,2,10,0,1,1036800.0,60988.23529411765,1036800.0,0.6667007458847737
clip_2.mp4,2,0,4:4:4,2,10,0,1,28021.62162162162,60988.23529411765,1036800.0,0.6667291988168724
clip_2.mp4,3,0,4:4:4,2,10,0,1,41.80813742489617,131.757529546321,48.51434186514435,0.7145703125
clip_2.mp4,4,0,4:4:4,2,10,0,1,41.405750798722046,128.55548667079975,48.180677540777914,0.7139258616255144
clip_2.mp4,5,0,4:4:4,2,10,0,1,41.26895673287426,127.79489707876247,48.18963513827562,0.7140967399691358
clip_2.mp4,6,0,4:4:4,2,10,0,1,6.421126298252894,23.453299251249803,9.527923026732955,1.0913930684156379
clip_2.mp4,7,0,4:4:4,2,10,0,1,6.419814241486068,23.44269337734868,9.540197097821986,1.0918023405349795
clip_2.mp4,8,0,4:4:4,2,10,0,1,2.665384704373154,6.5793481571733174,3.9634694119401046,1.644395736882716
clip_2.mp4,9,0,4:4:4,2,10,0,1,2.6650284418785777,6.574091687274111,3.963105808962093,1.6451332626028807
clip_2.mp4,10,1,4:4:4,2,10,0,1,1.0,1.0,1.0,0.4777412872942387
clip_2.mp4,11,0,4:4:4,2,10,0,1,1.2723829813867356,3.0905524720246578,1.929680564163554,1.9913961226851853
clip_2.mp4,12,0,4:4:4,2,10,0,1,1.2717758495065246,3.0886098574556504,1.9284709873741694,1.9930529835390947
clip_2.mp4,13,0,4:4:4,2,10,0,1,1.231602580093368,2.9329312622523713,1.985647719894972,2.0641144225823047
clip_2.mp4,14,0,4:4:4,2,10,0,1,1.2314372825713855,2.931753594706556,1.9851800792693435,2.0637377829218106
clip_2.mp4,15,0,4:4:4,2,10,0,1,1.2312076950480941,2.93236719074811,1.9853929615062025,2.06373521090535
clip_2.mp4,16,0,4:4:4,2,10,0,1,1.222364747604316,2.8824020016680567,2.000524829044657,2.0514486882716048
clip_2.mp4,17,0,4:4:4,2,10,0,1,1.2219786436602786,2.8817370470533628,2.0003897364262713,2.0514922518004117
clip_2.mp4,18,0,4:4:4,2,10,0,1,1.2176131118893438,2.710092270695559,2.0561229548834903,2.0273554848251027
clip_2.mp4,19,0,4:4:4,2,10,0,1,1.2181223902832181,2.7088177661659048,2.0560984896560477,2.027644836676955
clip_2.mp4,0,1,4:4:4,4,1,0,1,1.0,1.0,1.0,0.6666666666666666
clip_2.mp4,1,1,4:4:4,4,1,0,1,1.0,1.0,1.0,0.6666628086419754
clip_2.mp4,2,1,4:4:4,4,1,0,1,1.0,1.0,1.0,0.6666628086419754
clip_2.mp4,3,1,4:4:4,4,1,0,1,1.0,1.0,1.0,0.6572225437242798
clip_2.mp4,4,1,4:4:4,4,1,0,1,1.0,1.0,1.0,0.6567642425411523
clip_2.mp4,5,1,4:4:4,4,1,0,1,1.0,1.0,1.0,0.6567462384259259
clip_2.mp4,6,1,4:4:4,4,1,0,1,1.0,1.0,1.0,0.5830033114711934
clip_2.mp4,7,1,4:4:4,4,1,0,1,1.0,1.0,1.0,0.5825368119855967
clip_2.mp4,8,1,4:4:4,4,1,0,1,1.0,1.0,1.0,0.4782981288580247
clip_2.mp4,9,1,4:4:4,4,1,0,1,1.0,1.0,1.0,0.47780414094650203
clip_2.mp4,10,1,4:4:4,4,1,0,1,1.0,1.0,1.0,0.4777412872942387
clip_2.mp4,11,1,4:4:4,4,1,0,1,1.0,1.0,1.0,0.39062130272633744
clip_2.mp4,12,1,4:4:4,4,1,0,1,1.0,1.0,1.0,0.3910513117283951
clip_2.mp4,13,1,4:4:4,4,1,0,1,1.0,1.0,1.0,0.37270286779835393
clip_2.mp4,14,1,4:4:4,4,1,0,1,1.0,1.0,1.0,0.372827449845679
clip_2.mp4,15,1,4:4:4,4,1,0,1,1.0,1.0,1.0,0.3729033243312757
clip_2.mp4,16,1,4:4:4,4,1,0,1,1.0,1.0,1.0,0.37015046296296295
clip_2.mp4,17,1,4:4:4,4,1,0,1,1.0,1.0,1.0,0.37011541923868313
clip_2.mp4,18,1,4:4:4,4,1,0,1,1.0,1.0,1.0,0.3723857060185185
clip_2.mp4,19,1,4:4:4,4,1,0,1,1.0,1.0,1.0,0.3721947337962963
clip_2.mp4,0,1,4:4:4,4,2,0,1,1.0,1.0,1.0,0.6666666666666666
clip_2.mp4,1,0,4:4:4,4,2,0,1,1036800.0,60988.23529411765,1036800.0,0.6668036265432099
clip_2.mp4,2,1,4:4:4,4,2,0,1,1.0,1.0,1.0,0.6666628086419754
clip_2.mp4,3,0,4:4:4,4,2,0,1,76.61272445134117,232.62284047565626,71.25283485671088,1.131901684670782
clip_2.mp4,4,1,4:4:4,4,2,0,1,1.0,1.0,1.0,0.6567642425411523
clip_2.mp4,5,0,4:4:4,4,2,0,1,5544.385026737968,19562.264150943396,35751.724137931036,0.6590473894032922
clip_2.mp4,6,1,4:4:4,4,2,0,1,1.0,1.0,1.0,0.5830033114711934
clip_2.mp4,7,0,4:4:4,4,2,0,1,82.87107345535928,424.74395739451046,302.7153284671533,0.7431426826131687
clip_2.mp4,8,1,4:4:4,4,2,0,1,1.0,1.0,1.0,0.4782981288580247
clip_2.mp4,9,0,4:4:4,4,2,0,1,234.83578708946771,713.5581555402615,673.6842105263158,0.549285300925926
clip_2.mp4,10,1,4:4:4,4,2,0,1,1.0,1.0,1.0,0.4777412872942387
clip_2.mp4,11,0,4:4:4,4,2,0,1,2.198622468021579,4.968991727932367,2.7041054517666145,12.540206243569958
clip_2.mp4,12,1,4:4:4,4,2,0,1,1.0,1.0,1.0,0.3910513117283951
clip_2.mp4,13,0,4:4:4,4,2,0,1,1.8429411691513546,4.103002457527514,2.7475235717806434,13.373938239454732
clip_2.mp4,14,1,4:4:4,4,2,0,1,1.0,1.0,1.0,0.372827449845679
clip_2.mp4,15,0,4:4:4,4,2,0,1,75.14677103718199,176.416539050536,144.54203262233375,0.5716141010802469
clip_2.mp4,16,1,4:4:4,4,2,0,1,1.0,1.0,1.0,0.37015046296296295
clip_2.mp4,17,0,4:4:4,4,2,0,1,118.708495534692,550.6107275624004,336.29581576386636,0.4798265496399177
clip_2.mp4,18,1,4:4:4,4,2,0,1,1.0,1.0,1.0,0.3723857060185185
clip_2.mp4,19,0,4:4:4,4,2,0,1,37.12270399942712,161.57082748948108,147.8397262227292,0.6341213348765432
clip_2.mp4,0,1,4:4:4,4,4,0,1,1.0,1.0,1.0,0.6666666666666666
clip_2.mp4,1,0,4:4:4,4,4,0,1,1036800.0,60988.23529411765,1036800.0,0.6668036265432099
clip_2.mp4,2,0,4:4:4,4,4,0,1,28021.62162162162,60988.23529411765,1036800.0,0.6671059992283951
clip_2.mp4,3,0,4:4:4,4,4,0,1,76.5335498634384,231.99820989035578,71.25283485671088,1.1321330054012346
clip_2.mp4,4,1,4:4:4,4,4,0,1,1.0,1.0,1.0,0.6567642425411523
clip_2.mp4,5,0,4:4:4,4,4,0,1,5544.385026737968,19562.264150943396,35751.724137931036,0.6590473894032922
clip_2.mp4,6,0,4:4:4,4,4,0,1,10.730364405990292,35.56409288923953,12.195494912662472,4.17978989840535
clip_2.mp4,7,0,4:4:4,4,4,0,1,10.73369705879308,35.481331918825504,12.239838502130874,4.186380851337448
clip_2.mp4,8,1,4:4:4,4,4,0,1,1.0,1.0,1.0,0.4782981288580247
clip_2.mp4,9,0,4:4:4,4,4,0,1,234.83578708946771,713.5581555402615,673.6842105263158,0.549285300925926
clip_2.mp4,10,0,4:4:4,4,4,0,1,46.34778721502012,182.246440499209,135.90247738891074,0.7775345614711934
clip_2.mp4,11,0,4:4:4,4,4,0,1,2.1968103026335024,4.968515483481411,2.6999648442077575,12.541986400462964
clip_2.mp4,12,1,4:4:4,4,4,0,1,1.0,1.0,1.0,0.3910513117283951
clip_2.mp4,13,0,4:4:4,4,4,0,1,1.8429411691513546,4.103002457527514,2.7475235717806434,13.373938239454732
clip_2.mp4,14,0,4:4:4,4,4,0,1,1.8427577381428457,4.10094138121984,2.746453689355108,13.375951163837449
clip_2.mp4,15,0,4:4:4,4,4,0,1,1.8424531923060519,4.102320612499258,2.745929969251305,13.37175524048354
clip_2.mp4,16,1,4:4:4,4,4,0,1,1.0,1.0,1.0,0.37015046296296295
clip_2.mp4,17,0,4:4:4,4,4,0,1,118.708495534692,550.6107275624004,336.29581576386636,0.4798265496399177
clip_2.mp4,18,0,4:4:4,4,4,0,1,1.8229867232130141,3.9004130645780197,3.135347963747539,13.359927662037038
clip_2.mp4,19,0,4:4:4,4,4,0,1,1.8248123794370679,3.9003250270855903,3.134618059124798,13.355121688528806
clip_2.mp4,0,1,4:4:4,4,6,0,1,1.0,1.0,1.0,0.6666666666666666
clip_2.mp4,1,0,4:4:4,4,6,0,1,1036800.0,60988.23529411765,1036800.0,0.6668036265432099
clip_2.mp4,2,0,4:4:4,4,6,0,1,28021.62162162162,60988.23529411765,1036800.0,0.6671059992283951
clip_2.mp4,3,0,4:4:4,4,6,0,1,76.5335498634384,231.99820989035578,71.25283485671088,1.1321330054012346
clip_2.mp4,4,0,4:4:4,4,6,0,1,76.73179396092362,227.51810401579988,70.84386744106594,1.1312373006687242
clip_2.mp4,5,0,4:4:4,4,6,0,1,76.3082358136454,225.14657980456025,70.86323559565307,1.1319695216049384
clip_2.mp4,6,1,4:4:4,4,6,0,1,1.0,1.0,1.0,0.5830033114711934
clip_2.mp4,7,0,4:4:4,4,6,0,1,82.87107345535928,424.74395739451046,302.7153284671533,0.7431426826131687
clip_2.mp4,8,0,4:4:4,4,6,0,1,3.776278791940442,10.040382324743616,4.449308014161571,8.82383503729424
clip_2.mp4,9,0,4:4:4,4,6,0,1,3.7763613185212166,10.038438077902462,4.452747535914449,8.825918049125514
clip_2.mp4,10,0,4:4:4,4,6,0,1,3.7861386717109564,10.026788391052484,4.456805354356432,8.837349054783951
clip_2.mp4,11,0,4:4:4,4,6,0,1,2.586974801448187,6.048972876470966,3.3764948023864734,12.574713380915638
clip_2.mp4,12,1,4:4:4,4,6,0,1,1.0,1.0,1.0,0.3910513117283951
clip_2.mp4,13,0,4:4:4,4,6,0,1,1.8429411691513546,4.103002457527514,2.7475235717806434,13.373938239454732
clip_2.mp4,14,0,4:4:4,4,6,0,1,1.8427577381428457,4.10094138121984,2.746453689355108,13.375951163837449
clip_2.mp4,15,0,4:4:4,4,6,0,1,1.8424531923060519,4.102320612499258,2.745929969251305,13.37175524048354
clip_2.mp4,16,0,4:4:4,4,6,0,1,1.8148496289955836,4.026032525123872,2.759046468431165,13.521268164866255
clip_2.mp4,17,0,4:4:4,4,6,0,1,1.8139859577051538,4.027784252482402,2.758723451810146,13.520910172325102
clip_2.mp4,18,1,4:4:4,4,6,0,1,1.0,1.0,1.0,0.3723857060185185
clip_2.mp4,19,0,4:4:4,4,6,0,1,37.12270399942712,161.57082748948108,147.8397262227292,0.6341213348765432
clip_2.mp4,0,1,4:4:4,4,8,0,1,1.0,1.0,1.0,0.6666666666666666
clip_2.mp4,1,0,4:4:4,4,8,0,1,1036800.0,60988.23529411765,1036800.0,0.6668036265432099
clip_2.mp4,2,0,4:4:4,4,8,0,1,28021.62162162162,60988.23529411765,1036800.0,0.6671059992283951
clip_2.mp4,3,0,4:4:4,4,8,0,1,76.5335498634384,231.99820989035578,71.25283485671088,1.1321330054012346
clip_2.mp4,4,0,4:4:4,4,8,0,1,76.73179396092362,227.51810401579988,70.84386744106594,1.1312373006687242
clip_2.mp4,5,0,4:4:4,4,8,0,1,76.3082358136454,225.14657980456025,70.86323559565307,1.1319695216049384
clip_2.mp4,6,0,4:4:4,4,8,0,1,11.834400575283361,39.12895799524475,14.021611241091112,4.220704732510288
clip_2.mp4,7,0,4:4:4,4,8,0,1,11.838589600127886,39.040554279474335,14.073762369517707,4.227841595936214
clip_2.mp4,8,1,4:4:4,4,8,0,1,1.0,1.0,1.0,0.4782981288580247
clip_2.mp4,9,0,4:4:4,4,8,0,1,234.83578708946771,713.5581555402615,673.6842105263158,0.549285300925926
clip_2.mp4,10,0,4:4:4,4,8,0,1,46.34778721502012,182.246440499209,135.90247738891074,0.7775345614711934
clip_2.mp4,11,0,4:4:4,4,8,0,1,2.1968103026335024,4.968515483481411,2.6999648442077575,12.541986400462964
clip_2.mp4,12,0,4:4:4,4,8,0,1,2.1951870185854085,4.968467864057199,2.6994727592267136,12.553300379372429
clip_2.mp4,13,0,4:4:4,4,8,0,1,2.109074635366871,4.721978057011691,2.8632895241935263,13.084339152520576
clip_2.mp4,14,0,4:4:4,4,8,0,1,2.1095638444196663,4.723139648771155,2.864222905495562,13.08304285622428
clip_2.mp4,15,0,4:4:4,4,8,0,1,2.108667134445834,4.723957407837723,2.863550493277506,13.08143566743827
clip_2.mp4,16,1,4:4:4,4,8,0,1,1.0,1.0,1.0,0.37015046296296295
clip_2.mp4,17,0,4:4:4,4,8,0,1,118.708495534692,550.6107275624004,336.29581576386636,0.4798265496399177
clip_2.mp4,18,0,4:4:4,4,8,0,1,1.8229867232130141,3.9004130645780197,3.135347963747539,13.359927662037038
clip_2.mp4,19,0,4:4:4,4,8,0,1,1.8248123794370679,3.9003250270855903,3.134618059124798,13.355121688528806
clip_2.mp4,0,1,4:4:4,4,10,0,1,1.0,1.0,1.0,0.6666666666666666
clip_2.mp4,1,0,4:4:4,4,10,0,1,1036800.0,60988.23529411765,1036800.0,0.6668036265432099
clip_2.mp4,2,0,4:4:4,4,10,0,1,28021.62162162162,60988.23529411765,1036800.0,0.6671059992283951
clip_2.mp4,3,0,4:4:4,4,10,0,1,76.5335498634384,231.99820989035578,71.25283485671088,1.1321330054012346
clip_2.mp4,4,0,4:4:4,4,10,0,1,76.73179396092362,227.51810401579988,70.84386744106594,1.1312373006687242
clip_2.mp4,5,0,4:4:4,4,10,0,1,76.3082358136454,225.14657980456025,70.86323559565307,1.1319695216049384
clip_2.mp4,6,0,4:4:4,4,10,0,1,11.834400575283361,39.12895799524475,14.021611241091112,4.220704732510288
clip_2.mp4,7,0,4:4:4,4,10,0,1,11.838589600127886,39.040554279474335,14.073762369517707,4.227841595936214
clip_2.mp4,8,0,4:4:4,4,10,0,1,4.801333703806613,11.02544743026681,5.889403277571075,8.948329957561729
clip_2.mp4,9,0,4:4:4,4,10,0,1,4.801400408452466,11.029435230790506,5.894425651667188,8.950691068672839
clip_2.mp4,10,1,4:4:4,4,10,0,1,1.0,1.0,1.0,0.4777412872942387
clip_2.mp4,11,0,4:4:4,4,10,0,1,2.198622468021579,4.968991727932367,2.7041054517666145,12.540206243569958
clip_2.mp4,12,0,4:4:4,4,10,0,1,2.19700581672547,4.969039357398922,2.703499059981278,12.551172035751028
clip_2.mp4,13,0,4:4:4,4,10,0,1,2.1113853522641186,4.7241941804197465,2.8658221410190143,13.092697723765433
clip_2.mp4,14,0,4:4:4,4,10,0,1,2.111746590409151,4.725227647686151,2.866630354540905,13.091513310185185
clip_2.mp4,15,0,4:4:4,4,10,0,1,2.1108952981273132,4.726175389973288,2.865909279376399,13.089696180555556
clip_2.mp4,16,0,4:4:4,4,10,0,1,2.057922744532154,4.696566813283384,2.945027851078395,13.383433641975309
clip_2.mp4,17,0,4:4:4,4,10,0,1,2.056832699830978,4.6962689846039565,2.9445092910514523,13.382218846450618
clip_2.mp4,18,0,4:4:4,4,10,0,1,2.0419055421743693,4.472281173973808,3.0636487205247915,13.342821823559671
clip_2.mp4,19,0,4:4:4,4,10,0,1,2.0446518195389674,4.471548221817774,3.064182928883648,13.344553915895062
clip_2.mp4,0,1,4:4:4,8,1,0,1,1.0,1.0,1.0,0.6666666666666666
clip_2.mp4,1,1,4:4:4,8,1,0,1,1.0,1.0,1.0,0.6666628086419754
clip_2.mp4,2,1,4:4:4,8,1,0,1,1.0,1.0,1.0,0.6666628086419754
clip_2.mp4,3,1,4:4:4,8,1,0,1,1.0,1.0,1.0,0.6572225437242798
clip_2.mp4,4,1,4:4:4,8,1,0,1,1.0,1.0,1.0,0.6567642425411523
clip_2.mp4,5,1,4:4:4,8,1,0,1,1.0,1.0,1.0,0.6567462384259259
clip_2.mp4,6,1,4:4:4,8,1,0,1,1.0,1.0,1.0,0.5830033114711934
clip_2.mp4,7,1,4:4:4,8,1,0,1,1.0,1.0,1.0,0.5825368119855967
clip_2.mp4,8,1,4:4:4,8,1,0,1,1.0,1.0,1.0,0.4782981288580247
clip_2.mp4,9,1,4:4:4,8,1,0,1,1.0,1.0,1.0,0.47780414094650203
clip_2.mp4,10,1,4:4:4,8,1,0,1,1.0,1.0,1.0,0.4777412872942387
clip_2.mp4,11,1,4:4:4,8,1,0,1,1.0,1.0,1.0,0.39062130272633744
clip_2.mp4,12,1,4:4:4,8,1,0,1,1.0,1.0,1.0,0.3910513117283951
clip_2.mp4,13,1,4:4:4,8,1,0,1,1.0,1.0,1.0,0.37270286779835393
clip_2.mp4,14,1,4:4:4,8,1,0,1,1.0,1.0,1.0,0.372827449845679
clip_2.mp4,15,1,4:4:4,8,1,0,1,1.0,1.0,1.0,0.3729033243312757
clip_2.mp4,16,1,4:4:4,8,1,0,1,1.0,1.0,1.0,0.37015046296296295
clip_2.mp4,17,1,4:4:4,8,1,0,1,1.0,1.0,1.0,0.37011541923868313
clip_2.mp4,18,1,4:4:4,8,1,0,1,1.0,1.0,1.0,0.3723857060185185
clip_2.mp4,19,1,4:4:4,8,1,0,1,1.0,1.0,1.0,0.3721947337962963
clip_2.mp4,0,1,4:4:4,8,2,0,1,1.0,1.0,1.0,0.6666666666666666
clip_2.mp4,1,0,4:4:4,8,2,0,1,1036800.0,60988.23529411765,1036800.0,0.6668627829218107
clip_2.mp4,2,1,4:4:4,8,2,0,1,1.0,1.0,1.0,0.6666628086419754
clip_2.mp4,3,0,4:4:4,8,2,0,1,142.82959085273453,275.67136399893644,128.33271444485703,2.6402023855452676
clip_2.mp4,4,1,4:4:4,8,2,0,1,1.0,1.0,1.0,0.6567642425411523
clip_2.mp4,5,0,4:4:4,8,2,0,1,5544.385026737968,19562.264150943396,35751.724137931036,0.6653866062242798
clip_2.mp4,6,1,4:4:4,8,2,0,1,1.0,1.0,1.0,0.5830033114711934
clip_2.mp4,7,0,4:4:4,8,2,0,1,83.13687755592976,428.6068623398098,380.4770642201835,1.2638487011316872
clip_2.mp4,8,1,4:4:4,8,2,0,1,1.0,1.0,1.0,0.4782981288580247
clip_2.mp4,9,0,4:4:4,8,2,0,1,236.33462502849326,713.5581555402615,696.3062458025521,0.7102588091563786
clip_2.mp4,10,1,4:4:4,8,2,0,1,1.0,1.0,1.0,0.4777412872942387
clip_2.mp4,11,0,4:4:4,8,2,0,1,4.281060190021595,9.092184649922828,4.516781096434671,60.14923402134774
clip_2.mp4,12,1,4:4:4,8,2,0,1,1.0,1.0,1.0,0.3910513117283951
clip_2.mp4,13,0,4:4:4,8,2,0,1,3.5436704058404938,7.480411538073044,4.559005883439306,64.81371833204733
clip_2.mp4,14,1,4:4:4,8,2,0,1,1.0,1.0,1.0,0.372827449845679
clip_2.mp4,15,0,4:4:4,8,2,0,1,76.20727673649394,177.74729984570547,146.08989713963646,1.344841338734568
clip_2.mp4,16,1,4:4:4,8,2,0,1,1.0,1.0,1.0,0.37015046296296295
clip_2.mp4,17,0,4:4:4,8,2,0,1,127.16791365141665,574.404432132964,362.3907724571828,0.8946789801954732
clip_2.mp4,18,1,4:4:4,8,2,0,1,1.0,1.0,1.0,0.3723857060185185
clip_2.mp4,19,0,4:4:4,8,2,0,1,37.37024221453287,163.2498819083609,150.58823529411765,1.5492124807098766
clip_2.mp4,0,1,4:4:4,8,4,0,1,1.0,1.0,1.0,0.6666666666666666
clip_2.mp4,1,0,4:4:4,8,4,0,1,1036800.0,60988.23529411765,1036800.0,0.6668627829218107
clip_2.mp4,2,0,4:4:4,8,4,0,1,28021.62162162162,60988.23529411765,1036800.0,0.6685955182613169
clip_2.mp4,3,0,4:4:4,8,4,0,1,142.5546542004675,274.7945931619401,128.33271444485703,2.6411564429012344
clip_2.mp4,4,1,4:4:4,8,4,0,1,1.0,1.0,1.0,0.6567642425411523
clip_2.mp4,5,0,4:4:4,8,4,0,1,5544.385026737968,19562.264150943396,35751.724137931036,0.6653866062242798
clip_2.mp4,6,0,4:4:4,8,4,0,1,20.628320168719284,68.9224223891511,21.41750500939908,18.468966049382715
clip_2.mp4,7,0,4:4:4,8,4,0,1,20.646394647231016,68.53969723011834,21.55195709564097,18.5116595936214
clip_2.mp4,8,1,4:4:4,8,4,0,1,1.0,1.0,1.0,0.4782981288580247
clip_2.mp4,9,0,4:4:4,8,4,0,1,236.33462502849326,713.5581555402615,696.3062458025521,0.7102588091563786
clip_2.mp4,10,0,4:4:4,8,4,0,1,47.26692500569865,183.407040509464,144.986715144735,1.7505349794238683
clip_2.mp4,11,0,4:4:4,8,4,0,1,4.277563010301963,9.08565119091435,4.511042656502898,60.16139724794239
clip_2.mp4,12,1,4:4:4,8,4,0,1,1.0,1.0,1.0,0.3910513117283951
clip_2.mp4,13,0,4:4:4,8,4,0,1,3.5436704058404938,7.480411538073044,4.559005883439306,64.81371833204733
clip_2.mp4,14,0,4:4:4,8,4,0,1,3.5432223228474276,7.47900856969732,4.557002083351647,64.82385914994856
clip_2.mp4,15,0,4:4:4,8,4,0,1,3.542665404683234,7.480087729423987,4.557723248432843,64.80201067386831
clip_2.mp4,16,1,4:4:4,8,4,0,1,1.0,1.0,1.0,0.37015046296296295
clip_2.mp4,17,0,4:4:4,8,4,0,1,127.16791365141665,574.404432132964,362.3907724571828,0.8946789801954732
clip_2.mp4,18,0,4:4:4,8,4,0,1,3.4474044715176824,6.977213690628407,5.460060667340748,65.11134982638889
clip_2.mp4,19,0,4:4:4,8,4,0,1,3.451685393258427,6.9698028987066065,5.461038482202113,65.0974430941358
clip_2.mp4,0,1,4:4:4,8,6,0,1,1.0,1.0,1.0,0.6666666666666666
clip_2.mp4,1,0,4:4:4,8,6,0,1,1036800.0,60988.23529411765,1036800.0,0.6668627829218107
clip_2.mp4,2,0,4:4:4,8,6,0,1,28021.62162162162,60988.23529411765,1036800.0,0.6685955182613169
clip_2.mp4,3,0,4:4:4,8,6,0,1,142.5546542004675,274.7945931619401,128.33271444485703,2.6411564429012344
clip_2.mp4,4,0,4:4:4,8,6,0,1,144.66303892842194,268.53146853146853,127.1367259350092,2.662318833590535
clip_2.mp4,5,0,4:4:4,8,6,0,1,143.1846430051098,265.23407521105145,127.19911667280088,2.664472254372428
clip_2.mp4,6,1,4:4:4,8,6,0,1,1.0,1.0,1.0,0.5830033114711934
clip_2.mp4,7,0,4:4:4,8,6,0,1,83.13687755592976,428.6068623398098,380.4770642201835,1.2638487011316872
clip_2.mp4,8,0,4:4:4,8,6,0,1,7.3597160603371785,19.076005961251862,7.6280726020644645,41.12012715406379
clip_2.mp4,9,0,4:4:4,8,6,0,1,7.358828038497572,19.068988983097608,7.638750745971753,41.12755787037037
clip_2.mp4,10,0,4:4:4,8,6,0,1,7.382249279077219,19.033981384589964,7.639763910073612,41.15736738040123
clip_2.mp4,11,0,4:4:4,8,6,0,1,5.087989635576668,11.170608199105748,5.724413231080119,59.78944508744856
clip_2.mp4,12,1,4:4:4,8,6,0,1,1.0,1.0,1.0,0.3910513117283951
clip_2.mp4,13,0,4:4:4,8,6,0,1,3.5436704058404938,7.480411538073044,4.559005883439306,64.81371833204733
clip_2.mp4,14,0,4:4:4,8,6,0,1,3.5432223228474276,7.47900856969732,4.557002083351647,64.82385914994856
clip_2.mp4,15,0,4:4:4,8,6,0,1,3.542665404683234,7.480087729423987,4.557723248432843,64.80201067386831
clip_2.mp4,16,0,4:4:4,8,6,0,1,3.4972323696380325,7.5746838402361245,4.651371454720011,66.32522890946503
clip_2.mp4,17,0,4:4:4,8,6,0,1,3.495805572788822,7.578005657191723,4.651830581478823,66.32006847993827
clip_2.mp4,18,1,4:4:4,8,6,0,1,1.0,1.0,1.0,0.3723857060185185
clip_2.mp4,19,0,4:4:4,8,6,0,1,37.37024221453287,163.2498819083609,150.58823529411765,1.5492124807098766
clip_2.mp4,0,1,4:4:4,8,8,0,1,1.0,1.0,1.0,0.6666666666666666
clip_2.mp4,1,0,4:4:4,8,8,0,1,1036800.0,60988.23529411765,1036800.0,0.6668627829218107
clip_2.mp4,2,0,4:4:4,8,8,0,1,28021.62162162162,60988.23529411765,1036800.0,0.6685955182613169
clip_2.mp4,3,0,4:4:4,8,8,0,1,142.5546542004675,274.7945931619401,128.33271444485703,2.6411564429012344
clip_2.mp4,4,0,4:4:4,8,8,0,1,144.66303892842194,268.53146853146853,127.1367259350092,2.662318833590535
clip_2.mp4,5,0,4:4:4,8,8,0,1,143.1846430051098,265.23407521105145,127.19911667280088,2.664472254372428
clip_2.mp4,6,0,4:4:4,8,8,0,1,22.752309684215145,74.31725324349509,24.606621573513706,18.721078317901235
clip_2.mp4,7,0,4:4:4,8,8,0,1,22.776301047868017,73.95677295099507,24.774785538483595,18.767184606481482
clip_2.mp4,8,1,4:4:4,8,8,0,1,1.0,1.0,1.0,0.4782981288580247
clip_2.mp4,9,0,4:4:4,8,8,0,1,236.33462502849326,713.5581555402615,696.3062458025521,0.7102588091563786
clip_2.mp4,10,0,4:4:4,8,8,0,1,47.26692500569865,183.407040509464,144.986715144735,1.7505349794238683
clip_2.mp4,11,0,4:4:4,8,8,0,1,4.277563010301963,9.08565119091435,4.511042656502898,60.16139724794239
clip_2.mp4,12,0,4:4:4,8,8,0,1,4.274723553034113,9.083263246425568,4.5119456895426255,60.168549061213994
clip_2.mp4,13,0,4:4:4,8,8,0,1,4.108530510832049,8.717293334230174,4.8980286001785736,63.139993730709875
clip_2.mp4,14,0,4:4:4,8,8,0,1,4.109572751883753,8.72800740803098,4.901594625643547,63.13898951903292
clip_2.mp4,15,0,4:4:4,8,8,0,1,4.107911930298624,8.723160799623074,4.899324736202929,63.12284432870371
clip_2.mp4,16,1,4:4:4,8,8,0,1,1.0,1.0,1.0,0.37015046296296295
clip_2.mp4,17,0,4:4:4,8,8,0,1,127.16791365141665,574.404432132964,362.3907724571828,0.8946789801954732
clip_2.mp4,18,0,4:4:4,8,8,0,1,3.4474044715176824,6.977213690628407,5.460060667340748,65.11134982638889
clip_2.mp4,19,0,4:4:4,8,8,0,1,3.451685393258427,6.9698028987066065,5.461038482202113,65.0974430941358
clip_2.mp4,0,1,4:4:4,8,10,0,1,1.0,1.0,1.0,0.6666666666666666
clip_2.mp4,1,0,4:4:4,8,10,0,1,1036800.0,60988.23529411765,1036800.0,0.6668627829218107
clip_2.mp4,2,0,4:4:4,8,10,0,1,28021.62162162162,60988.23529411765,1036800.0,0.6685955182613169
clip_2.mp4,3,0,4:4:4,8,10,0,1,142.5546542004675,274.7945931619401,128.33271444485703,2.6411564429012344
clip_2.mp4,4,0,4:4:4,8,10,0,1,144.66303892842194,268.53146853146853,127.1367259350092,2.662318833590535
clip_2.mp4,5,0,4:4:4,8,10,0,1,143.1846430051098,265.23407521105145,127.19911667280088,2.664472254372428
clip_2.mp4,6,0,4:4:4,8,10,0,1,22.752309684215145,74.31725324349509,24.606621573513706,18.721078317901235
clip_2.mp4,7,0,4:4:4,8,10,0,1,22.776301047868017,73.95677295099507,24.774785538483595,18.767184606481482
clip_2.mp4,8,0,4:4:4,8,10,0,1,9.351071025930102,20.875868317728784,10.222533350423474,42.09855372299383
clip_2.mp4,9,0,4:4:4,8,10,0,1,9.34955317287836,20.87670901878662,10.2384831876759,42.10779192386831
clip_2.mp4,10,1,4:4:4,8,10,0,1,1.0,1.0,1.0,0.4777412872942387
clip_2.mp4,11,0,4:4:4,8,10,0,1,4.281060190021595,9.092184649922828,4.516781096434671,60.14923402134774
clip_2.mp4,12,0,4:4:4,8,10,0,1,4.278286704629859,9.09011204825615,4.517489586419646,60.15396556712963
clip_2.mp4,13,0,4:4:4,8,10,0,1,4.1123600853568565,8.727419653529521,4.901733666797468,63.178731835133746
clip_2.mp4,14,0,4:4:4,8,10,0,1,4.113012638945088,8.73845323983548,4.9051658474043025,63.17848154578189
clip_2.mp4,15,0,4:4:4,8,10,0,1,4.111577294321994,8.733595026702831,4.9028462800694195,63.162812178497944
clip_2.mp4,16,0,4:4:4,8,10,0,1,3.970861961991865,8.756904677443876,5.094740152527715,65.57407857510287
clip_2.mp4,17,0,4:4:4,8,10,0,1,3.9686883959501618,8.759420093947485,5.094289560833718,65.5793727494856
clip_2.mp4,18,0,4:4:4,8,10,0,1,3.944379981358544,8.429199762603556,5.370518093383199,66.1292455954218
clip_2.mp4,19,0,4:4:4,8,10,0,1,3.9517767368112118,8.424268523559189,5.374081253952292,66.15657889660494
clip_2.mp4,0,1,4:4:4,16,1,0,1,1.0,1.0,1.0,0.6666666666666666
clip_2.mp4,1,1,4:4:4,16,1,0,1,1.0,1.0,1.0,0.6666628086419754
clip_2.mp4,2,1,4:4:4,16,1,0,1,1.0,1.0,1.0,0.6666628086419754
clip_2.mp4,3,1,4:4:4,16,1,0,1,1.0,1.0,1.0,0.6572225437242798
clip_2.mp4,4,1,4:4:4,16,1,0,1,1.0,1.0,1.0,0.6567642425411523
clip_2.mp4,5,1,4:4:4,16,1,0,1,1.0,1.0,1.0,0.6567462384259259
clip_2.mp4,6,1,4:4:4,16,1,0,1,1.0,1.0,1.0,0.5830033114711934
clip_2.mp4,7,1,4:4:4,16,1,0,1,1.0,1.0,1.0,0.5825368119855967
clip_2.mp4,8,1,4:4:4,16,1,0,1,1.0,1.0,1.0,0.4782981288580247
clip_2.mp4,9,1,4:4:4,16,1,0,1,1.0,1.0,1.0,0.47780414094650203
clip_2.mp4,10,1,4:4:4,16,1,0,1,1.0,1.0,1.0,0.4777412872942387
clip_2.mp4,11,1,4:4:4,16,1,0,1,1.0,1.0,1.0,0.39062130272633744
clip_2.mp4,12,1,4:4:4,16,1,0,1,1.0,1.0,1.0,0.3910513117283951
clip_2.mp4,13,1,4:4:4,16,1,0,1,1.0,1.0,1.0,0.37270286779835393
clip_2.mp4,14,1,4:4:4,16,1,0,1,1.0,1.0,1.0,0.372827449845679
clip_2.mp4,15,1,4:4:4,16,1,0,1,1.0,1.0,1.0,0.3729033243312757
clip_2.mp4,16,1,4:4:4,16,1,0,1,1.0,1.0,1.0,0.37015046296296295
clip_2.mp4,17,1,4:4:4,16,1,0,1,1.0,1.0,1.0,0.37011541923868313
clip_2.mp4,18,1,4:4:4,16,1,0,1,1.0,1.0,1.0,0.3723857060185185
clip_2.mp4,19,1,4:4:4,16,1,0,1,1.0,1.0,1.0,0.3721947337962963
clip_2.mp4,0,1,4:4:4,16,2,0,1,1.0,1.0,1.0,0.6666666666666666
clip_2.mp4,1,0,4:4:4,16,2,0,1,1036800.0,60988.23529411765,1036800.0,0.6669039351851852
clip_2.mp4,2,1,4:4:4,16,2,0,1,1.0,1.0,1.0,0.6666628086419754
clip_2.mp4,3,0,4:4:4,16,2,0,1,234.09347482501693,295.46879452835566,234.72945438080146,8.437416730967078
clip_2.mp4,4,1,4:4:4,16,2,0,1,1.0,1.0,1.0,0.6567642425411523
clip_2.mp4,5,0,4:4:4,16,2,0,1,5544.385026737968,19562.264150943396,35751.724137931036,0.6834776877572016
clip_2.mp4,6,1,4:4:4,16,2,0,1,1.0,1.0,1.0,0.5830033114711934
clip_2.mp4,7,0,4:4:4,16,2,0,1,83.13687755592976,428.6068623398098,387.8787878787879,3.1565454603909466
clip_2.mp4,8,1,4:4:4,16,2,0,1,1.0,1.0,1.0,0.4782981288580247
clip_2.mp4,9,0,4:4:4,16,2,0,1,236.33462502849326,713.5581555402615,698.1818181818181,1.2744728973765431
clip_2.mp4,10,1,4:4:4,16,2,0,1,1.0,1.0,1.0,0.4777412872942387
clip_2.mp4,11,0,4:4:4,16,2,0,1,8.144092626485582,14.841323236805566,8.508892153402982,253.8259530928498
clip_2.mp4,12,1,4:4:4,16,2,0,1,1.0,1.0,1.0,0.3910513117283951
clip_2.mp4,13,0,4:4:4,16,2,0,1,6.830714497479988,12.343004083381945,8.395073724099401,269.41813978909465
clip_2.mp4,14,1,4:4:4,16,2,0,1,1.0,1.0,1.0,0.372827449845679
clip_2.mp4,15,0,4:4:4,16,2,0,1,76.20727673649394,177.74729984570547,146.08989713963646,4.624340920781893
clip_2.mp4,16,1,4:4:4,16,2,0,1,1.0,1.0,1.0,0.37015046296296295
clip_2.mp4,17,0,4:4:4,16,2,0,1,127.48063445223166,575.6801776790671,362.3907724571828,2.710910815329218
clip_2.mp4,18,1,4:4:4,16,2,0,1,1.0,1.0,1.0,0.3723857060185185
clip_2.mp4,19,0,4:4:4,16,2,0,1,37.37024221453287,163.2498819083609,150.85115670013096,5.512256301440329
clip_2.mp4,0,1,4:4:4,16,4,0,1,1.0,1.0,1.0,0.6666666666666666
clip_2.mp4,1,0,4:4:4,16,4,0,1,1036800.0,60988.23529411765,1036800.0,0.6669039351851852
clip_2.mp4,2,0,4:4:4,16,4,0,1,28021.62162162162,60988.23529411765,1036800.0,0.6725085198045267
clip_2.mp4,3,0,4:4:4,16,4,0,1,233.35584064821066,294.4618006248225,234.72945438080146,8.440529031635803
clip_2.mp4,4,1,4:4:4,16,4,0,1,1.0,1.0,1.0,0.6567642425411523
clip_2.mp4,5,0,4:4:4,16,4,0,1,5544.385026737968,19562.264150943396,35751.724137931036,0.6834776877572016
clip_2.mp4,6,0,4:4:4,16,4,0,1,37.607457651710256,96.7073966980692,41.014280628189404,71.91358635545268
clip_2.mp4,7,0,4:4:4,16,4,0,1,37.64022508622254,95.95557612216567,41.5634395670475,72.10196968235597
clip_2.mp4,8,1,4:4:4,16,4,0,1,1.0,1.0,1.0,0.4782981288580247
clip_2.mp4,9,0,4:4:4,16,4,0,1,236.33462502849326,713.5581555402615,698.1818181818181,1.2744728973765431
clip_2.mp4,10,0,4:4:4,16,4,0,1,47.27123512515388,183.407040509464,145.4341422359377,5.489423386059671
clip_2.mp4,11,0,4:4:4,16,4,0,1,8.141342756183745,14.842598027285872,8.499266315263101,253.8052136381173
clip_2.mp4,12,1,4:4:4,16,4,0,1,1.0,1.0,1.0,0.3910513117283951
clip_2.mp4,13,0,4:4:4,16,4,0,1,6.830714497479988,12.343004083381945,8.395073724099401,269.41813978909465
clip_2.mp4,14,0,4:4:4,16,4,0,1,6.83111954459203,12.351532624105026,8.393986252904458,269.4313134966564
clip_2.mp4,15,0,4:4:4,16,4,0,1,6.828510083380534,12.345649611221585,8.39140463761078,269.41133391203704
clip_2.mp4,16,1,4:4:4,16,4,0,1,1.0,1.0,1.0,0.37015046296296295
clip_2.mp4,17,0,4:4:4,16,4,0,1,127.48063445223166,575.6801776790671,362.3907724571828,2.710910815329218
clip_2.mp4,18,0,4:4:4,16,4,0,1,6.637941521066885,11.483507963582394,9.977769437306927,271.3860757458848
clip_2.mp4,19,0,4:4:4,16,4,0,1,6.640832666132907,11.477914314181335,9.978921837553779,271.39993216306584
clip_2.mp4,0,1,4:4:4,16,6,0,1,1.0,1.0,1.0,0.6666666666666666
clip_2.mp4,1,0,4:4:4,16,6,0,1,1036800.0,60988.23529411765,1036800.0,0.6669039351851852
clip_2.mp4,2,0,4:4:4,16,6,0,1,28021.62162162162,60988.23529411765,1036800.0,0.6725085198045267
clip_2.mp4,3,0,4:4:4,16,6,0,1,233.35584064821066,294.4618006248225,234.72945438080146,8.440529031635803
clip_2.mp4,4,0,4:4:4,16,6,0,1,239.05925755130275,287.28179551122196,230.75895837970177,8.547238136574075
clip_2.mp4,5,0,4:4:4,16,6,0,1,235.1553640281243,283.51107465135357,230.96458008465137,8.551915187757201
clip_2.mp4,6,1,4:4:4,16,6,0,1,1.0,1.0,1.0,0.5830033114711934
clip_2.mp4,7,0,4:4:4,16,6,0,1,83.13687755592976,428.6068623398098,387.8787878787879,3.1565454603909466
clip_2.mp4,8,0,4:4:4,16,6,0,1,14.135740190330761,32.2337944971242,14.62650772377795,168.03759114583335
clip_2.mp4,9,0,4:4:4,16,6,0,1,14.128420364112069,32.20575901593514,14.668722853383512,168.09823897247944
clip_2.mp4,10,0,4:4:4,16,6,0,1,14.17439094413912,32.12194441862626,14.657939010080161,168.1952438593107
clip_2.mp4,11,0,4:4:4,16,6,0,1,9.3870529651426,17.24866492538555,10.949529512403764,259.04960921424896
clip_2.mp4,12,1,4:4:4,16,6,0,1,1.0,1.0,1.0,0.3910513117283951
clip_2.mp4,13,0,4:4:4,16,6,0,1,6.830714497479988,12.343004083381945,8.395073724099401,269.41813978909465
clip_2.mp4,14,0,4:4:4,16,6,0,1,6.83111954459203,12.351532624105026,8.393986252904458,269.4313134966564
clip_2.mp4,15,0,4:4:4,16,6,0,1,6.828510083380534,12.345649611221585,8.39140463761078,269.41133391203704
clip_2.mp4,16,0,4:4:4,16,6,0,1,6.932844753224695,13.689116571383304,8.954063787340985,283.1949284657922
clip_2.mp4,17,0,4:4:4,16,6,0,1,6.928443505920718,13.69852154266915,8.957777144190146,283.1753107317387
clip_2.mp4,18,1,4:4:4,16,6,0,1,1.0,1.0,1.0,0.3723857060185185
clip_2.mp4,19,0,4:4:4,16,6,0,1,37.37024221453287,163.2498819083609,150.85115670013096,5.512256301440329
clip_2.mp4,0,1,4:4:4,16,8,0,1,1.0,1.0,1.0,0.6666666666666666
clip_2.mp4,1,0,4:4:4,16,8,0,1,1036800.0,60988.23529411765,1036800.0,0.6669039351851852
clip_2.mp4,2,0,4:4:4,16,8,0,1,28021.62162162162,60988.23529411765,1036800.0,0.6725085198045267
clip_2.mp4,3,0,4:4:4,16,8,0,1,233.35584064821066,294.4618006248225,234.72945438080146,8.440529031635803
clip_2.mp4,4,0,4:4:4,16,8,0,1,239.05925755130275,287.28179551122196,230.75895837970177,8.547238136574075
clip_2.mp4,5,0,4:4:4,16,8,0,1,235.1553640281243,283.51107465135357,230.96458008465137,8.551915187757201
clip_2.mp4,6,0,4:4:4,16,8,0,1,41.12490579508945,100.88547241412864,47.36625702407602,72.55757941100823
clip_2.mp4,7,0,4:4:4,16,8,0,1,41.1837140019861,100.22232962783954,48.10020876826722,72.74704973636831
clip_2.mp4,8,1,4:4:4,16,8,0,1,1.0,1.0,1.0,0.4782981288580247
clip_2.mp4,9,0,4:4:4,16,8,0,1,236.33462502849326,713.5581555402615,698.1818181818181,1.2744728973765431
clip_2.mp4,10,0,4:4:4,16,8,0,1,47.27123512515388,183.407040509464,145.4341422359377,5.489423386059671
clip_2.mp4,11,0,4:4:4,16,8,0,1,8.141342756183745,14.842598027285872,8.499266315263101,253.8052136381173
clip_2.mp4,12,0,4:4:4,16,8,0,1,8.13291288181861,14.835377108761286,8.500241856804374,253.76978105709875
clip_2.mp4,13,0,4:4:4,16,8,0,1,7.898586055582642,14.300886908784948,9.297153822701269,268.7461127186214
clip_2.mp4,14,0,4:4:4,16,8,0,1,7.898766579562856,14.32538860103627,9.306500547546811,268.7481428433642
clip_2.mp4,15,0,4:4:4,16,8,0,1,7.896119721259662,14.315103483507531,9.301657934400344,268.7041607188786
clip_2.mp4,16,1,4:4:4,16,8,0,1,1.0,1.0,1.0,0.37015046296296295
clip_2.mp4,17,0,4:4:4,16,8,0,1,127.48063445223166,575.6801776790671,362.3907724571828,2.710910815329218
clip_2.mp4,18,0,4:4:4,16,8,0,1,6.637941521066885,11.483507963582394,9.977769437306927,271.3860757458848
clip_2.mp4,19,0,4:4:4,16,8,0,1,6.640832666132907,11.477914314181335,9.978921837553779,271.39993216306584
clip_2.mp4,0,1,4:4:4,16,10,0,1,1.0,1.0,1.0,0.6666666666666666
clip_2.mp4,1,0,4:4:4,16,10,0,1,1036800.0,60988.23529411765,1036800.0,0.6669039351851852
clip_2.mp4,2,0,4:4:4,16,10,0,1,28021.62162162162,60988.23529411765,1036800.0,0.6725085198045267
clip_2.mp4,3,0,4:4:4,16,10,0,1,233.35584064821066,294.4618006248225,234.72945438080146,8.440529031635803
clip_2.mp4,4,0,4:4:4,16,10,0,1,239.05925755130275,287.28179551122196,230.75895837970177,8.547238136574075
clip_2.mp4,5,0,4:4:4,16,10,0,1,235.1553640281243,283.51107465135357,230.96458008465137,8.551915187757201
clip_2.mp4,6,0,4:4:4,16,10,0,1,41.12490579508945,100.88547241412864,47.36625702407602,72.55757941100823
clip_2.mp4,7,0,4:4:4,16,10,0,1,41.1837140019861,100.22232962783954,48.10020876826722,72.74704973636831
clip_2.mp4,8,0,4:4:4,16,10,0,1,17.82331402245105,33.394530872548074,19.44012150075938,165.97865467463993
clip_2.mp4,9,0,4:4:4,16,10,0,1,17.809230980641395,33.392379786788624,19.50008463578401,166.04451453189301
clip_2.mp4,10,1,4:4:4,16,10,0,1,1.0,1.0,1.0,0.4777412872942387
clip_2.mp4,11,0,4:4:4,16,10,0,1,8.144092626485582,14.841323236805566,8.508892153402982,253.8259530928498
clip_2.mp4,12,0,4:4:4,16,10,0,1,8.135784740695403,14.834952567642977,8.509869906020437,253.78614969135802
clip_2.mp4,13,0,4:4:4,16,10,0,1,7.909914858555342,14.316684847899031,9.304663100836414,268.8374591692387
clip_2.mp4,14,0,4:4:4,16,10,0,1,7.90925110804275,14.341240749706065,9.313355610649994,268.8403007651749
clip_2.mp4,15,0,4:4:4,16,10,0,1,7.907200219644451,14.331725253307162,9.307837328305952,268.7989612268519
clip_2.mp4,16,0,4:4:4,16,10,0,1,7.785888077858881,15.240111125810293,9.763631227045861,273.3768844843107
clip_2.mp4,17,0,4:4:4,16,10,0,1,7.783374747573326,15.244592786461014,9.7643668418376,273.37315923996914
clip_2.mp4,18,0,4:4:4,16,10,0,1,7.6843829443460345,14.669345482328305,10.261587339291546,278.66733346193416
clip_2.mp4,19,0,4:4:4,16,10,0,1,7.705055699645514,14.660218885212522,10.269922242583329,278.7413077096193
clip_2.mp4,0,1,4:4:4,32,1,0,1,1.0,1.0,1.0,0.6666666666666666
clip_2.mp4,1,1,4:4:4,32,1,0,1,1.0,1.0,1.0,0.6666628086419754
clip_2.mp4,2,1,4:4:4,32,1,0,1,1.0,1.0,1.0,0.6666628086419754
clip_2.mp4,3,1,4:4:4,32,1,0,1,1.0,1.0,1.0,0.6572225437242798
clip_2.mp4,4,1,4:4:4,32,1,0,1,1.0,1.0,1.0,0.6567642425411523
clip_2.mp4,5,1,4:4:4,32,1,0,1,1.0,1.0,1.0,0.6567462384259259
clip_2.mp4,6,1,4:4:4,32,1,0,1,1.0,1.0,1.0,0.5830033114711934
clip_2.mp4,7,1,4:4:4,32,1,0,1,1.0,1.0,1.0,0.5825368119855967
clip_2.mp4,8,1,4:4:4,32,1,0,1,1.0,1.0,1.0,0.4782981288580247
clip_2.mp4,9,1,4:4:4,32,1,0,1,1.0,1.0,1.0,0.47780414094650203
clip_2.mp4,10,1,4:4:4,32,1,0,1,1.0,1.0,1.0,0.4777412872942387
clip_2.mp4,11,1,4:4:4,32,1,0,1,1.0,1.0,1.0,0.39062130272633744
clip_2.mp4,12,1,4:4:4,32,1,0,1,1.0,1.0,1.0,0.3910513117283951
clip_2.mp4,13,1,4:4:4,32,1,0,1,1.0,1.0,1.0,0.37270286779835393
clip_2.mp4,14,1,4:4:4,32,1,0,1,1.0,1.0,1.0,0.372827449845679
clip_2.mp4,15,1,4:4:4,32,1,0,1,1.0,1.0,1.0,0.3729033243312757
clip_2.mp4,16,1,4:4:4,32,1,0,1,1.0,1.0,1.0,0.37015046296296295
clip_2.mp4,17,1,4:4:4,32,1,0,1,1.0,1.0,1.0,0.37011541923868313
clip_2.mp4,18,1,4:4:4,32,1,0,1,1.0,1.0,1.0,0.3723857060185185
clip_2.mp4,19,1,4:4:4,32,1,0,1,1.0,1.0,1.0,0.3721947337962963
clip_2.mp4,0,1,4:4:4,32,2,0,1,1.0,1.0,1.0,0.6666666666666666
clip_2.mp4,1,0,4:4:4,32,2,0,1,1036800.0,60988.23529411765,1036800.0,0.6671508487654321
clip_2.mp4,2,1,4:4:4,32,2,0,1,1.0,1.0,1.0,0.6666628086419754
clip_2.mp4,3,0,4:4:4,32,2,0,1,338.4916748285994,295.46879452835566,370.6828745084019,27.27326742541152
clip_2.mp4,4,1,4:4:4,32,2,0,1,1.0,1.0,1.0,0.6567642425411523
clip_2.mp4,5,0,4:4:4,32,2,0,1,5544.385026737968,19562.264150943396,35751.724137931036,0.7377901556069959
clip_2.mp4,6,1,4:4:4,32,2,0,1,1.0,1.0,1.0,0.5830033114711934
clip_2.mp4,7,0,4:4:4,32,2,0,1,83.13687755592976,428.6068623398098,387.8787878787879,10.14426311728395
clip_2.mp4,8,1,4:4:4,32,2,0,1,1.0,1.0,1.0,0.4782981288580247
clip_2.mp4,9,0,4:4:4,32,2,0,1,236.33462502849326,713.5581555402615,698.1818181818181,3.264865451388889
clip_2.mp4,10,1,4:4:4,32,2,0,1,1.0,1.0,1.0,0.4777412872942387
clip_2.mp4,11,0,4:4:4,32,2,0,1,14.849187935034802,19.70166270783848,15.453637596697023,995.468828285751
clip_2.mp4,12,1,4:4:4,32,2,0,1,1.0,1.0,1.0,0.3910513117283951
clip_2.mp4,13,0,4:4:4,32,2,0,1,12.328473923279983,16.608730476571886,15.105995483353974,1043.4219957240227
clip_2.mp4,14,1,4:4:4,32,2,0,1,1.0,1.0,1.0,0.372827449845679
clip_2.mp4,15,0,4:4:4,32,2,0,1,76.20727673649394,177.74729984570547,146.08989713963646,17.630138245884773
clip_2.mp4,16,1,4:4:4,32,2,0,1,1.0,1.0,1.0,0.37015046296296295
clip_2.mp4,17,0,4:4:4,32,2,0,1,127.48063445223166,575.6801776790671,362.3907724571828,10.146419110082304
clip_2.mp4,18,1,4:4:4,32,2,0,1,1.0,1.0,1.0,0.3723857060185185
clip_2.mp4,19,0,4:4:4,32,2,0,1,37.37024221453287,163.2498819083609,150.85115670013096,21.505031828703704
clip_2.mp4,0,1,4:4:4,32,4,0,1,1.0,1.0,1.0,0.6666666666666666
clip_2.mp4,1,0,4:4:4,32,4,0,1,1036800.0,60988.23529411765,1036800.0,0.6671508487654321
clip_2.mp4,2,0,4:4:4,32,4,0,1,28021.62162162162,60988.23529411765,1036800.0,0.6819085969650206
clip_2.mp4,3,0,4:4:4,32,4,0,1,336.95157621059474,294.4618006248225,370.6828745084019,27.281230549125514
clip_2.mp4,4,1,4:4:4,32,4,0,1,1.0,1.0,1.0,0.6567642425411523
clip_2.mp4,5,0,4:4:4,32,4,0,1,5544.385026737968,19562.264150943396,35751.724137931036,0.7377901556069959
clip_2.mp4,6,0,4:4:4,32,4,0,1,72.17542638357118,108.2593714106714,71.97500867754252,266.9289329346708
clip_2.mp4,7,0,4:4:4,32,4,0,1,72.18547657174685,107.31808301418073,73.67299083351098,267.41582867155347
clip_2.mp4,8,1,4:4:4,32,4,0,1,1.0,1.0,1.0,0.4782981288580247
clip_2.mp4,9,0,4:4:4,32,4,0,1,236.33462502849326,713.5581555402615,698.1818181818181,3.264865451388889
clip_2.mp4,10,0,4:4:4,32,4,0,1,47.27123512515388,183.407040509464,145.4341422359377,19.273313078703705
clip_2.mp4,11,0,4:4:4,32,4,0,1,14.849187935034802,19.711401357440256,15.437990440596197,995.3767150527264
clip_2.mp4,12,1,4:4:4,32,4,0,1,1.0,1.0,1.0,0.3910513117283951
clip_2.mp4,13,0,4:4:4,32,4,0,1,12.328473923279983,16.608730476571886,15.105995483353974,1043.4219957240227
clip_2.mp4,14,0,4:4:4,32,4,0,1,12.327740984269289,16.611391492429703,15.099395616398457,1043.431824524177
clip_2.mp4,15,0,4:4:4,32,4,0,1,12.327154695804154,16.60181582360571,15.094119873633332,1043.4134672389403
clip_2.mp4,16,1,4:4:4,32,4,0,1,1.0,1.0,1.0,0.37015046296296295
clip_2.mp4,17,0,4:4:4,32,4,0,1,127.48063445223166,575.6801776790671,362.3907724571828,10.146419110082304
clip_2.mp4,18,0,4:4:4,32,4,0,1,11.662542182227222,15.78658870820391,16.05748977821831,1105.1366419110082
clip_2.mp4,19,0,4:4:4,32,4,0,1,11.662410996501727,15.78658870820391,16.056743739449598,1105.160797968107
clip_2.mp4,0,1,4:4:4,32,6,0,1,1.0,1.0,1.0,0.6666666666666666
clip_2.mp4,1,0,4:4:4,32,6,0,1,1036800.0,60988.23529411765,1036800.0,0.6671508487654321
clip_2.mp4,2,0,4:4:4,32,6,0,1,28021.62162162162,60988.23529411765,1036800.0,0.6819085969650206
clip_2.mp4,3,0,4:4:4,32,6,0,1,336.95157621059474,294.4618006248225,370.6828745084019,27.281230549125514
clip_2.mp4,4,0,4:4:4,32,6,0,1,348.5042016806723,287.28179551122196,360.8771319178559,27.607879533179013
clip_2.mp4,5,0,4:4:4,32,6,0,1,340.4926108374384,283.51107465135357,361.3802718717323,27.62271444187243
clip_2.mp4,6,1,4:4:4,32,6,0,1,1.0,1.0,1.0,0.5830033114711934
clip_2.mp4,7,0,4:4:4,32,6,0,1,83.13687755592976,428.6068623398098,387.8787878787879,10.14426311728395
clip_2.mp4,8,0,4:4:4,32,6,0,1,26.464507236388698,40.65085277396589,25.905104564875195,661.0409728652263
clip_2.mp4,9,0,4:4:4,32,6,0,1,26.441559766392086,40.60627423334508,26.022136887282585,661.1406237139918
clip_2.mp4,10,0,4:4:4,32,6,0,1,26.553976181329237,40.45417300714035,25.95309018999224,661.3141718106996
clip_2.mp4,11,0,4:4:4,32,6,0,1,18.311550688802544,22.968033495048847,18.41988380976069,1009.3980049189814
clip_2.mp4,12,1,4:4:4,32,6,0,1,1.0,1.0,1.0,0.3910513117283951
clip_2.mp4,13,0,4:4:4,32,6,0,1,12.328473923279983,16.608730476571886,15.105995483353974,1043.4219957240227
clip_2.mp4,14,0,4:4:4,32,6,0,1,12.327740984269289,16.611391492429703,15.099395616398457,1043.431824524177
clip_2.mp4,15,0,4:4:4,32,6,0,1,12.327154695804154,16.60181582360571,15.094119873633332,1043.4134672389403
clip_2.mp4,16,0,4:4:4,32,6,0,1,13.610050013783326,21.76825043565895,18.86085390478616,1057.7752583269032
clip_2.mp4,17,0,4:4:4,32,6,0,1,13.603978323907995,21.792042373415725,18.867718512856907,1057.6781598829732
clip_2.mp4,18,1,4:4:4,32,6,0,1,1.0,1.0,1.0,0.3723857060185185
clip_2.mp4,19,0,4:4:4,32,6,0,1,37.37024221453287,163.2498819083609,150.85115670013096,21.505031828703704
clip_2.mp4,0,1,4:4:4,32,8,0,1,1.0,1.0,1.0,0.6666666666666666
clip_2.mp4,1,0,4:4:4,32,8,0,1,1036800.0,60988.23529411765,1036800.0,0.6671508487654321
clip_2.mp4,2,0,4:4:4,32,8,0,1,28021.62162162162,60988.23529411765,1036800.0,0.6819085969650206
clip_2.mp4,3,0,4:4:4,32,8,0,1,336.95157621059474,294.4618006248225,370.6828745084019,27.281230549125514
clip_2.mp4,4,0,4:4:4,32,8,0,1,348.5042016806723,287.28179551122196,360.8771319178559,27.607879533179013
clip_2.mp4,5,0,4:4:4,32,8,0,1,340.4926108374384,283.51107465135357,361.3802718717323,27.62271444187243
clip_2.mp4,6,0,4:4:4,32,8,0,1,78.46817528191932,107.94377928162416,82.93736501079914,265.5212995113169
clip_2.mp4,7,0,4:4:4,32,8,0,1,78.52760736196319,107.18494779282538,85.17210219337879,266.0017677790638
clip_2.mp4,8,1,4:4:4,32,8,0,1,1.0,1.0,1.0,0.4782981288580247
clip_2.mp4,9,0,4:4:4,32,8,0,1,236.33462502849326,713.5581555402615,698.1818181818181,3.264865451388889
clip_2.mp4,10,0,4:4:4,32,8,0,1,47.27123512515388,183.407040509464,145.4341422359377,19.273313078703705
clip_2.mp4,11,0,4:4:4,32,8,0,1,14.849187935034802,19.711401357440256,15.437990440596197,995.3767150527264
clip_2.mp4,12,0,4:4:4,32,8,0,1,14.821168196243246,19.700165308100097,15.43890998436453,995.391914544753
clip_2.mp4,13,0,4:4:4,32,8,0,1,14.877100342942418,20.33060768280487,17.421403726916807,1028.426300154321
clip_2.mp4,14,0,4:4:4,32,8,0,1,14.876886873672731,20.364150609863884,17.445440931500396,1028.4806573109568
clip_2.mp4,15,0,4:4:4,32,8,0,1,14.874325720188224,20.340180095344593,17.43546624064576,1028.3385939107511
clip_2.mp4,16,1,4:4:4,32,8,0,1,1.0,1.0,1.0,0.37015046296296295
clip_2.mp4,17,0,4:4:4,32,8,0,1,127.48063445223166,575.6801776790671,362.3907724571828,10.146419110082304
clip_2.mp4,18,0,4:4:4,32,8,0,1,11.662542182227222,15.78658870820391,16.05748977821831,1105.1366419110082
clip_2.mp4,19,0,4:4:4,32,8,0,1,11.662410996501727,15.78658870820391,16.056743739449598,1105.160797968107
clip_2.mp4,0,1,4:4:4,32,10,0,1,1.0,1.0,1.0,0.6666666666666666
clip_2.mp4,1,0,4:4:4,32,10,0,1,1036800.0,60988.23529411765,1036800.0,0.6671508487654321
clip_2.mp4,2,0,4:4:4,32,10,0,1,28021.62162162162,60988.23529411765,1036800.0,0.6819085969650206
clip_2.mp4,3,0,4:4:4,32,10,0,1,336.95157621059474,294.4618006248225,370.6828745084019,27.281230549125514
clip_2.mp4,4,0,4:4:4,32,10,0,1,348.5042016806723,287.28179551122196,360.8771319178559,27.607879533179013
clip_2.mp4,5,0,4:4:4,32,10,0,1,340.4926108374384,283.51107465135357,361.3802718717323,27.62271444187243
clip_2.mp4,6,0,4:4:4,32,10,0,1,78.46817528191932,107.94377928162416,82.93736501079914,265.5212995113169
clip_2.mp4,7,0,4:4:4,32,10,0,1,78.52760736196319,107.18494779282538,85.17210219337879,266.0017677790638
clip_2.mp4,8,0,4:4:4,32,10,0,1,32.439535684115015,42.04550062857375,35.280906523292614,635.7919491062243
clip_2.mp4,9,0,4:4:4,32,10,0,1,32.407089050729844,42.011426719072894,35.464340687532065,635.9243926826132
clip_2.mp4,10,1,4:4:4,32,10,0,1,1.0,1.0,1.0,0.4777412872942387
clip_2.mp4,11,0,4:4:4,32,10,0,1,14.849187935034802,19.70166270783848,15.453637596697023,995.468828285751
clip_2.mp4,12,0,4:4:4,32,10,0,1,14.821168196243246,19.691933676473383,15.454559005470509,995.4818549061214
clip_2.mp4,13,0,4:4:4,32,10,0,1,14.899334645839021,20.354555627539902,17.44485386906264,1028.8665832368827
clip_2.mp4,14,0,4:4:4,32,10,0,1,14.899120538023798,20.388177688631938,17.467778620166794,1028.921840920782
clip_2.mp4,15,0,4:4:4,32,10,0,1,14.895695649675305,20.365750653126167,17.455427041769788,1028.780201742541
clip_2.mp4,16,0,4:4:4,32,10,0,1,15.67489114658926,24.161636876325417,18.620355237872882,1056.562282343107
clip_2.mp4,17,0,4:4:4,32,10,0,1,15.668258477906063,24.175157973278615,18.62838456977559,1056.4882108410493
clip_2.mp4,18,0,4:4:4,32,10,0,1,15.076779897626803,23.604945017416842,19.144693108796808,1099.6952366255143
clip_2.mp4,19,0,4:4:4,32,10,0,1,15.109737969628961,23.5920540651239,19.156720002956284,1100.002048771862
clip_2.mp4,0,1,4:2:2,1,1,0,1,1.0,1.0,1.0,0.6666666666666666
clip_2.mp4,1,1,4:2:2,1,1,0,1,1.0,1.0,1.0,0.6666628086419754
clip_2.mp4,2,1,4:2:2,1,1,0,1,1.0,1.0,1.0,0.6666628086419754
clip_2.mp4,3,1,4:2:2,1,1,0,1,1.0,1.0,1.0,0.6572231867283951
clip_2.mp4,4,1,4:2:2,1,1,0,1,1.0,1.0,1.0,0.6567648855452675
clip_2.mp4,5,1,4:2:2,1,1,0,1,1.0,1.0,1.0,0.6567468814300411
clip_2.mp4,6,1,4:2:2,1,1,0,1,1.0,1.0,1.0,0.5830033114711934
clip_2.mp4,7,1,4:2:2,1,1,0,1,1.0,1.0,1.0,0.5825366512345679
clip_2.mp4,8,1,4:2:2,1,1,0,1,1.0,1.0,1.0,0.47833574459876543
clip_2.mp4,9,1,4:2:2,1,1,0,1,1.0,1.0,1.0,0.4778419174382716
clip_2.mp4,10,1,4:2:2,1,1,0,1,1.0,1.0,1.0,0.47777970679012344
clip_2.mp4,11,1,4:2:2,1,1,0,1,1.0,1.0,1.0,0.39066325874485597
clip_2.mp4,12,1,4:2:2,1,1,0,1,1.0,1.0,1.0,0.39109230324074074
clip_2.mp4,13,1,4:2:2,1,1,0,1,1.0,1.0,1.0,0.3727756880144033
clip_2.mp4,14,1,4:2:2,1,1,0,1,1.0,1.0,1.0,0.3729031635802469
clip_2.mp4,15,1,4:2:2,1,1,0,1,1.0,1.0,1.0,0.3729735725308642
clip_2.mp4,16,1,4:2:2,1,1,0,1,1.0,1.0,1.0,0.37020769032921813
clip_2.mp4,17,1,4:2:2,1,1,0,1,1.0,1.0,1.0,0.37017200360082303
clip_2.mp4,18,1,4:2:2,1,1,0,1,1.0,1.0,1.0,0.3725176826131687
clip_2.mp4,19,1,4:2:2,1,1,0,1,1.0,1.0,1.0,0.37232799639917696
clip_2.mp4,0,1,4:2:2,1,2,0,1,1.0,1.0,1.0,0.6666666666666666
clip_2.mp4,1,0,4:2:2,1,2,0,1,31418.18181818182,24685.714285714286,30494.117647058825,0.6666628086419754
clip_2.mp4,2,1,4:2:2,1,2,0,1,1.0,1.0,1.0,0.6666628086419754
clip_2.mp4,3,0,4:2:2,1,2,0,1,27.53784860557769,46.501614639397204,20.714456964756653,0.6572231867283951
clip_2.mp4,4,1,4:2:2,1,2,0,1,1.0,1.0,1.0,0.6567648855452675
clip_2.mp4,5,0,4:2:2,1,2,0,1,2005.4158607350096,7101.369863013699,3031.5789473684213,0.6567468814300411
clip_2.mp4,6,1,4:2:2,1,2,0,1,1.0,1.0,1.0,0.5830033114711934
clip_2.mp4,7,0,4:2:2,1,2,0,1,49.91334488734835,108.3385579937304,53.033248081841435,0.5825366512345679
clip_2.mp4,8,1,4:2:2,1,2,0,1,1.0,1.0,1.0,0.47833574459876543
clip_2.mp4,9,0,4:2:2,1,2,0,1,72.34161317331845,124.49567723342939,59.02311283160651,0.4778419174382716
clip_2.mp4,10,1,4:2:2,1,2,0,1,1.0,1.0,1.0,0.47777970679012344
clip_2.mp4,11,0,4:2:2,1,2,0,1,0.9027568564418076,1.1328299990166406,0.8003940211307727,0.39066325874485597
clip_2.mp4,12,1,4:2:2,1,2,0,1,1.0,1.0,1.0,0.39109230324074074
clip_2.mp4,13,0,4:2:2,1,2,0,1,0.804040676641176,0.94557473214188,0.772663453197521,0.3727756880144033
clip_2.mp4,14,1,4:2:2,1,2,0,1,1.0,1.0,1.0,0.3729031635802469
clip_2.mp4,15,0,4:2:2,1,2,0,1,35.73077850914981,50.67944080555284,40.50316430971169,0.3729735725308642
clip_2.mp4,16,1,4:2:2,1,2,0,1,1.0,1.0,1.0,0.37020769032921813
clip_2.mp4,17,0,4:2:2,1,2,0,1,45.90657516050476,129.7622027534418,62.608695652173914,0.37017200360082303
clip_2.mp4,18,1,4:2:2,1,2,0,1,1.0,1.0,1.0,0.3725176826131687
clip_2.mp4,19,0,4:2:2,1,2,0,1,17.33402437597178,30.934479054779807,26.097462746677408,0.37232799639917696
clip_2.mp4,0,1,4:2:2,1,4,0,1,1.0,1.0,1.0,0.6666666666666666
clip_2.mp4,1,0,4:2:2,1,4,0,1,31418.18181818182,24685.714285714286,30494.117647058825,0.6666628086419754
clip_2.mp4,2,0,4:2:2,1,4,0,1,15474.626865671642,24685.714285714286,30494.117647058825,0.6666628086419754
clip_2.mp4,3,0,4:2:2,1,4,0,1,27.504974134500596,46.44328973302276,20.709491850431448,0.6572231867283951
clip_2.mp4,4,1,4:2:2,1,4,0,1,1.0,1.0,1.0,0.6567648855452675
clip_2.mp4,5,0,4:2:2,1,4,0,1,2005.4158607350096,7101.369863013699,3031.5789473684213,0.6567468814300411
clip_2.mp4,6,0,4:2:2,1,4,0,1,3.914373088685015,7.001337060897046,3.4006376195536663,0.5830033114711934
clip_2.mp4,7,0,4:2:2,1,4,0,1,3.9119804400977993,6.984922591859008,3.4016864070343513,0.5825366512345679
clip_2.mp4,8,1,4:2:2,1,4,0,1,1.0,1.0,1.0,0.47833574459876543
clip_2.mp4,9,0,4:2:2,1,4,0,1,72.34161317331845,124.49567723342939,59.02311283160651,0.4778419174382716
clip_2.mp4,10,0,4:2:2,1,4,0,1,23.19774466371325,44.2056792018419,24.825208313379946,0.47777970679012344
clip_2.mp4,11,0,4:2:2,1,4,0,1,0.9023726447403807,1.1318999718335077,0.8001494106152538,0.39066325874485597
clip_2.mp4,12,1,4:2:2,1,4,0,1,1.0,1.0,1.0,0.39109230324074074
clip_2.mp4,13,0,4:2:2,1,4,0,1,0.804040676641176,0.94557473214188,0.772663453197521,0.3727756880144033
clip_2.mp4,14,0,4:2:2,1,4,0,1,0.8038293537267818,0.9442158582364801,0.7718156277776206,0.3729031635802469
clip_2.mp4,15,0,4:2:2,1,4,0,1,0.803896042471267,0.94493700419972,0.7723664449688908,0.3729735725308642
clip_2.mp4,16,1,4:2:2,1,4,0,1,1.0,1.0,1.0,0.37020769032921813
clip_2.mp4,17,0,4:2:2,1,4,0,1,45.90657516050476,129.7622027534418,62.608695652173914,0.37017200360082303
clip_2.mp4,18,0,4:2:2,1,4,0,1,0.81062189898813,0.9073739889623835,0.8031929398348993,0.3725176826131687
clip_2.mp4,19,0,4:2:2,1,4,0,1,0.8105870423345657,0.9072215465117297,0.8030510984636071,0.37232799639917696
clip_2.mp4,0,1,4:2:2,1,6,0,1,1.0,1.0,1.0,0.6666666666666666
clip_2.mp4,1,0,4:2:2,1,6,0,1,31418.18181818182,24685.714285714286,30494.117647058825,0.6666628086419754
clip_2.mp4,2,0,4:2:2,1,6,0,1,15474.626865671642,24685.714285714286,30494.117647058825,0.6666628086419754
clip_2.mp4,3,0,4:2:2,1,6,0,1,27.504974134500596,46.44328973302276,20.709491850431448,0.6572231867283951
clip_2.mp4,4,0,4:2:2,1,6,0,1,27.192614351657575,45.11356713950048,20.461811722912966,0.6567648855452675
clip_2.mp4,5,0,4:2:2,1,6,0,1,27.154867604305807,44.925903457838636,20.42150876501871,0.6567468814300411
clip_2.mp4,6,1,4:2:2,1,6,0,1,1.0,1.0,1.0,0.5830033114711934
clip_2.mp4,7,0,4:2:2,1,6,0,1,49.91334488734835,108.3385579937304,53.033248081841435,0.5825366512345679
clip_2.mp4,8,0,4:2:2,1,6,0,1,1.4795491713211768,2.1064950263311877,1.2847297086310343,0.47833574459876543
clip_2.mp4,9,0,4:2:2,1,6,0,1,1.4784078027078476,2.1059559065482065,1.284484595600442,0.4778419174382716
clip_2.mp4,10,0,4:2:2,1,6,0,1,1.4795491713211768,2.1057506001632933,1.2843509370013972,0.47777970679012344
clip_2.mp4,11,0,4:2:2,1,6,0,1,1.0258175968085674,1.3254481441424857,0.9533863237614622,0.39066325874485597
clip_2.mp4,12,1,4:2:2,1,6,0,1,1.0,1.0,1.0,0.39109230324074074
clip_2.mp4,13,0,4:2:2,1,6,0,1,0.804040676641176,0.94557473214188,0.772663453197521,0.3727756880144033
clip_2.mp4,14,0,4:2:2,1,6,0,1,0.8038293537267818,0.9442158582364801,0.7718156277776206,0.3729031635802469
clip_2.mp4,15,0,4:2:2,1,6,0,1,0.803896042471267,0.94493700419972,0.7723664449688908,0.3729735725308642
clip_2.mp4,16,0,4:2:2,1,6,0,1,0.7917435080926908,0.9316569259634669,0.768398428814941,0.37020769032921813
clip_2.mp4,17,0,4:2:2,1,6,0,1,0.7916111210367907,0.9313757195524223,0.7682230692171357,0.37017200360082303
clip_2.mp4,18,1,4:2:2,1,6,0,1,1.0,1.0,1.0,0.3725176826131687
clip_2.mp4,19,0,4:2:2,1,6,0,1,17.33402437597178,30.934479054779807,26.097462746677408,0.37232799639917696
clip_2.mp4,0,1,4:2:2,1,8,0,1,1.0,1.0,1.0,0.6666666666666666
clip_2.mp4,1,0,4:2:2,1,8,0,1,31418.18181818182,24685.714285714286,30494.117647058825,0.6666628086419754
clip_2.mp4,2,0,4:2:2,1,8,0,1,15474.626865671642,24685.714285714286,30494.117647058825,0.6666628086419754
clip_2.mp4,3,0,4:2:2,1,8,0,1,27.504974134500596,46.44328973302276,20.709491850431448,0.6572231867283951
clip_2.mp4,4,0,4:2:2,1,8,0,1,27.192614351657575,45.11356713950048,20.461811722912966,0.6567648855452675
clip_2.mp4,5,0,4:2:2,1,8,0,1,27.154867604305807,44.925903457838636,20.42150876501871,0.6567468814300411
clip_2.mp4,6,0,4:2:2,1,8,0,1,4.212202712255527,7.643650196841686,3.783803510820773,0.5830033114711934
clip_2.mp4,7,0,4:2:2,1,8,0,1,4.20958606549057,7.623641524140061,3.784908553280035,0.5825366512345679
clip_2.mp4,8,1,4:2:2,1,8,0,1,1.0,1.0,1.0,0.47833574459876543
clip_2.mp4,9,0,4:2:2,1,8,0,1,72.34161317331845,124.49567723342939,59.02311283160651,0.4778419174382716
clip_2.mp4,10,0,4:2:2,1,8,0,1,23.19774466371325,44.2056792018419,24.825208313379946,0.47777970679012344
clip_2.mp4,11,0,4:2:2,1,8,0,1,0.9023726447403807,1.1318999718335077,0.8001494106152538,0.39066325874485597
clip_2.mp4,12,0,4:2:2,1,8,0,1,0.9021724186539463,1.1312330746015917,0.7997617993406285,0.39109230324074074
clip_2.mp4,13,0,4:2:2,1,8,0,1,0.8798878414572463,1.088661664367121,0.8086694859863381,0.3727756880144033
clip_2.mp4,14,0,4:2:2,1,8,0,1,0.8796608961545379,1.087079605933643,0.8080241284982815,0.3729031635802469
clip_2.mp4,15,0,4:2:2,1,8,0,1,0.8797071715479894,1.0878483727391577,0.8083441575148407,0.3729735725308642
clip_2.mp4,16,1,4:2:2,1,8,0,1,1.0,1.0,1.0,0.37020769032921813
clip_2.mp4,17,0,4:2:2,1,8,0,1,45.90657516050476,129.7622027534418,62.608695652173914,0.37017200360082303
clip_2.mp4,18,0,4:2:2,1,8,0,1,0.81062189898813,0.9073739889623835,0.8031929398348993,0.3725176826131687
clip_2.mp4,19,0,4:2:2,1,8,0,1,0.8105870423345657,0.9072215465117297,0.8030510984636071,0.37232799639917696
clip_2.mp4,0,1,4:2:2,1,10,0,1,1.0,1.0,1.0,0.6666666666666666
clip_2.mp4,1,0,4:2:2,1,10,0,1,31418.18181818182,24685.714285714286,30494.117647058825,0.6666628086419754
clip_2.mp4,2,0,4:2:2,1,10,0,1,15474.626865671642,24685.714285714286,30494.117647058825,0.6666628086419754
clip_2.mp4,3,0,4:2:2,1,10,0,1,27.504974134500596,46.44328973302276,20.709491850431448,0.6572231867283951
clip_2.mp4,4,0,4:2:2,1,10,0,1,27.192614351657575,45.11356713950048,20.461811722912966,0.6567648855452675
clip_2.mp4,5,0,4:2:2,1,10,0,1,27.154867604305807,44.925903457838636,20.42150876501871,0.6567468814300411
clip_2.mp4,6,0,4:2:2,1,10,0,1,4.212202712255527,7.643650196841686,3.783803510820773,0.5830033114711934
clip_2.mp4,7,0,4:2:2,1,10,0,1,4.20958606549057,7.623641524140061,3.784908553280035,0.5825366512345679
clip_2.mp4,8,0,4:2:2,1,10,0,1,1.7824846130041605,2.3285376119014143,1.5591587039493273,0.47833574459876543
clip_2.mp4,9,0,4:2:2,1,10,0,1,1.7809169798616216,2.327105572663692,1.5587883307373573,0.4778419174382716
clip_2.mp4,10,1,4:2:2,1,10,0,1,1.0,1.0,1.0,0.47777970679012344
clip_2.mp4,11,0,4:2:2,1,10,0,1,0.9027568564418076,1.1328299990166406,0.8003940211307727,0.39066325874485597
clip_2.mp4,12,0,4:2:2,1,10,0,1,0.9025478172758516,1.1321125560978806,0.8000111112654342,0.39109230324074074
clip_2.mp4,13,0,4:2:2,1,10,0,1,0.8801881266289169,1.0885907956960346,0.8087868197703445,0.3727756880144033
clip_2.mp4,14,0,4:2:2,1,10,0,1,0.8799445960809875,1.087004384502639,0.808136235806172,0.3729031635802469
clip_2.mp4,15,0,4:2:2,1,10,0,1,0.8799946358351673,1.0878095661771803,0.8084487888863243,0.3729735725308642
clip_2.mp4,16,0,4:2:2,1,10,0,1,0.8817128769369322,1.0634456953425018,0.813421453990849,0.37020769032921813
clip_2.mp4,17,0,4:2:2,1,10,0,1,0.8816678897881123,1.063046621074325,0.8132632186648929,0.37017200360082303
clip_2.mp4,18,0,4:2:2,1,10,0,1,0.8806576392463447,0.9919518719647306,0.8270633507552697,0.3725176826131687
clip_2.mp4,19,0,4:2:2,1,10,0,1,0.8803959064307623,0.9919101157993832,0.8270673093030714,0.37232799639917696
clip_2.mp4,0,1,4:2:2,2,1,0,1,1.0,1.0,1.0,0.6666666666666666
clip_2.mp4,1,1,4:2:2,2,1,0,1,1.0,1.0,1.0,0.6666628086419754
clip_2.mp4,2,1,4:2:2,2,1,0,1,1.0,1.0,1.0,0.6666628086419754
clip_2.mp4,3,1,4:2:2,2,1,0,1,1.0,1.0,1.0,0.6572231867283951
clip_2.mp4,4,1,4:2:2,2,1,0,1,1.0,1.0,1.0,0.6567648855452675
clip_2.mp4,5,1,4:2:2,2,1,0,1,1.0,1.0,1.0,0.6567468814300411
clip_2.mp4,6,1,4:2:2,2,1,0,1,1.0,1.0,1.0,0.5830033114711934
clip_2.mp4,7,1,4:2:2,2,1,0,1,1.0,1.0,1.0,0.5825366512345679
clip_2.mp4,8,1,4:2:2,2,1,0,1,1.0,1.0,1.0,0.47833574459876543
clip_2.mp4,9,1,4:2:2,2,1,0,1,1.0,1.0,1.0,0.4778419174382716
clip_2.mp4,10,1,4:2:2,2,1,0,1,1.0,1.0,1.0,0.47777970679012344
clip_2.mp4,11,1,4:2:2,2,1,0,1,1.0,1.0,1.0,0.39066325874485597
clip_2.mp4,12,1,4:2:2,2,1,0,1,1.0,1.0,1.0,0.39109230324074074
clip_2.mp4,13,1,4:2:2,2,1,0,1,1.0,1.0,1.0,0.3727756880144033
clip_2.mp4,14,1,4:2:2,2,1,0,1,1.0,1.0,1.0,0.3729031635802469
clip_2.mp4,15,1,4:2:2,2,1,0,1,1.0,1.0,1.0,0.3729735725308642
clip_2.mp4,16,1,4:2:2,2,1,0,1,1.0,1.0,1.0,0.37020769032921813
clip_2.mp4,17,1,4:2:2,2,1,0,1,1.0,1.0,1.0,0.37017200360082303
clip_2.mp4,18,1,4:2:2,2,1,0,1,1.0,1.0,1.0,0.3725176826131687
clip_2.mp4,19,1,4:2:2,2,1,0,1,1.0,1.0,1.0,0.37232799639917696
clip_2.mp4,0,1,4:2:2,2,2,0,1,1.0,1.0,1.0,0.6666666666666666
clip_2.mp4,1,0,4:2:2,2,2,0,1,1036800.0,30494.117647058825,518400.0,0.6667007458847737
clip_2.mp4,2,1,4:2:2,2,2,0,1,1.0,1.0,1.0,0.6666628086419754
clip_2.mp4,3,0,4:2:2,2,2,0,1,41.83175307645754,65.97938144329896,24.257170932572176,0.7145281957304527
clip_2.mp4,4,1,4:2:2,2,2,0,1,1.0,1.0,1.0,0.6567648855452675
clip_2.mp4,5,0,4:2:2,2,2,0,1,4527.510917030568,9781.132075471698,9094.736842105263,0.6572096836419753
clip_2.mp4,6,1,4:2:2,2,2,0,1,1.0,1.0,1.0,0.5830033114711934
clip_2.mp4,7,0,4:2:2,2,2,0,1,68.84462151394422,178.94373489817053,80.5344104396458,0.6046577610596707
clip_2.mp4,8,1,4:2:2,2,2,0,1,1.0,1.0,1.0,0.47833574459876543
clip_2.mp4,9,0,4:2:2,2,2,0,1,146.33733239237827,273.27358987875596,114.21017845340383,0.4946510095164609
clip_2.mp4,10,1,4:2:2,2,2,0,1,1.0,1.0,1.0,0.47777970679012344
clip_2.mp4,11,0,4:2:2,2,2,0,1,1.2723829813867356,1.5457001270193391,0.964987556053603,1.9914496527777779
clip_2.mp4,12,1,4:2:2,2,2,0,1,1.0,1.0,1.0,0.39109230324074074
clip_2.mp4,13,0,4:2:2,2,2,0,1,1.099643527980561,1.2771209594174122,0.9502615785633892,2.096761188271605
clip_2.mp4,14,1,4:2:2,2,2,0,1,1.0,1.0,1.0,0.3729031635802469
clip_2.mp4,15,0,4:2:2,2,2,0,1,58.46067098956865,73.13769751693002,56.23169541164985,0.4002668467078189
clip_2.mp4,16,1,4:2:2,2,2,0,1,1.0,1.0,1.0,0.37020769032921813
clip_2.mp4,17,0,4:2:2,2,2,0,1,77.53514807059527,206.7810131631432,95.84026622296173,0.3870452353395062
clip_2.mp4,18,1,4:2:2,2,2,0,1,1.0,1.0,1.0,0.3725176826131687
clip_2.mp4,19,0,4:2:2,2,2,0,1,28.529759775460224,54.52824234774377,44.47876447876448,0.4193407600308642
clip_2.mp4,0,1,4:2:2,2,4,0,1,1.0,1.0,1.0,0.6666666666666666
clip_2.mp4,1,0,4:2:2,2,4,0,1,1036800.0,30494.117647058825,518400.0,0.6667007458847737
clip_2.mp4,2,0,4:2:2,2,4,0,1,28021.62162162162,30494.117647058825,518400.0,0.6667291988168724
clip_2.mp4,3,0,4:2:2,2,4,0,1,41.80813742489617,65.8787647731605,24.257170932572176,0.7145698302469136
clip_2.mp4,4,1,4:2:2,2,4,0,1,1.0,1.0,1.0,0.6567648855452675
clip_2.mp4,5,0,4:2:2,2,4,0,1,4527.510917030568,9781.132075471698,9094.736842105263,0.6572096836419753
clip_2.mp4,6,0,4:2:2,2,4,0,1,5.8788174323266915,10.679411643525194,4.182770278447921,1.082361914866255
clip_2.mp4,7,0,4:2:2,2,4,0,1,5.876984644336997,10.677651905252317,4.188515517060282,1.0828769611625515
clip_2.mp4,8,1,4:2:2,2,4,0,1,1.0,1.0,1.0,0.47833574459876543
clip_2.mp4,9,0,4:2:2,2,4,0,1,146.33733239237827,273.27358987875596,114.21017845340383,0.4946510095164609
clip_2.mp4,10,0,4:2:2,2,4,0,1,35.511713933415535,72.95243456234168,38.91891891891892,0.5240105774176955
clip_2.mp4,11,0,4:2:2,2,4,0,1,1.2714951104832124,1.5463733011967689,0.9642731586456278,1.9909955311213992
clip_2.mp4,12,1,4:2:2,2,4,0,1,1.0,1.0,1.0,0.39109230324074074
clip_2.mp4,13,0,4:2:2,2,4,0,1,1.099643527980561,1.2771209594174122,0.9502615785633892,2.096761188271605
clip_2.mp4,14,0,4:2:2,2,4,0,1,1.099528076780317,1.2762500307737759,0.9495270681153792,2.0971347736625514
clip_2.mp4,15,0,4:2:2,2,4,0,1,1.0994662795346357,1.2764417217189612,0.9497532180585022,2.0964609053497942
clip_2.mp4,16,1,4:2:2,2,4,0,1,1.0,1.0,1.0,0.37020769032921813
clip_2.mp4,17,0,4:2:2,2,4,0,1,77.53514807059527,206.7810131631432,95.84026622296173,0.3870452353395062
clip_2.mp4,18,0,4:2:2,2,4,0,1,1.106555015037963,1.2200977207896744,1.0223198614819693,2.051869855967078
clip_2.mp4,19,0,4:2:2,2,4,0,1,1.1071765715969912,1.2201810029304117,1.0220437325888818,2.0514465985082304
clip_2.mp4,0,1,4:2:2,2,6,0,1,1.0,1.0,1.0,0.6666666666666666
clip_2.mp4,1,0,4:2:2,2,6,0,1,1036800.0,30494.117647058825,518400.0,0.6667007458847737
clip_2.mp4,2,0,4:2:2,2,6,0,1,28021.62162162162,30494.117647058825,518400.0,0.6667291988168724
clip_2.mp4,3,0,4:2:2,2,6,0,1,41.80813742489617,65.8787647731605,24.257170932572176,0.7145698302469136
clip_2.mp4,4,0,4:2:2,2,6,0,1,41.405750798722046,64.27774333539988,24.090338770388957,0.7139258616255144
clip_2.mp4,5,0,4:2:2,2,6,0,1,41.26895673287426,63.89744853938124,24.09481756913781,0.7140967399691358
clip_2.mp4,6,1,4:2:2,2,6,0,1,1.0,1.0,1.0,0.5830033114711934
clip_2.mp4,7,0,4:2:2,2,6,0,1,68.84462151394422,178.94373489817053,80.5344104396458,0.6046577610596707
clip_2.mp4,8,0,4:2:2,2,6,0,1,2.139624533866038,2.9875174329479837,1.5562239953889658,1.6031368955761316
clip_2.mp4,9,0,4:2:2,2,6,0,1,2.1392183847333097,2.984971497667991,1.5561959654178674,1.6037755594135803
clip_2.mp4,10,0,4:2:2,2,6,0,1,2.142781854969547,2.9834940951679365,1.55624268259734,1.603403420781893
clip_2.mp4,11,0,4:2:2,2,6,0,1,1.4752838726201656,1.8347519864092445,1.1648155596350065,2.0594053819444444
clip_2.mp4,12,1,4:2:2,2,6,0,1,1.0,1.0,1.0,0.39109230324074074
clip_2.mp4,13,0,4:2:2,2,6,0,1,1.099643527980561,1.2771209594174122,0.9502615785633892,2.096761188271605
clip_2.mp4,14,0,4:2:2,2,6,0,1,1.099528076780317,1.2762500307737759,0.9495270681153792,2.0971347736625514
clip_2.mp4,15,0,4:2:2,2,6,0,1,1.0994662795346357,1.2764417217189612,0.9497532180585022,2.0964609053497942
clip_2.mp4,16,0,4:2:2,2,6,0,1,1.083667537321623,1.2493944630423623,0.9484239586820858,2.092648694701646
clip_2.mp4,17,0,4:2:2,2,6,0,1,1.0832984179956262,1.2494275867055507,0.9482435361581869,2.092450810185185
clip_2.mp4,18,1,4:2:2,2,6,0,1,1.0,1.0,1.0,0.3725176826131687
clip_2.mp4,19,0,4:2:2,2,6,0,1,28.529759775460224,54.52824234774377,44.47876447876448,0.4193407600308642
clip_2.mp4,0,1,4:2:2,2,8,0,1,1.0,1.0,1.0,0.6666666666666666
clip_2.mp4,1,0,4:2:2,2,8,0,1,1036800.0,30494.117647058825,518400.0,0.6667007458847737
clip_2.mp4,2,0,4:2:2,2,8,0,1,28021.62162162162,30494.117647058825,518400.0,0.6667291988168724
clip_2.mp4,3,0,4:2:2,2,8,0,1,41.80813742489617,65.8787647731605,24.257170932572176,0.7145698302469136
clip_2.mp4,4,0,4:2:2,2,8,0,1,41.405750798722046,64.27774333539988,24.090338770388957,0.7139258616255144
clip_2.mp4,5,0,4:2:2,2,8,0,1,41.26895673287426,63.89744853938124,24.09481756913781,0.7140967399691358
clip_2.mp4,6,0,4:2:2,2,8,0,1,6.421126298252894,11.726649625624901,4.763961513366477,1.0913930684156379
clip_2.mp4,7,0,4:2:2,2,8,0,1,6.419814241486068,11.72134668867434,4.770098548910993,1.0918023405349795
clip_2.mp4,8,1,4:2:2,2,8,0,1,1.0,1.0,1.0,0.47833574459876543
clip_2.mp4,9,0,4:2:2,2,8,0,1,146.33733239237827,273.27358987875596,114.21017845340383,0.4946510095164609
clip_2.mp4,10,0,4:2:2,2,8,0,1,35.511713933415535,72.95243456234168,38.91891891891892,0.5240105774176955
clip_2.mp4,11,0,4:2:2,2,8,0,1,1.2714951104832124,1.5463733011967689,0.9642731586456278,1.9909955311213992
clip_2.mp4,12,0,4:2:2,2,8,0,1,1.2708670161714395,1.5454466859648757,0.9636511672001695,1.9927080118312757
clip_2.mp4,13,0,4:2:2,2,8,0,1,1.230889046654589,1.4668556827924586,0.9929265475691113,2.06374598122428
clip_2.mp4,14,0,4:2:2,2,8,0,1,1.2307443938097167,1.4662955671712714,0.9927040845636813,2.0633474794238684
clip_2.mp4,15,0,4:2:2,2,8,0,1,1.2305048416710085,1.4665817950350095,0.9928067474088204,2.0633199909979423
clip_2.mp4,16,1,4:2:2,2,8,0,1,1.0,1.0,1.0,0.37020769032921813
clip_2.mp4,17,0,4:2:2,2,8,0,1,77.53514807059527,206.7810131631432,95.84026622296173,0.3870452353395062
clip_2.mp4,18,0,4:2:2,2,8,0,1,1.106555015037963,1.2200977207896744,1.0223198614819693,2.051869855967078
clip_2.mp4,19,0,4:2:2,2,8,0,1,1.1071765715969912,1.2201810029304117,1.0220437325888818,2.0514465985082304
clip_2.mp4,0,1,4:2:2,2,10,0,1,1.0,1.0,1.0,0.6666666666666666
clip_2.mp4,1,0,4:2:2,2,10,0,1,1036800.0,30494.117647058825,518400.0,0.6667007458847737
clip_2.mp4,2,0,4:2:2,2,10,0,1,28021.62162162162,30494.117647058825,518400.0,0.6667291988168724
clip_2.mp4,3,0,4:2:2,2,10,0,1,41.80813742489617,65.8787647731605,24.257170932572176,0.7145698302469136
clip_2.mp4,4,0,4:2:2,2,10,0,1,41.405750798722046,64.27774333539988,24.090338770388957,0.7139258616255144
clip_2.mp4,5,0,4:2:2,2,10,0,1,41.26895673287426,63.89744853938124,24.09481756913781,0.7140967399691358
clip_2.mp4,6,0,4:2:2,2,10,0,1,6.421126298252894,11.726649625624901,4.763961513366477,1.0913930684156379
clip_2.mp4,7,0,4:2:2,2,10,0,1,6.419814241486068,11.72134668867434,4.770098548910993,1.0918023405349795
clip_2.mp4,8,0,4:2:2,2,10,0,1,2.665384704373154,3.289820214879075,1.9819695822723833,1.6444267618312758
clip_2.mp4,9,0,4:2:2,2,10,0,1,2.6650284418785777,3.2871917465108464,1.981787737688373,1.6451642875514403
clip_2.mp4,10,1,4:2:2,2,10,0,1,1.0,1.0,1.0,0.47777970679012344
clip_2.mp4,11,0,4:2:2,2,10,0,1,1.2723829813867356,1.5457001270193391,0.964987556053603,1.9914496527777779
clip_2.mp4,12,0,4:2:2,2,10,0,1,1.2717758495065246,1.5447466990872765,0.9643825830719603,1.9931023341049383
clip_2.mp4,13,0,4:2:2,2,10,0,1,1.231602580093368,1.4668515322147082,0.9931167659336428,2.0642001028806582
clip_2.mp4,14,0,4:2:2,2,10,0,1,1.2314372825713855,1.4662333585059353,0.9928828076519394,2.063827160493827
clip_2.mp4,15,0,4:2:2,2,10,0,1,1.2312076950480941,1.4665942422596414,0.9929778993460597,2.0638070666152264
clip_2.mp4,16,0,4:2:2,2,10,0,1,1.222364747604316,1.441561691832819,1.0006215280324584,2.0515219907407407
clip_2.mp4,17,0,4:2:2,2,10,0,1,1.2219786436602786,1.4412250412850924,1.0005481397988096,2.051560249485597
clip_2.mp4,18,0,4:2:2,2,10,0,1,1.2176131118893438,1.3554642151171912,1.028653067703786,2.0275752314814817
clip_2.mp4,19,0,4:2:2,2,10,0,1,1.2181223902832181,1.3548265696543937,1.0286326567057562,2.0278650655864197
clip_2.mp4,0,1,4:2:2,4,1,0,1,1.0,1.0,1.0,0.6666666666666666
clip_2.mp4,1,1,4:2:2,4,1,0,1,1.0,1.0,1.0,0.6666628086419754
clip_2.mp4,2,1,4:2:2,4,1,0,1,1.0,1.0,1.0,0.6666628086419754
clip_2.mp4,3,1,4:2:2,4,1,0,1,1.0,1.0,1.0,0.6572231867283951
clip_2.mp4,4,1,4:2:2,4,1,0,1,1.0,1.0,1.0,0.6567648855452675
clip_2.mp4,5,1,4:2:2,4,1,0,1,1.0,1.0,1.0,0.6567468814300411
clip_2.mp4,6,1,4:2:2,4,1,0,1,1.0,1.0,1.0,0.5830033114711934
clip_2.mp4,7,1,4:2:2,4,1,0,1,1.0,1.0,1.0,0.5825366512345679
clip_2.mp4,8,1,4:2:2,4,1,0,1,1.0,1.0,1.0,0.47833574459876543
clip_2.mp4,9,1,4:2:2,4,1,0,1,1.0,1.0,1.0,0.4778419174382716
clip_2.mp4,10,1,4:2:2,4,1,0,1,1.0,1.0,1.0,0.47777970679012344
clip_2.mp4,11,1,4:2:2,4,1,0,1,1.0,1.0,1.0,0.39066325874485597
clip_2.mp4,12,1,4:2:2,4,1,0,1,1.0,1.0,1.0,0.39109230324074074
clip_2.mp4,13,1,4:2:2,4,1,0,1,1.0,1.0,1.0,0.3727756880144033
clip_2.mp4,14,1,4:2:2,4,1,0,1,1.0,1.0,1.0,0.3729031635802469
clip_2.mp4,15,1,4:2:2,4,1,0,1,1.0,1.0,1.0,0.3729735725308642
clip_2.mp4,16,1,4:2:2,4,1,0,1,1.0,1.0,1.0,0.37020769032921813
clip_2.mp4,17,1,4:2:2,4,1,0,1,1.0,1.0,1.0,0.37017200360082303
clip_2.mp4,18,1,4:2:2,4,1,0,1,1.0,1.0,1.0,0.3725176826131687
clip_2.mp4,19,1,4:2:2,4,1,0,1,1.0,1.0,1.0,0.37232799639917696
clip_2.mp4,0,1,4:2:2,4,2,0,1,1.0,1.0,1.0,0.6666666666666666
clip_2.mp4,1,0,4:2:2,4,2,0,1,1036800.0,30494.117647058825,518400.0,0.6668036265432099
clip_2.mp4,2,1,4:2:2,4,2,0,1,1.0,1.0,1.0,0.6666628086419754
clip_2.mp4,3,0,4:2:2,4,2,0,1,76.61272445134117,116.31142023782813,35.62641742835544,1.131901684670782
clip_2.mp4,4,1,4:2:2,4,2,0,1,1.0,1.0,1.0,0.6567648855452675
clip_2.mp4,5,0,4:2:2,4,2,0,1,5544.385026737968,9781.132075471698,17875.862068965518,0.6590480324074074
clip_2.mp4,6,1,4:2:2,4,2,0,1,1.0,1.0,1.0,0.5830033114711934
clip_2.mp4,7,0,4:2:2,4,2,0,1,82.87107345535928,212.5461254612546,151.35766423357666,0.7431423611111111
clip_2.mp4,8,1,4:2:2,4,2,0,1,1.0,1.0,1.0,0.47833574459876543
clip_2.mp4,9,0,4:2:2,4,2,0,1,234.83578708946771,356.77907777013075,336.8421052631579,0.5493206661522634
clip_2.mp4,10,1,4:2:2,4,2,0,1,1.0,1.0,1.0,0.47777970679012344
clip_2.mp4,11,0,4:2:2,4,2,0,1,2.198622468021579,2.4851866766380946,1.3520950431006378,12.540415541409464
clip_2.mp4,12,1,4:2:2,4,2,0,1,1.0,1.0,1.0,0.39109230324074074
clip_2.mp4,13,0,4:2:2,4,2,0,1,1.8429411691513546,2.0521590423257803,1.3740785801188005,13.373768647119341
clip_2.mp4,14,1,4:2:2,4,2,0,1,1.0,1.0,1.0,0.3729031635802469
clip_2.mp4,15,0,4:2:2,4,2,0,1,75.14677103718199,88.23829787234042,72.27101631116687,0.571694637345679
clip_2.mp4,16,1,4:2:2,4,2,0,1,1.0,1.0,1.0,0.37020769032921813
clip_2.mp4,17,0,4:2:2,4,2,0,1,118.708495534692,275.5980861244019,168.14790788193318,0.4798797582304527
clip_2.mp4,18,1,4:2:2,4,2,0,1,1.0,1.0,1.0,0.3725176826131687
clip_2.mp4,19,0,4:2:2,4,2,0,1,37.12270399942712,80.91150304354612,74.3225806451613,0.6342767811213992
clip_2.mp4,0,1,4:2:2,4,4,0,1,1.0,1.0,1.0,0.6666666666666666
clip_2.mp4,1,0,4:2:2,4,4,0,1,1036800.0,30494.117647058825,518400.0,0.6668036265432099
clip_2.mp4,2,0,4:2:2,4,4,0,1,28021.62162162162,30494.117647058825,518400.0,0.6671059992283951
clip_2.mp4,3,0,4:2:2,4,4,0,1,76.5335498634384,115.99910494517789,35.62641742835544,1.1321330054012346
clip_2.mp4,4,1,4:2:2,4,4,0,1,1.0,1.0,1.0,0.6567648855452675
clip_2.mp4,5,0,4:2:2,4,4,0,1,5544.385026737968,9781.132075471698,17875.862068965518,0.6590480324074074
clip_2.mp4,6,0,4:2:2,4,4,0,1,10.730364405990292,17.782046444619766,6.097747456331236,4.179781378600823
clip_2.mp4,7,0,4:2:2,4,4,0,1,10.73369705879308,17.740665959412752,6.119919251065437,4.1863723315329215
clip_2.mp4,8,1,4:2:2,4,4,0,1,1.0,1.0,1.0,0.47833574459876543
clip_2.mp4,9,0,4:2:2,4,4,0,1,234.83578708946771,356.77907777013075,336.8421052631579,0.5493206661522634
clip_2.mp4,10,0,4:2:2,4,4,0,1,46.34778721502012,91.1232202496045,67.95123869445537,0.7775688014403292
clip_2.mp4,11,0,4:2:2,4,4,0,1,2.1968103026335024,2.484948421981056,1.3500246098236166,12.542169174382716
clip_2.mp4,12,1,4:2:2,4,4,0,1,1.0,1.0,1.0,0.39109230324074074
clip_2.mp4,13,0,4:2:2,4,4,0,1,1.8429411691513546,2.0521590423257803,1.3740785801188005,13.373768647119341
clip_2.mp4,14,0,4:2:2,4,4,0,1,1.8427577381428457,2.05111161228293,1.373547031532761,13.375789769804527
clip_2.mp4,15,0,4:2:2,4,4,0,1,1.8424531923060519,2.051817901161272,1.373285049365677,13.37157857510288
clip_2.mp4,16,1,4:2:2,4,4,0,1,1.0,1.0,1.0,0.37020769032921813
clip_2.mp4,17,0,4:2:2,4,4,0,1,118.708495534692,275.5980861244019,168.14790788193318,0.4798797582304527
clip_2.mp4,18,0,4:2:2,4,4,0,1,1.8229867232130141,1.9510726383138879,1.5682525661077145,13.35994212962963
clip_2.mp4,19,0,4:2:2,4,4,0,1,1.8248123794370679,1.950999209664672,1.5678778603790249,13.355101273148149
clip_2.mp4,0,1,4:2:2,4,6,0,1,1.0,1.0,1.0,0.6666666666666666
clip_2.mp4,1,0,4:2:2,4,6,0,1,1036800.0,30494.117647058825,518400.0,0.6668036265432099
clip_2.mp4,2,0,4:2:2,4,6,0,1,28021.62162162162,30494.117647058825,518400.0,0.6671059992283951
clip_2.mp4,3,0,4:2:2,4,6,0,1,76.5335498634384,115.99910494517789,35.62641742835544,1.1321330054012346
clip_2.mp4,4,0,4:2:2,4,6,0,1,76.73179396092362,113.75905200789994,35.42193372053297,1.1312373006687242
clip_2.mp4,5,0,4:2:2,4,6,0,1,76.3082358136454,112.57328990228012,35.43161779782653,1.1319695216049384
clip_2.mp4,6,1,4:2:2,4,6,0,1,1.0,1.0,1.0,0.5830033114711934
clip_2.mp4,7,0,4:2:2,4,6,0,1,82.87107345535928,212.5461254612546,151.35766423357666,0.7431423611111111
clip_2.mp4,8,0,4:2:2,4,6,0,1,3.776278791940442,5.020288395425185,2.224806767120583,8.823861882716049
clip_2.mp4,9,0,4:2:2,4,6,0,1,3.7763613185212166,5.019316234350946,2.226526764277646,8.825944894547325
clip_2.mp4,10,0,4:2:2,4,6,0,1,3.7861386717109564,5.013491165462616,2.2285942746106193,8.837387795781893
clip_2.mp4,11,0,4:2:2,4,6,0,1,2.586974801448187,3.024768795402165,1.688252899242175,12.574955471965021
clip_2.mp4,12,1,4:2:2,4,6,0,1,1.0,1.0,1.0,0.39109230324074074
clip_2.mp4,13,0,4:2:2,4,6,0,1,1.8429411691513546,2.0521590423257803,1.3740785801188005,13.373768647119341
clip_2.mp4,14,0,4:2:2,4,6,0,1,1.8427577381428457,2.05111161228293,1.373547031532761,13.375789769804527
clip_2.mp4,15,0,4:2:2,4,6,0,1,1.8424531923060519,2.051817901161272,1.373285049365677,13.37157857510288
clip_2.mp4,16,0,4:2:2,4,6,0,1,1.8148496289955836,2.0135792303031246,1.3798684014394924,13.521232960390947
clip_2.mp4,17,0,4:2:2,4,6,0,1,1.8139859577051538,2.0144555840522265,1.379703140261835,13.52086339377572
clip_2.mp4,18,1,4:2:2,4,6,0,1,1.0,1.0,1.0,0.3725176826131687
clip_2.mp4,19,0,4:2:2,4,6,0,1,37.12270399942712,80.91150304354612,74.3225806451613,0.6342767811213992
clip_2.mp4,0,1,4:2:2,4,8,0,1,1.0,1.0,1.0,0.6666666666666666
clip_2.mp4,1,0,4:2:2,4,8,0,1,1036800.0,30494.117647058825,518400.0,0.6668036265432099
clip_2.mp4,2,0,4:2:2,4,8,0,1,28021.62162162162,30494.117647058825,518400.0,0.6671059992283951
clip_2.mp4,3,0,4:2:2,4,8,0,1,76.5335498634384,115.99910494517789,35.62641742835544,1.1321330054012346
clip_2.mp4,4,0,4:2:2,4,8,0,1,76.73179396092362,113.75905200789994,35.42193372053297,1.1312373006687242
clip_2.mp4,5,0,4:2:2,4,8,0,1,76.3082358136454,112.57328990228012,35.43161779782653,1.1319695216049384
clip_2.mp4,6,0,4:2:2,4,8,0,1,11.834400575283361,19.564478997622373,7.010805620545556,4.220704732510288
clip_2.mp4,7,0,4:2:2,4,8,0,1,11.838589600127886,19.520277139737168,7.036881184758854,4.227841595936214
clip_2.mp4,8,1,4:2:2,4,8,0,1,1.0,1.0,1.0,0.47833574459876543
clip_2.mp4,9,0,4:2:2,4,8,0,1,234.83578708946771,356.77907777013075,336.8421052631579,0.5493206661522634
clip_2.mp4,10,0,4:2:2,4,8,0,1,46.34778721502012,91.1232202496045,67.95123869445537,0.7775688014403292
clip_2.mp4,11,0,4:2:2,4,8,0,1,2.1968103026335024,2.484948421981056,1.3500246098236166,12.542169174382716
clip_2.mp4,12,0,4:2:2,4,8,0,1,2.1951870185854085,2.484948421981056,1.3497785519563197,12.55348347479424
clip_2.mp4,13,0,4:2:2,4,8,0,1,2.109074635366871,2.361225614560891,1.4318187467719172,13.084527713477366
clip_2.mp4,14,0,4:2:2,4,8,0,1,2.1095638444196663,2.3618065268596267,1.432281593634304,13.083244598765432
clip_2.mp4,15,0,4:2:2,4,8,0,1,2.108667134445834,2.3622154883689137,1.4319611293267518,13.081596579218107
clip_2.mp4,16,1,4:2:2,4,8,0,1,1.0,1.0,1.0,0.37020769032921813
clip_2.mp4,17,0,4:2:2,4,8,0,1,118.708495534692,275.5980861244019,168.14790788193318,0.4798797582304527
clip_2.mp4,18,0,4:2:2,4,8,0,1,1.8229867232130141,1.9510726383138879,1.5682525661077145,13.35994212962963
clip_2.mp4,19,0,4:2:2,4,8,0,1,1.8248123794370679,1.950999209664672,1.5678778603790249,13.355101273148149
clip_2.mp4,0,1,4:2:2,4,10,0,1,1.0,1.0,1.0,0.6666666666666666
clip_2.mp4,1,0,4:2:2,4,10,0,1,1036800.0,30494.117647058825,518400.0,0.6668036265432099
clip_2.mp4,2,0,4:2:2,4,10,0,1,28021.62162162162,30494.117647058825,518400.0,0.6671059992283951
clip_2.mp4,3,0,4:2:2,4,10,0,1,76.5335498634384,115.99910494517789,35.62641742835544,1.1321330054012346
clip_2.mp4,4,0,4:2:2,4,10,0,1,76.73179396092362,113.75905200789994,35.42193372053297,1.1312373006687242
clip_2.mp4,5,0,4:2:2,4,10,0,1,76.3082358136454,112.57328990228012,35.43161779782653,1.1319695216049384
clip_2.mp4,6,0,4:2:2,4,10,0,1,11.834400575283361,19.564478997622373,7.010805620545556,4.220704732510288
clip_2.mp4,7,0,4:2:2,4,10,0,1,11.838589600127886,19.520277139737168,7.036881184758854,4.227841595936214
clip_2.mp4,8,0,4:2:2,4,10,0,1,4.801333703806613,5.512723715133405,2.944802004101364,8.948298289609054
clip_2.mp4,9,0,4:2:2,4,10,0,1,4.801400408452466,5.514717615395253,2.9473133624046985,8.950659400720165
clip_2.mp4,10,1,4:2:2,4,10,0,1,1.0,1.0,1.0,0.47777970679012344
clip_2.mp4,11,0,4:2:2,4,10,0,1,2.198622468021579,2.4851866766380946,1.3520950431006378,12.540415541409464
clip_2.mp4,12,0,4:2:2,4,10,0,1,2.19700581672547,2.4852343330520825,1.3517918282306496,12.551381655092593
clip_2.mp4,13,0,4:2:2,4,10,0,1,2.1113853522641186,2.362355428769333,1.433101210008487,13.092926311728394
clip_2.mp4,14,0,4:2:2,4,10,0,1,2.111746590409151,2.362872275449648,1.4335014600477833,13.09175507973251
clip_2.mp4,15,0,4:2:2,4,10,0,1,2.1108952981273132,2.3633462502849327,1.4331566768679556,13.089897119341563
clip_2.mp4,16,0,4:2:2,4,10,0,1,2.057922744532154,2.3485493720892303,1.4728779079678604,13.383556134259258
clip_2.mp4,17,0,4:2:2,4,10,0,1,2.056832699830978,2.3484004240167433,1.4726184997699034,13.382341338734568
clip_2.mp4,18,0,4:2:2,4,10,0,1,2.0419055421743693,2.2364782370477108,1.5323360143301794,13.343017618312757
clip_2.mp4,19,0,4:2:2,4,10,0,1,2.0446518195389674,2.2361020049001,1.5325851731844897,13.344747138631687
clip_2.mp4,0,1,4:2:2,8,1,0,1,1.0,1.0,1.0,0.6666666666666666
clip_2.mp4,1,1,4:2:2,8,1,0,1,1.0,1.0,1.0,0.6666628086419754
clip_2.mp4,2,1,4:2:2,8,1,0,1,1.0,1.0,1.0,0.6666628086419754
clip_2.mp4,3,1,4:2:2,8,1,0,1,1.0,1.0,1.0,0.6572231867283951
clip_2.mp4,4,1,4:2:2,8,1,0,1,1.0,1.0,1.0,0.6567648855452675
clip_2.mp4,5,1,4:2:2,8,1,0,1,1.0,1.0,1.0,0.6567468814300411
clip_2.mp4,6,1,4:2:2,8,1,0,1,1.0,1.0,1.0,0.5830033114711934
clip_2.mp4,7,1,4:2:2,8,1,0,1,1.0,1.0,1.0,0.5825366512345679
clip_2.mp4,8,1,4:2:2,8,1,0,1,1.0,1.0,1.0,0.47833574459876543
clip_2.mp4,9,1,4:2:2,8,1,0,1,1.0,1.0,1.0,0.4778419174382716
clip_2.mp4,10,1,4:2:2,8,1,0,1,1.0,1.0,1.0,0.47777970679012344
clip_2.mp4,11,1,4:2:2,8,1,0,1,1.0,1.0,1.0,0.39066325874485597
clip_2.mp4,12,1,4:2:2,8,1,0,1,1.0,1.0,1.0,0.39109230324074074
clip_2.mp4,13,1,4:2:2,8,1,0,1,1.0,1.0,1.0,0.3727756880144033
clip_2.mp4,14,1,4:2:2,8,1,0,1,1.0,1.0,1.0,0.3729031635802469
clip_2.mp4,15,1,4:2:2,8,1,0,1,1.0,1.0,1.0,0.3729735725308642
clip_2.mp4,16,1,4:2:2,8,1,0,1,1.0,1.0,1.0,0.37020769032921813
clip_2.mp4,17,1,4:2:2,8,1,0,1,1.0,1.0,1.0,0.37017200360082303
clip_2.mp4,18,1,4:2:2,8,1,0,1,1.0,1.0,1.0,0.3725176826131687
clip_2.mp4,19,1,4:2:2,8,1,0,1,1.0,1.0,1.0,0.37232799639917696
clip_2.mp4,0,1,4:2:2,8,2,0,1,1.0,1.0,1.0,0.6666666666666666
clip_2.mp4,1,0,4:2:2,8,2,0,1,1036800.0,30494.117647058825,518400.0,0.6668627829218107
clip_2.mp4,2,1,4:2:2,8,2,0,1,1.0,1.0,1.0,0.6666628086419754
clip_2.mp4,3,0,4:2:2,8,2,0,1,142.82959085273453,137.83568199946822,64.16635722242852,2.6402023855452676
clip_2.mp4,4,1,4:2:2,8,2,0,1,1.0,1.0,1.0,0.6567648855452675
clip_2.mp4,5,0,4:2:2,8,2,0,1,5544.385026737968,9781.132075471698,17875.862068965518,0.6653872492283951
clip_2.mp4,6,1,4:2:2,8,2,0,1,1.0,1.0,1.0,0.5830033114711934
clip_2.mp4,7,0,4:2:2,8,2,0,1,83.13687755592976,214.48076127430699,190.23853211009174,1.2638478973765432
clip_2.mp4,8,1,4:2:2,8,2,0,1,1.0,1.0,1.0,0.47833574459876543
clip_2.mp4,9,0,4:2:2,8,2,0,1,236.33462502849326,356.77907777013075,348.15312290127605,0.710294174382716
clip_2.mp4,10,1,4:2:2,8,2,0,1,1.0,1.0,1.0,0.47777970679012344
clip_2.mp4,11,0,4:2:2,8,2,0,1,4.281060190021595,4.547567875784026,2.2584102255796323,60.150090502829215
clip_2.mp4,12,1,4:2:2,8,2,0,1,1.0,1.0,1.0,0.39109230324074074
clip_2.mp4,13,0,4:2:2,8,2,0,1,3.5436704058404938,3.7409075164530656,2.2798838948016535,64.81277359825103
clip_2.mp4,14,1,4:2:2,8,2,0,1,1.0,1.0,1.0,0.3729031635802469
clip_2.mp4,15,0,4:2:2,8,2,0,1,76.20727673649394,88.87364992285274,73.04494856981823,1.3449371463477366
clip_2.mp4,16,1,4:2:2,8,2,0,1,1.0,1.0,1.0,0.37020769032921813
clip_2.mp4,17,0,4:2:2,8,2,0,1,127.16791365141665,287.52079866888516,181.1953862285914,0.8946801054526748
clip_2.mp4,18,1,4:2:2,8,2,0,1,1.0,1.0,1.0,0.3725176826131687
clip_2.mp4,19,0,4:2:2,8,2,0,1,37.37024221453287,81.75366661409872,75.71199065284065,1.5493631044238683
clip_2.mp4,0,1,4:2:2,8,4,0,1,1.0,1.0,1.0,0.6666666666666666
clip_2.mp4,1,0,4:2:2,8,4,0,1,1036800.0,30494.117647058825,518400.0,0.6668627829218107
clip_2.mp4,2,0,4:2:2,8,4,0,1,28021.62162162162,30494.117647058825,518400.0,0.6685955182613169
clip_2.mp4,3,0,4:2:2,8,4,0,1,142.5546542004675,137.39729658097005,64.16635722242852,2.6411564429012344
clip_2.mp4,4,1,4:2:2,8,4,0,1,1.0,1.0,1.0,0.6567648855452675
clip_2.mp4,5,0,4:2:2,8,4,0,1,5544.385026737968,9781.132075471698,17875.862068965518,0.6653872492283951
clip_2.mp4,6,0,4:2:2,8,4,0,1,20.628320168719284,34.46121119457555,10.70875250469954,18.468950135030862
clip_2.mp4,7,0,4:2:2,8,4,0,1,20.646394647231016,34.26984861505917,10.775978547820484,18.511643679269547
clip_2.mp4,8,1,4:2:2,8,4,0,1,1.0,1.0,1.0,0.47833574459876543
clip_2.mp4,9,0,4:2:2,8,4,0,1,236.33462502849326,356.77907777013075,348.15312290127605,0.710294174382716
clip_2.mp4,10,0,4:2:2,8,4,0,1,47.26692500569865,91.703520254732,72.4933575723675,1.7505706661522633
clip_2.mp4,11,0,4:2:2,8,4,0,1,4.277563010301963,4.544299026096408,2.255540955646249,60.16222029320988
clip_2.mp4,12,1,4:2:2,8,4,0,1,1.0,1.0,1.0,0.39109230324074074
clip_2.mp4,13,0,4:2:2,8,4,0,1,3.5436704058404938,3.7409075164530656,2.2798838948016535,64.81277359825103
clip_2.mp4,14,0,4:2:2,8,4,0,1,3.5432223228474276,3.7401517993708695,2.2789016959881834,64.8229972029321
clip_2.mp4,15,0,4:2:2,8,4,0,1,3.542665404683234,3.74069156612596,2.2792624053604875,64.80109664351852
clip_2.mp4,16,1,4:2:2,8,4,0,1,1.0,1.0,1.0,0.37020769032921813
clip_2.mp4,17,0,4:2:2,8,4,0,1,127.16791365141665,287.52079866888516,181.1953862285914,0.8946801054526748
clip_2.mp4,18,0,4:2:2,8,4,0,1,3.4474044715176824,3.4891703797434275,2.7308213008275697,65.11140528549383
clip_2.mp4,19,0,4:2:2,8,4,0,1,3.451685393258427,3.4854637872145875,2.731281710844516,65.09754452803497
clip_2.mp4,0,1,4:2:2,8,6,0,1,1.0,1.0,1.0,0.6666666666666666
clip_2.mp4,1,0,4:2:2,8,6,0,1,1036800.0,30494.117647058825,518400.0,0.6668627829218107
clip_2.mp4,2,0,4:2:2,8,6,0,1,28021.62162162162,30494.117647058825,518400.0,0.6685955182613169
clip_2.mp4,3,0,4:2:2,8,6,0,1,142.5546542004675,137.39729658097005,64.16635722242852,2.6411564429012344
clip_2.mp4,4,0,4:2:2,8,6,0,1,144.66303892842194,134.26573426573427,63.5683629675046,2.662318833590535
clip_2.mp4,5,0,4:2:2,8,6,0,1,143.1846430051098,132.61703760552572,63.59955833640044,2.664472254372428
clip_2.mp4,6,1,4:2:2,8,6,0,1,1.0,1.0,1.0,0.5830033114711934
clip_2.mp4,7,0,4:2:2,8,6,0,1,83.13687755592976,214.48076127430699,190.23853211009174,1.2638478973765432
clip_2.mp4,8,0,4:2:2,8,6,0,1,7.3597160603371785,9.538002980625931,3.8143169326534667,41.12018454218107
clip_2.mp4,9,0,4:2:2,8,6,0,1,7.358828038497572,9.534494491548804,3.8196567908693697,41.12761525848765
clip_2.mp4,10,0,4:2:2,8,6,0,1,7.382249279077219,9.516990692294982,3.8202760562134754,41.15750868055556
clip_2.mp4,11,0,4:2:2,8,6,0,1,5.087989635576668,5.585544816885929,2.8622066155400594,59.78976980452675
clip_2.mp4,12,1,4:2:2,8,6,0,1,1.0,1.0,1.0,0.39109230324074074
clip_2.mp4,13,0,4:2:2,8,6,0,1,3.5436704058404938,3.7409075164530656,2.2798838948016535,64.81277359825103
clip_2.mp4,14,0,4:2:2,8,6,0,1,3.5432223228474276,3.7401517993708695,2.2789016959881834,64.8229972029321
clip_2.mp4,15,0,4:2:2,8,6,0,1,3.542665404683234,3.74069156612596,2.2792624053604875,64.80109664351852
clip_2.mp4,16,0,4:2:2,8,6,0,1,3.4972323696380325,3.7881998743112697,2.3260718372108675,66.32459715792181
clip_2.mp4,17,0,4:2:2,8,6,0,1,3.495805572788822,3.7898615355372627,2.326301476824491,66.31943351337449
clip_2.mp4,18,1,4:2:2,8,6,0,1,1.0,1.0,1.0,0.3725176826131687
clip_2.mp4,19,0,4:2:2,8,6,0,1,37.37024221453287,81.75366661409872,75.71199065284065,1.5493631044238683
clip_2.mp4,0,1,4:2:2,8,8,0,1,1.0,1.0,1.0,0.6666666666666666
clip_2.mp4,1,0,4:2:2,8,8,0,1,1036800.0,30494.117647058825,518400.0,0.6668627829218107
clip_2.mp4,2,0,4:2:2,8,8,0,1,28021.62162162162,30494.117647058825,518400.0,0.6685955182613169
clip_2.mp4,3,0,4:2:2,8,8,0,1,142.5546542004675,137.39729658097005,64.16635722242852,2.6411564429012344
clip_2.mp4,4,0,4:2:2,8,8,0,1,144.66303892842194,134.26573426573427,63.5683629675046,2.662318833590535
clip_2.mp4,5,0,4:2:2,8,8,0,1,143.1846430051098,132.61703760552572,63.59955833640044,2.664472254372428
clip_2.mp4,6,0,4:2:2,8,8,0,1,22.752309684215145,37.158626621747544,12.303310786756853,18.721078317901235
clip_2.mp4,7,0,4:2:2,8,8,0,1,22.776301047868017,36.97838647549754,12.387392769241798,18.767184606481482
clip_2.mp4,8,1,4:2:2,8,8,0,1,1.0,1.0,1.0,0.47833574459876543
clip_2.mp4,9,0,4:2:2,8,8,0,1,236.33462502849326,356.77907777013075,348.15312290127605,0.710294174382716
clip_2.mp4,10,0,4:2:2,8,8,0,1,47.26692500569865,91.703520254732,72.4933575723675,1.7505706661522633
clip_2.mp4,11,0,4:2:2,8,8,0,1,4.277563010301963,4.544299026096408,2.255540955646249,60.16222029320988
clip_2.mp4,12,0,4:2:2,8,8,0,1,4.274723553034113,4.543183909556987,2.255992480025067,60.16937435699589
clip_2.mp4,13,0,4:2:2,8,8,0,1,4.108530510832049,4.359379730229742,2.4491068602393358,63.14066904578189
clip_2.mp4,14,0,4:2:2,8,8,0,1,4.109572751883753,4.364738570346047,2.450890007800865,63.139708558384775
clip_2.mp4,15,0,4:2:2,8,8,0,1,4.107911930298624,4.3623144501666165,2.44973182430357,63.123450038580245
clip_2.mp4,16,1,4:2:2,8,8,0,1,1.0,1.0,1.0,0.37020769032921813
clip_2.mp4,17,0,4:2:2,8,8,0,1,127.16791365141665,287.52079866888516,181.1953862285914,0.8946801054526748
clip_2.mp4,18,0,4:2:2,8,8,0,1,3.4474044715176824,3.4891703797434275,2.7308213008275697,65.11140528549383
clip_2.mp4,19,0,4:2:2,8,8,0,1,3.451685393258427,3.4854637872145875,2.731281710844516,65.09754452803497
clip_2.mp4,0,1,4:2:2,8,10,0,1,1.0,1.0,1.0,0.6666666666666666
clip_2.mp4,1,0,4:2:2,8,10,0,1,1036800.0,30494.117647058825,518400.0,0.6668627829218107
clip_2.mp4,2,0,4:2:2,8,10,0,1,28021.62162162162,30494.117647058825,518400.0,0.6685955182613169
clip_2.mp4,3,0,4:2:2,8,10,0,1,142.5546542004675,137.39729658097005,64.16635722242852,2.6411564429012344
clip_2.mp4,4,0,4:2:2,8,10,0,1,144.66303892842194,134.26573426573427,63.5683629675046,2.662318833590535
clip_2.mp4,5,0,4:2:2,8,10,0,1,143.1846430051098,132.61703760552572,63.59955833640044,2.664472254372428
clip_2.mp4,6,0,4:2:2,8,10,0,1,22.752309684215145,37.158626621747544,12.303310786756853,18.721078317901235
clip_2.mp4,7,0,4:2:2,8,10,0,1,22.776301047868017,36.97838647549754,12.387392769241798,18.767184606481482
clip_2.mp4,8,0,4:2:2,8,10,0,1,9.351071025930102,10.437934158864392,5.1115690663301026,42.09852800282922
clip_2.mp4,9,0,4:2:2,8,10,0,1,9.34955317287836,10.43835450939331,5.1195449293396145,42.107766203703704
clip_2.mp4,10,1,4:2:2,8,10,0,1,1.0,1.0,1.0,0.47777970679012344
clip_2.mp4,11,0,4:2:2,8,10,0,1,4.281060190021595,4.547567875784026,2.2584102255796323,60.150090502829215
clip_2.mp4,12,0,4:2:2,8,10,0,1,4.278286704629859,4.546610652610529,2.258764476745706,60.154824299125515
clip_2.mp4,13,0,4:2:2,8,10,0,1,4.1123600853568565,4.364444594116756,2.4510058863856647,63.17938078703704
clip_2.mp4,14,0,4:2:2,8,10,0,1,4.113012638945088,4.369963246451091,2.452722171491836,63.17917422196502
clip_2.mp4,15,0,4:2:2,8,10,0,1,4.111577294321994,4.367533320976629,2.4515390690393883,63.16339152520576
clip_2.mp4,16,0,4:2:2,8,10,0,1,3.970861961991865,4.379007120954867,2.5478082656326024,65.57455713091564
clip_2.mp4,17,0,4:2:2,8,10,0,1,3.9686883959501618,4.380265147994491,2.5475828922732164,65.57985130529835
clip_2.mp4,18,0,4:2:2,8,10,0,1,3.944379981358544,4.2148054798975565,2.6857181342962684,66.12919335133745
clip_2.mp4,19,0,4:2:2,8,10,0,1,3.9517767368112118,4.212339619881853,2.6875003240138313,66.15670508616255
clip_2.mp4,0,1,4:2:2,16,1,0,1,1.0,1.0,1.0,0.6666666666666666
clip_2.mp4,1,1,4:2:2,16,1,0,1,1.0,1.0,1.0,0.6666628086419754
clip_2.mp4,2,1,4:2:2,16,1,0,1,1.0,1.0,1.0,0.6666628086419754
clip_2.mp4,3,1,4:2:2,16,1,0,1,1.0,1.0,1.0,0.6572231867283951
clip_2.mp4,4,1,4:2:2,16,1,0,1,1.0,1.0,1.0,0.6567648855452675
clip_2.mp4,5,1,4:2:2,16,1,0,1,1.0,1.0,1.0,0.6567468814300411
clip_2.mp4,6,1,4:2:2,16,1,0,1,1.0,1.0,1.0,0.5830033114711934
clip_2.mp4,7,1,4:2:2,16,1,0,1,1.0,1.0,1.0,0.5825366512345679
clip_2.mp4,8,1,4:2:2,16,1,0,1,1.0,1.0,1.0,0.47833574459876543
clip_2.mp4,9,1,4:2:2,16,1,0,1,1.0,1.0,1.0,0.4778419174382716
clip_2.mp4,10,1,4:2:2,16,1,0,1,1.0,1.0,1.0,0.47777970679012344
clip_2.mp4,11,1,4:2:2,16,1,0,1,1.0,1.0,1.0,0.39066325874485597
clip_2.mp4,12,1,4:2:2,16,1,0,1,1.0,1.0,1.0,0.39109230324074074
clip_2.mp4,13,1,4:2:2,16,1,0,1,1.0,1.0,1.0,0.3727756880144033
clip_2.mp4,14,1,4:2:2,16,1,0,1,1.0,1.0,1.0,0.3729031635802469
clip_2.mp4,15,1,4:2:2,16,1,0,1,1.0,1.0,1.0,0.3729735725308642
clip_2.mp4,16,1,4:2:2,16,1,0,1,1.0,1.0,1.0,0.37020769032921813
clip_2.mp4,17,1,4:2:2,16,1,0,1,1.0,1.0,1.0,0.37017200360082303
clip_2.mp4,18,1,4:2:2,16,1,0,1,1.0,1.0,1.0,0.3725176826131687
clip_2.mp4,19,1,4:2:2,16,1,0,1,1.0,1.0,1.0,0.37232799639917696
clip_2.mp4,0,1,4:2:2,16,2,0,1,1.0,1.0,1.0,0.6666666666666666
clip_2.mp4,1,0,4:2:2,16,2,0,1,1036800.0,30494.117647058825,518400.0,0.6669039351851852
clip_2.mp4,2,1,4:2:2,16,2,0,1,1.0,1.0,1.0,0.6666628086419754
clip_2.mp4,3,0,4:2:2,16,2,0,1,234.09347482501693,147.73439726417783,117.36472719040073,8.437416730967078
clip_2.mp4,4,1,4:2:2,16,2,0,1,1.0,1.0,1.0,0.6567648855452675
clip_2.mp4,5,0,4:2:2,16,2,0,1,5544.385026737968,9781.132075471698,17875.862068965518,0.6834783307613169
clip_2.mp4,6,1,4:2:2,16,2,0,1,1.0,1.0,1.0,0.5830033114711934
clip_2.mp4,7,0,4:2:2,16,2,0,1,83.13687755592976,214.48076127430699,193.93939393939394,3.1565412808641975
clip_2.mp4,8,1,4:2:2,16,2,0,1,1.0,1.0,1.0,0.47833574459876543
clip_2.mp4,9,0,4:2:2,16,2,0,1,236.33462502849326,356.77907777013075,349.09090909090907,1.2745082626028807
clip_2.mp4,10,1,4:2:2,16,2,0,1,1.0,1.0,1.0,0.47777970679012344
clip_2.mp4,11,0,4:2:2,16,2,0,1,8.144092626485582,7.424274973147154,4.254515909296084,253.82774530606997
clip_2.mp4,12,1,4:2:2,16,2,0,1,1.0,1.0,1.0,0.39109230324074074
clip_2.mp4,13,0,4:2:2,16,2,0,1,6.830714497479988,6.171942900003572,4.198624756011631,269.4170781893004
clip_2.mp4,14,1,4:2:2,16,2,0,1,1.0,1.0,1.0,0.3729031635802469
clip_2.mp4,15,0,4:2:2,16,2,0,1,76.20727673649394,88.87364992285274,73.04494856981823,4.624457465277778
clip_2.mp4,16,1,4:2:2,16,2,0,1,1.0,1.0,1.0,0.37020769032921813
clip_2.mp4,17,0,4:2:2,16,2,0,1,127.48063445223166,288.16008893829905,181.1953862285914,2.710708912037037
clip_2.mp4,18,1,4:2:2,16,2,0,1,1.0,1.0,1.0,0.3725176826131687
clip_2.mp4,19,0,4:2:2,16,2,0,1,37.37024221453287,81.75366661409872,75.84491587417703,5.51243264531893
clip_2.mp4,0,1,4:2:2,16,4,0,1,1.0,1.0,1.0,0.6666666666666666
clip_2.mp4,1,0,4:2:2,16,4,0,1,1036800.0,30494.117647058825,518400.0,0.6669039351851852
clip_2.mp4,2,0,4:2:2,16,4,0,1,28021.62162162162,30494.117647058825,518400.0,0.6725085198045267
clip_2.mp4,3,0,4:2:2,16,4,0,1,233.35584064821066,147.23090031241125,117.36472719040073,8.440529031635803
clip_2.mp4,4,1,4:2:2,16,4,0,1,1.0,1.0,1.0,0.6567648855452675
clip_2.mp4,5,0,4:2:2,16,4,0,1,5544.385026737968,9781.132075471698,17875.862068965518,0.6834783307613169
clip_2.mp4,6,0,4:2:2,16,4,0,1,37.607457651710256,48.3536983490346,20.507140314094702,71.91357992541153
clip_2.mp4,7,0,4:2:2,16,4,0,1,37.64022508622254,47.97778806108283,20.78171978352375,72.10196325231482
clip_2.mp4,8,1,4:2:2,16,4,0,1,1.0,1.0,1.0,0.47833574459876543
clip_2.mp4,9,0,4:2:2,16,4,0,1,236.33462502849326,356.77907777013075,349.09090909090907,1.2745082626028807
clip_2.mp4,10,0,4:2:2,16,4,0,1,47.27123512515388,91.703520254732,72.71707111796886,5.489458912037037
clip_2.mp4,11,0,4:2:2,16,4,0,1,8.141342756183745,7.424912989300907,4.249702832315449,253.80681069958848
clip_2.mp4,12,1,4:2:2,16,4,0,1,1.0,1.0,1.0,0.39109230324074074
clip_2.mp4,13,0,4:2:2,16,4,0,1,6.830714497479988,6.171942900003572,4.198624756011631,269.4170781893004
clip_2.mp4,14,0,4:2:2,16,4,0,1,6.83111954459203,6.17620777982963,4.198080738551241,269.4304761445473
clip_2.mp4,15,0,4:2:2,16,4,0,1,6.828510083380534,6.1732658529324205,4.196789261918833,269.410496559928
clip_2.mp4,16,1,4:2:2,16,4,0,1,1.0,1.0,1.0,0.37020769032921813
clip_2.mp4,17,0,4:2:2,16,4,0,1,127.48063445223166,288.16008893829905,181.1953862285914,2.710708912037037
clip_2.mp4,18,0,4:2:2,16,4,0,1,6.637941521066885,5.742262788276213,4.9904215481473635,271.3856931584362
clip_2.mp4,19,0,4:2:2,16,4,0,1,6.640832666132907,5.739465467992294,4.990902001559657,271.4000011252572
clip_2.mp4,0,1,4:2:2,16,6,0,1,1.0,1.0,1.0,0.6666666666666666
clip_2.mp4,1,0,4:2:2,16,6,0,1,1036800.0,30494.117647058825,518400.0,0.6669039351851852
clip_2.mp4,2,0,4:2:2,16,6,0,1,28021.62162162162,30494.117647058825,518400.0,0.6725085198045267
clip_2.mp4,3,0,4:2:2,16,6,0,1,233.35584064821066,147.23090031241125,117.36472719040073,8.440529031635803
clip_2.mp4,4,0,4:2:2,16,6,0,1,239.05925755130275,143.64089775561098,115.37947918985088,8.547238136574075
clip_2.mp4,5,0,4:2:2,16,6,0,1,235.1553640281243,141.75553732567678,115.48229004232569,8.551915187757201
clip_2.mp4,6,1,4:2:2,16,6,0,1,1.0,1.0,1.0,0.5830033114711934
clip_2.mp4,7,0,4:2:2,16,6,0,1,83.13687755592976,214.48076127430699,193.93939393939394,3.1565412808641975
clip_2.mp4,8,0,4:2:2,16,6,0,1,14.135740190330761,16.1168972485621,7.3140793205130015,168.03726819701646
clip_2.mp4,9,0,4:2:2,16,6,0,1,14.128420364112069,16.10287950796757,7.335191657351464,168.09791602366255
clip_2.mp4,10,0,4:2:2,16,6,0,1,14.17439094413912,16.06097220931313,7.330005797265388,168.1949480774177
clip_2.mp4,11,0,4:2:2,16,6,0,1,9.3870529651426,8.624619428685511,5.474764756201882,259.04949315200616
clip_2.mp4,12,1,4:2:2,16,6,0,1,1.0,1.0,1.0,0.39109230324074074
clip_2.mp4,13,0,4:2:2,16,6,0,1,6.830714497479988,6.171942900003572,4.198624756011631,269.4170781893004
clip_2.mp4,14,0,4:2:2,16,6,0,1,6.83111954459203,6.17620777982963,4.198080738551241,269.4304761445473
clip_2.mp4,15,0,4:2:2,16,6,0,1,6.828510083380534,6.1732658529324205,4.196789261918833,269.410496559928
clip_2.mp4,16,0,4:2:2,16,6,0,1,6.932844753224695,6.844739031120852,4.478037403360256,283.19339827674895
clip_2.mp4,17,0,4:2:2,16,6,0,1,6.928443505920718,6.849441765211072,4.479894916045179,283.1737802211934
clip_2.mp4,18,1,4:2:2,16,6,0,1,1.0,1.0,1.0,0.3725176826131687
clip_2.mp4,19,0,4:2:2,16,6,0,1,37.37024221453287,81.75366661409872,75.84491587417703,5.51243264531893
clip_2.mp4,0,1,4:2:2,16,8,0,1,1.0,1.0,1.0,0.6666666666666666
clip_2.mp4,1,0,4:2:2,16,8,0,1,1036800.0,30494.117647058825,518400.0,0.6669039351851852
clip_2.mp4,2,0,4:2:2,16,8,0,1,28021.62162162162,30494.117647058825,518400.0,0.6725085198045267
clip_2.mp4,3,0,4:2:2,16,8,0,1,233.35584064821066,147.23090031241125,117.36472719040073,8.440529031635803
clip_2.mp4,4,0,4:2:2,16,8,0,1,239.05925755130275,143.64089775561098,115.37947918985088,8.547238136574075
clip_2.mp4,5,0,4:2:2,16,8,0,1,235.1553640281243,141.75553732567678,115.48229004232569,8.551915187757201
clip_2.mp4,6,0,4:2:2,16,8,0,1,41.12490579508945,50.44273620706432,23.68312851203801,72.55757941100823
clip_2.mp4,7,0,4:2:2,16,8,0,1,41.1837140019861,50.11116481391977,24.05010438413361,72.74704973636831
clip_2.mp4,8,1,4:2:2,16,8,0,1,1.0,1.0,1.0,0.47833574459876543
clip_2.mp4,9,0,4:2:2,16,8,0,1,236.33462502849326,356.77907777013075,349.09090909090907,1.2745082626028807
clip_2.mp4,10,0,4:2:2,16,8,0,1,47.27123512515388,91.703520254732,72.71707111796886,5.489458912037037
clip_2.mp4,11,0,4:2:2,16,8,0,1,8.141342756183745,7.424912989300907,4.249702832315449,253.80681069958848
clip_2.mp4,12,0,4:2:2,16,8,0,1,8.13291288181861,7.421511503056506,4.250190619081585,253.77137088477366
clip_2.mp4,13,0,4:2:2,16,8,0,1,7.898586055582642,7.151627188323424,4.648743655505139,268.7477030285494
clip_2.mp4,14,0,4:2:2,16,8,0,1,7.898766579562856,7.163882094440529,4.65341735336888,268.74988184799383
clip_2.mp4,15,0,4:2:2,16,8,0,1,7.896119721259662,7.158737830559967,4.650912418582117,268.7054023598251
clip_2.mp4,16,1,4:2:2,16,8,0,1,1.0,1.0,1.0,0.37020769032921813
clip_2.mp4,17,0,4:2:2,16,8,0,1,127.48063445223166,288.16008893829905,181.1953862285914,2.710708912037037
clip_2.mp4,18,0,4:2:2,16,8,0,1,6.637941521066885,5.742262788276213,4.9904215481473635,271.3856931584362
clip_2.mp4,19,0,4:2:2,16,8,0,1,6.640832666132907,5.739465467992294,4.990902001559657,271.4000011252572
clip_2.mp4,0,1,4:2:2,16,10,0,1,1.0,1.0,1.0,0.6666666666666666
clip_2.mp4,1,0,4:2:2,16,10,0,1,1036800.0,30494.117647058825,518400.0,0.6669039351851852
clip_2.mp4,2,0,4:2:2,16,10,0,1,28021.62162162162,30494.117647058825,518400.0,0.6725085198045267
clip_2.mp4,3,0,4:2:2,16,10,0,1,233.35584064821066,147.23090031241125,117.36472719040073,8.440529031635803
clip_2.mp4,4,0,4:2:2,16,10,0,1,239.05925755130275,143.64089775561098,115.37947918985088,8.547238136574075
clip_2.mp4,5,0,4:2:2,16,10,0,1,235.1553640281243,141.75553732567678,115.48229004232569,8.551915187757201
clip_2.mp4,6,0,4:2:2,16,10,0,1,41.12490579508945,50.44273620706432,23.68312851203801,72.55757941100823
clip_2.mp4,7,0,4:2:2,16,10,0,1,41.1837140019861,50.11116481391977,24.05010438413361,72.74704973636831
clip_2.mp4,8,0,4:2:2,16,10,0,1,17.82331402245105,16.697265436274037,9.721154387083466,165.97853314686213
clip_2.mp4,9,0,4:2:2,16,10,0,1,17.809230980641395,16.696189893394312,9.751142712036566,166.04439300411522
clip_2.mp4,10,1,4:2:2,16,10,0,1,1.0,1.0,1.0,0.47777970679012344
clip_2.mp4,11,0,4:2:2,16,10,0,1,8.144092626485582,7.424274973147154,4.254515909296084,253.82774530606997
clip_2.mp4,12,0,4:2:2,16,10,0,1,8.135784740695403,7.421299013642936,4.255004801654724,253.78793467078188
clip_2.mp4,13,0,4:2:2,16,10,0,1,7.909914858555342,7.159528774842212,4.652582075353162,268.8389191100823
clip_2.mp4,14,0,4:2:2,16,10,0,1,7.90925110804275,7.171810799219734,4.6569287985770496,268.84190940072017
clip_2.mp4,15,0,4:2:2,16,10,0,1,7.907200219644451,7.16705147170646,4.654085791751208,268.800072498714
clip_2.mp4,16,0,4:2:2,16,10,0,1,7.785888077858881,7.620951736912515,4.882551283741782,273.3784146733539
clip_2.mp4,17,0,4:2:2,16,10,0,1,7.783374747573326,7.623193094422305,4.882919202004408,273.37468942901234
clip_2.mp4,18,0,4:2:2,16,10,0,1,7.6843829443460345,7.335087868240088,5.131707896534316,278.66667840149177
clip_2.mp4,19,0,4:2:2,16,10,0,1,7.705055699645514,7.3305240532820495,5.135876834064812,278.7411204346708
clip_2.mp4,0,1,4:2:2,32,1,0,1,1.0,1.0,1.0,0.6666666666666666
clip_2.mp4,1,1,4:2:2,32,1,0,1,1.0,1.0,1.0,0.6666628086419754
clip_2.mp4,2,1,4:2:2,32,1,0,1,1.0,1.0,1.0,0.6666628086419754
clip_2.mp4,3,1,4:2:2,32,1,0,1,1.0,1.0,1.0,0.6572231867283951
clip_2.mp4,4,1,4:2:2,32,1,0,1,1.0,1.0,1.0,0.6567648855452675
clip_2.mp4,5,1,4:2:2,32,1,0,1,1.0,1.0,1.0,0.6567468814300411
clip_2.mp4,6,1,4:2:2,32,1,0,1,1.0,1.0,1.0,0.5830033114711934
clip_2.mp4,7,1,4:2:2,32,1,0,1,1.0,1.0,1.0,0.5825366512345679
clip_2.mp4,8,1,4:2:2,32,1,0,1,1.0,1.0,1.0,0.47833574459876543
clip_2.mp4,9,1,4:2:2,32,1,0,1,1.0,1.0,1.0,0.4778419174382716
clip_2.mp4,10,1,4:2:2,32,1,0,1,1.0,1.0,1.0,0.47777970679012344
clip_2.mp4,11,1,4:2:2,32,1,0,1,1.0,1.0,1.0,0.39066325874485597
clip_2.mp4,12,1,4:2:2,32,1,0,1,1.0,1.0,1.0,0.39109230324074074
clip_2.mp4,13,1,4:2:2,32,1,0,1,1.0,1.0,1.0,0.3727756880144033
clip_2.mp4,14,1,4:2:2,32,1,0,1,1.0,1.0,1.0,0.3729031635802469
clip_2.mp4,15,1,4:2:2,32,1,0,1,1.0,1.0,1.0,0.3729735725308642
clip_2.mp4,16,1,4:2:2,32,1,0,1,1.0,1.0,1.0,0.37020769032921813
clip_2.mp4,17,1,4:2:2,32,1,0,1,1.0,1.0,1.0,0.37017200360082303
clip_2.mp4,18,1,4:2:2,32,1,0,1,1.0,1.0,1.0,0.3725176826131687
clip_2.mp4,19,1,4:2:2,32,1,0,1,1.0,1.0,1.0,0.37232799639917696
clip_2.mp4,0,1,4:2:2,32,2,0,1,1.0,1.0,1.0,0.6666666666666666
clip_2.mp4,1,0,4:2:2,32,2,0,1,1036800.0,30494.117647058825,518400.0,0.6671508487654321
clip_2.mp4,2,1,4:2:2,32,2,0,1,1.0,1.0,1.0,0.6666628086419754
clip_2.mp4,3,0,4:2:2,32,2,0,1,338.4916748285994,147.73439726417783,185.34143725420094,27.27326742541152
clip_2.mp4,4,1,4:2:2,32,2,0,1,1.0,1.0,1.0,0.6567648855452675
clip_2.mp4,5,0,4:2:2,32,2,0,1,5544.385026737968,9781.132075471698,17875.862068965518,0.7377907986111111
clip_2.mp4,6,1,4:2:2,32,2,0,1,1.0,1.0,1.0,0.5830033114711934
clip_2.mp4,7,0,4:2:2,32,2,0,1,83.13687755592976,214.48076127430699,193.93939393939394,10.14424688143004
clip_2.mp4,8,1,4:2:2,32,2,0,1,1.0,1.0,1.0,0.47833574459876543
clip_2.mp4,9,0,4:2:2,32,2,0,1,236.33462502849326,356.77907777013075,349.09090909090907,3.2649008166152265
clip_2.mp4,10,1,4:2:2,32,2,0,1,1.0,1.0,1.0,0.47777970679012344
clip_2.mp4,11,0,4:2:2,32,2,0,1,14.849187935034802,9.856450232911873,7.7268187983485115,995.4685726916152
clip_2.mp4,12,1,4:2:2,32,2,0,1,1.0,1.0,1.0,0.39109230324074074
clip_2.mp4,13,0,4:2:2,32,2,0,1,12.328473923279983,8.30489739030134,7.55541952691181,1043.4197370113168
clip_2.mp4,14,1,4:2:2,32,2,0,1,1.0,1.0,1.0,0.3729031635802469
clip_2.mp4,15,0,4:2:2,32,2,0,1,76.20727673649394,88.87364992285274,73.04494856981823,17.63031667952675
clip_2.mp4,16,1,4:2:2,32,2,0,1,1.0,1.0,1.0,0.37020769032921813
clip_2.mp4,17,0,4:2:2,32,2,0,1,127.48063445223166,288.16008893829905,181.1953862285914,10.145387570730453
clip_2.mp4,18,1,4:2:2,32,2,0,1,1.0,1.0,1.0,0.3725176826131687
clip_2.mp4,19,0,4:2:2,32,2,0,1,37.37024221453287,81.75366661409872,75.84491587417703,21.505303497942386
clip_2.mp4,0,1,4:2:2,32,4,0,1,1.0,1.0,1.0,0.6666666666666666
clip_2.mp4,1,0,4:2:2,32,4,0,1,1036800.0,30494.117647058825,518400.0,0.6671508487654321
clip_2.mp4,2,0,4:2:2,32,4,0,1,28021.62162162162,30494.117647058825,518400.0,0.6819085969650206
clip_2.mp4,3,0,4:2:2,32,4,0,1,336.95157621059474,147.23090031241125,185.34143725420094,27.281230549125514
clip_2.mp4,4,1,4:2:2,32,4,0,1,1.0,1.0,1.0,0.6567648855452675
clip_2.mp4,5,0,4:2:2,32,4,0,1,5544.385026737968,9781.132075471698,17875.862068965518,0.7377907986111111
clip_2.mp4,6,0,4:2:2,32,4,0,1,72.17542638357118,54.1296857053357,35.98750433877126,266.9289203960905
clip_2.mp4,7,0,4:2:2,32,4,0,1,72.18547657174685,53.659041507090365,36.83649541675549,267.41581613297325
clip_2.mp4,8,1,4:2:2,32,4,0,1,1.0,1.0,1.0,0.47833574459876543
clip_2.mp4,9,0,4:2:2,32,4,0,1,236.33462502849326,356.77907777013075,349.09090909090907,3.2649008166152265
clip_2.mp4,10,0,4:2:2,32,4,0,1,47.27123512515388,91.703520254732,72.71707111796886,19.273343621399178
clip_2.mp4,11,0,4:2:2,32,4,0,1,14.849187935034802,9.861325115562403,7.7189952202980985,995.3757616383745
clip_2.mp4,12,1,4:2:2,32,4,0,1,1.0,1.0,1.0,0.39109230324074074
clip_2.mp4,13,0,4:2:2,32,4,0,1,12.328473923279983,8.30489739030134,7.55541952691181,1043.4197370113168
clip_2.mp4,14,0,4:2:2,32,4,0,1,12.327740984269289,8.30622806876993,7.552117477382981,1043.4295683834875
clip_2.mp4,15,0,4:2:2,32,4,0,1,12.327154695804154,8.301439620798437,7.549477915155752,1043.4112101337448
clip_2.mp4,16,1,4:2:2,32,4,0,1,1.0,1.0,1.0,0.37020769032921813
clip_2.mp4,17,0,4:2:2,32,4,0,1,127.48063445223166,288.16008893829905,181.1953862285914,10.145387570730453
clip_2.mp4,18,0,4:2:2,32,4,0,1,11.662542182227222,7.894015532206487,8.030734911389267,1105.1353743891461
clip_2.mp4,19,0,4:2:2,32,4,0,1,11.662410996501727,7.894015532206487,8.030112923462987,1105.1610804076647
clip_2.mp4,0,1,4:2:2,32,6,0,1,1.0,1.0,1.0,0.6666666666666666
clip_2.mp4,1,0,4:2:2,32,6,0,1,1036800.0,30494.117647058825,518400.0,0.6671508487654321
clip_2.mp4,2,0,4:2:2,32,6,0,1,28021.62162162162,30494.117647058825,518400.0,0.6819085969650206
clip_2.mp4,3,0,4:2:2,32,6,0,1,336.95157621059474,147.23090031241125,185.34143725420094,27.281230549125514
clip_2.mp4,4,0,4:2:2,32,6,0,1,348.5042016806723,143.64089775561098,180.43856595892794,27.607879533179013
clip_2.mp4,5,0,4:2:2,32,6,0,1,340.4926108374384,141.75553732567678,180.69013593586615,27.62271444187243
clip_2.mp4,6,1,4:2:2,32,6,0,1,1.0,1.0,1.0,0.5830033114711934
clip_2.mp4,7,0,4:2:2,32,6,0,1,83.13687755592976,214.48076127430699,193.93939393939394,10.14424688143004
clip_2.mp4,8,0,4:2:2,32,6,0,1,26.464507236388698,20.325426386982944,12.955141821816818,661.0403202160494
clip_2.mp4,9,0,4:2:2,32,6,0,1,26.441559766392086,20.30313711667254,13.013681435923184,661.1399710648149
clip_2.mp4,10,0,4:2:2,32,6,0,1,26.553976181329237,20.227086503570174,12.979794186133853,661.3139866255144
clip_2.mp4,11,0,4:2:2,32,6,0,1,18.311550688802544,11.484525576552427,9.209941904880345,1009.3983867026749
clip_2.mp4,12,1,4:2:2,32,6,0,1,1.0,1.0,1.0,0.39109230324074074
clip_2.mp4,13,0,4:2:2,32,6,0,1,12.328473923279983,8.30489739030134,7.55541952691181,1043.4197370113168
clip_2.mp4,14,0,4:2:2,32,6,0,1,12.327740984269289,8.30622806876993,7.552117477382981,1043.4295683834875
clip_2.mp4,15,0,4:2:2,32,6,0,1,12.327154695804154,8.301439620798437,7.549477915155752,1043.4112101337448
clip_2.mp4,16,0,4:2:2,32,6,0,1,13.610050013783326,10.884582274760115,9.432829302909548,1057.7679793595678
clip_2.mp4,17,0,4:2:2,32,6,0,1,13.603978323907995,10.896479243300053,9.43626335620802,1057.6708809156378
clip_2.mp4,18,1,4:2:2,32,6,0,1,1.0,1.0,1.0,0.3725176826131687
clip_2.mp4,19,0,4:2:2,32,6,0,1,37.37024221453287,81.75366661409872,75.84491587417703,21.505303497942386
clip_2.mp4,0,1,4:2:2,32,8,0,1,1.0,1.0,1.0,0.6666666666666666
clip_2.mp4,1,0,4:2:2,32,8,0,1,1036800.0,30494.117647058825,518400.0,0.6671508487654321
clip_2.mp4,2,0,4:2:2,32,8,0,1,28021.62162162162,30494.117647058825,518400.0,0.6819085969650206
clip_2.mp4,3,0,4:2:2,32,8,0,1,336.95157621059474,147.23090031241125,185.34143725420094,27.281230549125514
clip_2.mp4,4,0,4:2:2,32,8,0,1,348.5042016806723,143.64089775561098,180.43856595892794,27.607879533179013
clip_2.mp4,5,0,4:2:2,32,8,0,1,340.4926108374384,141.75553732567678,180.69013593586615,27.62271444187243
clip_2.mp4,6,0,4:2:2,32,8,0,1,78.46817528191932,53.97188964081208,41.46868250539957,265.5212995113169
clip_2.mp4,7,0,4:2:2,32,8,0,1,78.52760736196319,53.59247389641269,42.586051096689395,266.0017677790638
clip_2.mp4,8,1,4:2:2,32,8,0,1,1.0,1.0,1.0,0.47833574459876543
clip_2.mp4,9,0,4:2:2,32,8,0,1,236.33462502849326,356.77907777013075,349.09090909090907,3.2649008166152265
clip_2.mp4,10,0,4:2:2,32,8,0,1,47.27123512515388,91.703520254732,72.71707111796886,19.273343621399178
clip_2.mp4,11,0,4:2:2,32,8,0,1,14.849187935034802,9.861325115562403,7.7189952202980985,995.3757616383745
clip_2.mp4,12,0,4:2:2,32,8,0,1,14.821168196243246,9.856075441565109,7.719454992182265,995.3908992412552
clip_2.mp4,13,0,4:2:2,32,8,0,1,14.877100342942418,10.167696381288614,8.71099460603922,1028.4275462962962
clip_2.mp4,14,0,4:2:2,32,8,0,1,14.876886873672731,10.184475747038368,8.723307587460246,1028.482427340535
clip_2.mp4,15,0,4:2:2,32,8,0,1,14.874325720188224,10.172484841349267,8.718026335704556,1028.3398442322532
clip_2.mp4,16,1,4:2:2,32,8,0,1,1.0,1.0,1.0,0.37020769032921813
clip_2.mp4,17,0,4:2:2,32,8,0,1,127.48063445223166,288.16008893829905,181.1953862285914,10.145387570730453
clip_2.mp4,18,0,4:2:2,32,8,0,1,11.662542182227222,7.894015532206487,8.030734911389267,1105.1353743891461
clip_2.mp4,19,0,4:2:2,32,8,0,1,11.662410996501727,7.894015532206487,8.030112923462987,1105.1610804076647
clip_2.mp4,0,1,4:2:2,32,10,0,1,1.0,1.0,1.0,0.6666666666666666
clip_2.mp4,1,0,4:2:2,32,10,0,1,1036800.0,30494.117647058825,518400.0,0.6671508487654321
clip_2.mp4,2,0,4:2:2,32,10,0,1,28021.62162162162,30494.117647058825,518400.0,0.6819085969650206
clip_2.mp4,3,0,4:2:2,32,10,0,1,336.95157621059474,147.23090031241125,185.34143725420094,27.281230549125514
clip_2.mp4,4,0,4:2:2,32,10,0,1,348.5042016806723,143.64089775561098,180.43856595892794,27.607879533179013
clip_2.mp4,5,0,4:2:2,32,10,0,1,340.4926108374384,141.75553732567678,180.69013593586615,27.62271444187243
clip_2.mp4,6,0,4:2:2,32,10,0,1,78.46817528191932,53.97188964081208,41.46868250539957,265.5212995113169
clip_2.mp4,7,0,4:2:2,32,10,0,1,78.52760736196319,53.59247389641269,42.586051096689395,266.0017677790638
clip_2.mp4,8,0,4:2:2,32,10,0,1,32.439535684115015,21.022750314286874,17.64405568224363,635.7916443222737
clip_2.mp4,9,0,4:2:2,32,10,0,1,32.407089050729844,21.005713359536447,17.735810325361797,635.9240878986626
clip_2.mp4,10,1,4:2:2,32,10,0,1,1.0,1.0,1.0,0.47777970679012344
clip_2.mp4,11,0,4:2:2,32,10,0,1,14.849187935034802,9.856450232911873,7.7268187983485115,995.4685726916152
clip_2.mp4,12,0,4:2:2,32,10,0,1,14.821168196243246,9.851954617153499,7.7272795027352545,995.4815374228396
clip_2.mp4,13,0,4:2:2,32,10,0,1,14.899334645839021,10.179675994108983,8.722720465750198,1028.867822466564
clip_2.mp4,14,0,4:2:2,32,10,0,1,14.899120538023798,10.196494954859267,8.734477936344796,1028.9236040380658
clip_2.mp4,15,0,4:2:2,32,10,0,1,14.895695649675305,10.185276145941804,8.72800740803098,1028.781445151749
clip_2.mp4,16,0,4:2:2,32,10,0,1,15.67489114658926,12.082507866216059,9.311515456325328,1056.566467013889
clip_2.mp4,17,0,4:2:2,32,10,0,1,15.668258477906063,12.089270306196218,9.315531276393108,1056.4923955118313
clip_2.mp4,18,0,4:2:2,32,10,0,1,15.076779897626803,11.803009949682384,9.57411443135227,1099.6876544817387
clip_2.mp4,19,0,4:2:2,32,10,0,1,15.109737969628961,11.796563886676527,9.58013010053223,1099.995971096965
clip_2.mp4,0,1,4:4:0,1,1,0,1,1.0,1.0,1.0,0.6666666666666666
clip_2.mp4,1,1,4:4:0,1,1,0,1,1.0,1.0,1.0,0.6666628086419754
clip_2.mp4,2,1,4:4:0,1,1,0,1,1.0,1.0,1.0,0.6666628086419754
clip_2.mp4,3,1,4:4:0,1,1,0,1,1.0,1.0,1.0,0.6572243119855967
clip_2.mp4,4,1,4:4:0,1,1,0,1,1.0,1.0,1.0,0.6567629565329218
clip_2.mp4,5,1,4:4:0,1,1,0,1,1.0,1.0,1.0,0.6567449524176955
clip_2.mp4,6,1,4:4:0,1,1,0,1,1.0,1.0,1.0,0.5830031507201646
clip_2.mp4,7,1,4:4:0,1,1,0,1,1.0,1.0,1.0,0.5825368119855967
clip_2.mp4,8,1,4:4:0,1,1,0,1,1.0,1.0,1.0,0.4783347800925926
clip_2.mp4,9,1,4:4:0,1,1,0,1,1.0,1.0,1.0,0.4778409529320988
clip_2.mp4,10,1,4:4:0,1,1,0,1,1.0,1.0,1.0,0.4777801890432099
clip_2.mp4,11,1,4:4:0,1,1,0,1,1.0,1.0,1.0,0.3906528099279835
clip_2.mp4,12,1,4:4:0,1,1,0,1,1.0,1.0,1.0,0.39108426568930044
clip_2.mp4,13,1,4:4:0,1,1,0,1,1.0,1.0,1.0,0.3727813143004115
clip_2.mp4,14,1,4:4:0,1,1,0,1,1.0,1.0,1.0,0.37290412808641976
clip_2.mp4,15,1,4:4:0,1,1,0,1,1.0,1.0,1.0,0.3729825745884774
clip_2.mp4,16,1,4:4:0,1,1,0,1,1.0,1.0,1.0,0.3702371077674897
clip_2.mp4,17,1,4:4:0,1,1,0,1,1.0,1.0,1.0,0.3702020640432099
clip_2.mp4,18,1,4:4:0,1,1,0,1,1.0,1.0,1.0,0.3725123778292181
clip_2.mp4,19,1,4:4:0,1,1,0,1,1.0,1.0,1.0,0.37232349537037035
clip_2.mp4,0,1,4:4:0,1,2,0,1,1.0,1.0,1.0,0.6666666666666666
clip_2.mp4,1,0,4:4:0,1,2,0,1,31418.18181818182,47127.27272727273,57600.0,0.6666628086419754
clip_2.mp4,2,1,4:4:0,1,2,0,1,1.0,1.0,1.0,0.6666628086419754
clip_2.mp4,3,0,4:4:0,1,2,0,1,27.53784860557769,92.80343716433941,41.42229324810228,0.6572243119855967
clip_2.mp4,4,1,4:4:0,1,2,0,1,1.0,1.0,1.0,0.6567629565329218
clip_2.mp4,5,0,4:4:0,1,2,0,1,2005.4158607350096,14010.81081081081,6027.906976744186,0.6567449524176955
clip_2.mp4,6,1,4:4:0,1,2,0,1,1.0,1.0,1.0,0.5830031507201646
clip_2.mp4,7,0,4:4:0,1,2,0,1,49.91334488734835,216.4509394572025,106.0556464811784,0.5825368119855967
clip_2.mp4,8,1,4:4:0,1,2,0,1,1.0,1.0,1.0,0.4783347800925926
clip_2.mp4,9,0,4:4:0,1,2,0,1,72.34161317331845,248.7523992322457,118.0327868852459,0.4778409529320988
clip_2.mp4,10,1,4:4:0,1,2,0,1,1.0,1.0,1.0,0.4777801890432099
clip_2.mp4,11,0,4:4:0,1,2,0,1,0.9027568564418076,2.26430917604305,1.5999753090230089,0.3906528099279835
clip_2.mp4,12,1,4:4:0,1,2,0,1,1.0,1.0,1.0,0.39108426568930044
clip_2.mp4,13,0,4:4:0,1,2,0,1,0.804040676641176,1.8897500018226756,1.544309529200081,0.3727813143004115
clip_2.mp4,14,1,4:4:0,1,2,0,1,1.0,1.0,1.0,0.37290412808641976
clip_2.mp4,15,0,4:4:0,1,2,0,1,35.73077850914981,101.03293704930813,80.92413362472682,0.3729825745884774
clip_2.mp4,16,1,4:4:0,1,2,0,1,1.0,1.0,1.0,0.3702371077674897
clip_2.mp4,17,0,4:4:0,1,2,0,1,45.90657516050476,259.0704647676162,125.0965250965251,0.3702020640432099
clip_2.mp4,18,1,4:4:0,1,2,0,1,1.0,1.0,1.0,0.3725123778292181
clip_2.mp4,19,0,4:4:0,1,2,0,1,17.33402437597178,61.75104228707564,52.022077270446566,0.37232349537037035
clip_2.mp4,0,1,4:4:0,1,4,0,1,1.0,1.0,1.0,0.6666666666666666
clip_2.mp4,1,0,4:4:0,1,4,0,1,31418.18181818182,47127.27272727273,57600.0,0.6666628086419754
clip_2.mp4,2,0,4:4:0,1,4,0,1,15474.626865671642,47127.27272727273,57600.0,0.6666628086419754
clip_2.mp4,3,0,4:4:0,1,4,0,1,27.504974134500596,92.68728768102986,41.41236619268254,0.6572243119855967
clip_2.mp4,4,1,4:4:0,1,4,0,1,1.0,1.0,1.0,0.6567629565329218
clip_2.mp4,5,0,4:4:0,1,4,0,1,2005.4158607350096,14010.81081081081,6027.906976744186,0.6567449524176955
clip_2.mp4,6,0,4:4:0,1,4,0,1,3.914373088685015,14.000594161017636,6.8011860092886565,0.5830031507201646
clip_2.mp4,7,0,4:4:0,1,4,0,1,3.9119804400977993,13.967774963625587,6.803238887649444,0.5825368119855967
clip_2.mp4,8,1,4:4:0,1,4,0,1,1.0,1.0,1.0,0.4783347800925926
clip_2.mp4,9,0,4:4:0,1,4,0,1,72.34161317331845,248.7523992322457,118.0327868852459,0.4778409529320988
clip_2.mp4,10,0,4:4:0,1,4,0,1,23.19774466371325,88.32850570795706,49.62190102421748,0.4777801890432099
clip_2.mp4,11,0,4:4:0,1,4,0,1,0.9023726447403807,2.262441464127821,1.5995013899987967,0.3906528099279835
clip_2.mp4,12,1,4:4:0,1,4,0,1,1.0,1.0,1.0,0.39108426568930044
clip_2.mp4,13,0,4:4:0,1,4,0,1,0.804040676641176,1.8897500018226756,1.544309529200081,0.3727813143004115
clip_2.mp4,14,0,4:4:0,1,4,0,1,0.8038293537267818,1.8870465755419252,1.5426184042945734,0.37290412808641976
clip_2.mp4,15,0,4:4:0,1,4,0,1,0.803896042471267,1.888435156076397,1.543720891451169,0.3729825745884774
clip_2.mp4,16,1,4:4:0,1,4,0,1,1.0,1.0,1.0,0.3702371077674897
clip_2.mp4,17,0,4:4:0,1,4,0,1,45.90657516050476,259.0704647676162,125.0965250965251,0.3702020640432099
clip_2.mp4,18,0,4:4:0,1,4,0,1,0.81062189898813,1.8135893255714695,1.6045462142737756,0.3725123778292181
clip_2.mp4,19,0,4:4:0,1,4,0,1,0.8105870423345657,1.8132658022406984,1.6042532516765127,0.37232349537037035
clip_2.mp4,0,1,4:4:0,1,6,0,1,1.0,1.0,1.0,0.6666666666666666
clip_2.mp4,1,0,4:4:0,1,6,0,1,31418.18181818182,47127.27272727273,57600.0,0.6666628086419754
clip_2.mp4,2,0,4:4:0,1,6,0,1,15474.626865671642,47127.27272727273,57600.0,0.6666628086419754
clip_2.mp4,3,0,4:4:0,1,6,0,1,27.504974134500596,92.68728768102986,41.41236619268254,0.6572243119855967
clip_2.mp4,4,0,4:4:0,1,6,0,1,27.192614351657575,90.15652173913044,40.91554853985793,0.6567629565329218
clip_2.mp4,5,0,4:4:0,1,6,0,1,27.154867604305807,89.78178039487356,40.834974399369834,0.6567449524176955
clip_2.mp4,6,1,4:4:0,1,6,0,1,1.0,1.0,1.0,0.5830031507201646
clip_2.mp4,7,0,4:4:0,1,6,0,1,49.91334488734835,216.4509394572025,106.0556464811784,0.5825368119855967
clip_2.mp4,8,0,4:4:0,1,6,0,1,1.4795491713211768,4.2114840931985835,2.5686255078783073,0.4783347800925926
clip_2.mp4,9,0,4:4:0,1,6,0,1,1.4784078027078476,4.210423722618844,2.5681419611806318,0.4778409529320988
clip_2.mp4,10,0,4:4:0,1,6,0,1,1.4795491713211768,4.210081781488309,2.567836657057093,0.4777801890432099
clip_2.mp4,11,0,4:4:0,1,6,0,1,1.0258175968085674,2.6495888128472345,1.906204725799216,0.3906528099279835
clip_2.mp4,12,1,4:4:0,1,6,0,1,1.0,1.0,1.0,0.39108426568930044
clip_2.mp4,13,0,4:4:0,1,6,0,1,0.804040676641176,1.8897500018226756,1.544309529200081,0.3727813143004115
clip_2.mp4,14,0,4:4:0,1,6,0,1,0.8038293537267818,1.8870465755419252,1.5426184042945734,0.37290412808641976
clip_2.mp4,15,0,4:4:0,1,6,0,1,0.803896042471267,1.888435156076397,1.543720891451169,0.3729825745884774
clip_2.mp4,16,0,4:4:0,1,6,0,1,0.7917435080926908,1.86214254155157,1.5358088771175142,0.3702371077674897
clip_2.mp4,17,0,4:4:0,1,6,0,1,0.7916111210367907,1.8615942055007524,1.5354631565852532,0.3702020640432099
clip_2.mp4,18,1,4:4:0,1,6,0,1,1.0,1.0,1.0,0.3725123778292181
clip_2.mp4,19,0,4:4:0,1,6,0,1,17.33402437597178,61.75104228707564,52.022077270446566,0.37232349537037035
clip_2.mp4,0,1,4:4:0,1,8,0,1,1.0,1.0,1.0,0.6666666666666666
clip_2.mp4,1,0,4:4:0,1,8,0,1,31418.18181818182,47127.27272727273,57600.0,0.6666628086419754
clip_2.mp4,2,0,4:4:0,1,8,0,1,15474.626865671642,47127.27272727273,57600.0,0.6666628086419754
clip_2.mp4,3,0,4:4:0,1,8,0,1,27.504974134500596,92.68728768102986,41.41236619268254,0.6572243119855967
clip_2.mp4,4,0,4:4:0,1,8,0,1,27.192614351657575,90.15652173913044,40.91554853985793,0.6567629565329218
clip_2.mp4,5,0,4:4:0,1,8,0,1,27.154867604305807,89.78178039487356,40.834974399369834,0.6567449524176955
clip_2.mp4,6,0,4:4:0,1,8,0,1,4.212202712255527,15.28707499041609,7.567551786053166,0.5830031507201646
clip_2.mp4,7,0,4:4:0,1,8,0,1,4.20958606549057,15.24705882352941,7.569761838704496,0.5825368119855967
clip_2.mp4,8,1,4:4:0,1,8,0,1,1.0,1.0,1.0,0.4783347800925926
clip_2.mp4,9,0,4:4:0,1,8,0,1,72.34161317331845,248.7523992322457,118.0327868852459,0.4778409529320988
clip_2.mp4,10,0,4:4:0,1,8,0,1,23.19774466371325,88.32850570795706,49.62190102421748,0.4777801890432099
clip_2.mp4,11,0,4:4:0,1,8,0,1,0.9023726447403807,2.262441464127821,1.5995013899987967,0.3906528099279835
clip_2.mp4,12,0,4:4:0,1,8,0,1,0.9021724186539463,2.261000789431217,1.5987368005526497,0.39108426568930044
clip_2.mp4,13,0,4:4:0,1,8,0,1,0.8798878414572463,2.1760392224353673,1.6162220808859291,0.3727813143004115
clip_2.mp4,14,0,4:4:0,1,8,0,1,0.8796608961545379,2.1729107111420354,1.614923085549803,0.37290412808641976
clip_2.mp4,15,0,4:4:0,1,8,0,1,0.8797071715479894,2.1743598347419417,1.615577356985253,0.3729825745884774
clip_2.mp4,16,1,4:4:0,1,8,0,1,1.0,1.0,1.0,0.3702371077674897
clip_2.mp4,17,0,4:4:0,1,8,0,1,45.90657516050476,259.0704647676162,125.0965250965251,0.3702020640432099
clip_2.mp4,18,0,4:4:0,1,8,0,1,0.81062189898813,1.8135893255714695,1.6045462142737756,0.3725123778292181
clip_2.mp4,19,0,4:4:0,1,8,0,1,0.8105870423345657,1.8132658022406984,1.6042532516765127,0.37232349537037035
clip_2.mp4,0,1,4:4:0,1,10,0,1,1.0,1.0,1.0,0.6666666666666666
clip_2.mp4,1,0,4:4:0,1,10,0,1,31418.18181818182,47127.27272727273,57600.0,0.6666628086419754
clip_2.mp4,2,0,4:4:0,1,10,0,1,15474.626865671642,47127.27272727273,57600.0,0.6666628086419754
clip_2.mp4,3,0,4:4:0,1,10,0,1,27.504974134500596,92.68728768102986,41.41236619268254,0.6572243119855967
clip_2.mp4,4,0,4:4:0,1,10,0,1,27.192614351657575,90.15652173913044,40.91554853985793,0.6567629565329218
clip_2.mp4,5,0,4:4:0,1,10,0,1,27.154867604305807,89.78178039487356,40.834974399369834,0.6567449524176955
clip_2.mp4,6,0,4:4:0,1,10,0,1,4.212202712255527,15.28707499041609,7.567551786053166,0.5830031507201646
clip_2.mp4,7,0,4:4:0,1,10,0,1,4.20958606549057,15.24705882352941,7.569761838704496,0.5825368119855967
clip_2.mp4,8,0,4:4:0,1,10,0,1,1.7824846130041605,4.6552978259112585,3.117126759547103,0.4783347800925926
clip_2.mp4,9,0,4:4:0,1,10,0,1,1.7809169798616216,4.652456809513126,3.116395945799719,0.4778409529320988
clip_2.mp4,10,1,4:4:0,1,10,0,1,1.0,1.0,1.0,0.4777801890432099
clip_2.mp4,11,0,4:4:0,1,10,0,1,0.9027568564418076,2.26430917604305,1.5999753090230089,0.3906528099279835
clip_2.mp4,12,0,4:4:0,1,10,0,1,0.9025478172758516,2.262767350501964,1.599220133391741,0.39108426568930044
clip_2.mp4,13,0,4:4:0,1,10,0,1,0.8801881266289169,2.1759204848810465,1.616453904247557,0.3727813143004115
clip_2.mp4,14,0,4:4:0,1,10,0,1,0.8799445960809875,2.1727832078729863,1.6151444719312567,0.37290412808641976
clip_2.mp4,15,0,4:4:0,1,10,0,1,0.8799946358351673,2.1743051157406437,1.6157838141100567,0.3729825745884774
clip_2.mp4,16,0,4:4:0,1,10,0,1,0.8817128769369322,2.1260104085926255,1.62583267472056,0.3702371077674897
clip_2.mp4,17,0,4:4:0,1,10,0,1,0.8816678897881123,2.125225989742833,1.625521694004321,0.3702020640432099
clip_2.mp4,18,0,4:4:0,1,10,0,1,0.8806576392463447,1.9827200440604453,1.6525869488985943,0.3725123778292181
clip_2.mp4,19,0,4:4:0,1,10,0,1,0.8803959064307623,1.9826214661608126,1.6525974853995054,0.37232349537037035
clip_2.mp4,0,1,4:4:0,2,1,0,1,1.0,1.0,1.0,0.6666666666666666
clip_2.mp4,1,1,4:4:0,2,1,0,1,1.0,1.0,1.0,0.6666628086419754
clip_2.mp4,2,1,4:4:0,2,1,0,1,1.0,1.0,1.0,0.6666628086419754
clip_2.mp4,3,1,4:4:0,2,1,0,1,1.0,1.0,1.0,0.6572243119855967
clip_2.mp4,4,1,4:4:0,2,1,0,1,1.0,1.0,1.0,0.6567629565329218
clip_2.mp4,5,1,4:4:0,2,1,0,1,1.0,1.0,1.0,0.6567449524176955
clip_2.mp4,6,1,4:4:0,2,1,0,1,1.0,1.0,1.0,0.5830031507201646
clip_2.mp4,7,1,4:4:0,2,1,0,1,1.0,1.0,1.0,0.5825368119855967
clip_2.mp4,8,1,4:4:0,2,1,0,1,1.0,1.0,1.0,0.4783347800925926
clip_2.mp4,9,1,4:4:0,2,1,0,1,1.0,1.0,1.0,0.4778409529320988
clip_2.mp4,10,1,4:4:0,2,1,0,1,1.0,1.0,1.0,0.4777801890432099
clip_2.mp4,11,1,4:4:0,2,1,0,1,1.0,1.0,1.0,0.3906528099279835
clip_2.mp4,12,1,4:4:0,2,1,0,1,1.0,1.0,1.0,0.39108426568930044
clip_2.mp4,13,1,4:4:0,2,1,0,1,1.0,1.0,1.0,0.3727813143004115
clip_2.mp4,14,1,4:4:0,2,1,0,1,1.0,1.0,1.0,0.37290412808641976
clip_2.mp4,15,1,4:4:0,2,1,0,1,1.0,1.0,1.0,0.3729825745884774
clip_2.mp4,16,1,4:4:0,2,1,0,1,1.0,1.0,1.0,0.3702371077674897
clip_2.mp4,17,1,4:4:0,2,1,0,1,1.0,1.0,1.0,0.3702020640432099
clip_2.mp4,18,1,4:4:0,2,1,0,1,1.0,1.0,1.0,0.3725123778292181
clip_2.mp4,19,1,4:4:0,2,1,0,1,1.0,1.0,1.0,0.37232349537037035
clip_2.mp4,0,1,4:4:0,2,2,0,1,1.0,1.0,1.0,0.6666666666666666
clip_2.mp4,1,0,4:4:0,2,2,0,1,1036800.0,57600.0,518400.0,0.6667007458847737
clip_2.mp4,2,1,4:4:0,2,2,0,1,1.0,1.0,1.0,0.6666628086419754
clip_2.mp4,3,0,4:4:0,2,2,0,1,41.83175307645754,131.9419699669127,48.512071869736104,0.7145289994855967
clip_2.mp4,4,1,4:4:0,2,2,0,1,1.0,1.0,1.0,0.6567629565329218
clip_2.mp4,5,0,4:4:0,2,2,0,1,4527.510917030568,19200.0,17875.862068965518,0.6572077546296297
clip_2.mp4,6,1,4:4:0,2,2,0,1,1.0,1.0,1.0,0.5830031507201646
clip_2.mp4,7,0,4:4:0,2,2,0,1,68.84462151394422,357.2708476912474,161.04380242311277,0.6046585648148148
clip_2.mp4,8,1,4:4:0,2,2,0,1,1.0,1.0,1.0,0.4783347800925926
clip_2.mp4,9,0,4:4:0,2,2,0,1,146.33733239237827,546.259220231823,228.37004405286345,0.4946506880144033
clip_2.mp4,10,1,4:4:0,2,2,0,1,1.0,1.0,1.0,0.4777801890432099
clip_2.mp4,11,0,4:4:0,2,2,0,1,1.2723829813867356,3.0903866560156428,1.9296769726703542,1.9913901748971194
clip_2.mp4,12,1,4:4:0,2,2,0,1,1.0,1.0,1.0,0.39108426568930044
clip_2.mp4,13,0,4:4:0,2,2,0,1,1.099643527980561,2.5532166392497957,1.8998057683145821,2.0967766203703704
clip_2.mp4,14,1,4:4:0,2,2,0,1,1.0,1.0,1.0,0.37290412808641976
clip_2.mp4,15,0,4:4:0,2,2,0,1,58.46067098956865,145.94594594594594,112.40242844752818,0.4002633101851852
clip_2.mp4,16,1,4:4:0,2,2,0,1,1.0,1.0,1.0,0.3702371077674897
clip_2.mp4,17,0,4:4:0,2,2,0,1,77.53514807059527,412.0826709062003,191.64510166358596,0.3870759387860082
clip_2.mp4,18,1,4:4:0,2,2,0,1,1.0,1.0,1.0,0.3725123778292181
clip_2.mp4,19,0,4:4:0,2,2,0,1,28.529759775460224,108.7704574066303,88.63053513421097,0.4193328832304527
clip_2.mp4,0,1,4:4:0,2,4,0,1,1.0,1.0,1.0,0.6666666666666666
clip_2.mp4,1,0,4:4:0,2,4,0,1,1036800.0,57600.0,518400.0,0.6667007458847737
clip_2.mp4,2,0,4:4:0,2,4,0,1,28021.62162162162,57600.0,518400.0,0.6667291988168724
clip_2.mp4,3,0,4:4:0,2,4,0,1,41.80813742489617,131.7407878017789,48.512071869736104,0.7145706340020576
clip_2.mp4,4,1,4:4:0,2,4,0,1,1.0,1.0,1.0,0.6567629565329218
clip_2.mp4,5,0,4:4:0,2,4,0,1,4527.510917030568,19200.0,17875.862068965518,0.6572077546296297
clip_2.mp4,6,0,4:4:0,2,4,0,1,5.8788174323266915,21.35794330916282,8.365338066806519,1.0823757394547324
clip_2.mp4,7,0,4:4:0,2,4,0,1,5.876984644336997,21.354424122590213,8.376827987395977,1.0828907857510288
clip_2.mp4,8,1,4:4:0,2,4,0,1,1.0,1.0,1.0,0.4783347800925926
clip_2.mp4,9,0,4:4:0,2,4,0,1,146.33733239237827,546.259220231823,228.37004405286345,0.4946506880144033
clip_2.mp4,10,0,4:4:0,2,4,0,1,35.511713933415535,145.8227848101266,77.82615222939499,0.5240171682098765
clip_2.mp4,11,0,4:4:0,2,4,0,1,1.2714951104832124,3.0917136825029523,1.9282629638859854,1.9909445730452675
clip_2.mp4,12,1,4:4:0,2,4,0,1,1.0,1.0,1.0,0.39108426568930044
clip_2.mp4,13,0,4:4:0,2,4,0,1,1.099643527980561,2.5532166392497957,1.8998057683145821,2.0967766203703704
clip_2.mp4,14,0,4:4:0,2,4,0,1,1.099528076780317,2.55153269151261,1.898337855801026,2.0971497235082306
clip_2.mp4,15,0,4:4:0,2,4,0,1,1.0994662795346357,2.551821569389955,1.8988106793449395,2.0964933770576133
clip_2.mp4,16,1,4:4:0,2,4,0,1,1.0,1.0,1.0,0.3702371077674897
clip_2.mp4,17,0,4:4:0,2,4,0,1,77.53514807059527,412.0826709062003,191.64510166358596,0.3870759387860082
clip_2.mp4,18,0,4:4:0,2,4,0,1,1.106555015037963,2.4391965331790013,2.0431408561170077,2.0519434799382714
clip_2.mp4,19,0,4:4:0,2,4,0,1,1.1071765715969912,2.439357221843164,2.042625625022164,2.0515427276234566
clip_2.mp4,0,1,4:4:0,2,6,0,1,1.0,1.0,1.0,0.6666666666666666
clip_2.mp4,1,0,4:4:0,2,6,0,1,1036800.0,57600.0,518400.0,0.6667007458847737
clip_2.mp4,2,0,4:4:0,2,6,0,1,28021.62162162162,57600.0,518400.0,0.6667291988168724
clip_2.mp4,3,0,4:4:0,2,6,0,1,41.80813742489617,131.7407878017789,48.512071869736104,0.7145706340020576
clip_2.mp4,4,0,4:4:0,2,6,0,1,41.405750798722046,128.53954872303495,48.17843866171004,0.7139258616255144
clip_2.mp4,5,0,4:4:0,2,6,0,1,41.26895673287426,127.77914715306876,48.18739542665923,0.7140967399691358
clip_2.mp4,6,1,4:4:0,2,6,0,1,1.0,1.0,1.0,0.5830031507201646
clip_2.mp4,7,0,4:4:0,2,6,0,1,68.84462151394422,357.2708476912474,161.04380242311277,0.6046585648148148
clip_2.mp4,8,0,4:4:0,2,6,0,1,2.139624533866038,5.974483974691422,3.111943523987898,1.6031756365740741
clip_2.mp4,9,0,4:4:0,2,6,0,1,2.1392183847333097,5.969393042617137,3.1118874822164995,1.6038143004115226
clip_2.mp4,10,0,4:4:0,2,6,0,1,2.142781854969547,5.966507452379582,3.111924843173155,1.603442483281893
clip_2.mp4,11,0,4:4:0,2,6,0,1,1.4752838726201656,3.668737880567862,2.329531667071099,2.0593904320987653
clip_2.mp4,12,1,4:4:0,2,6,0,1,1.0,1.0,1.0,0.39108426568930044
clip_2.mp4,13,0,4:4:0,2,6,0,1,1.099643527980561,2.5532166392497957,1.8998057683145821,2.0967766203703704
clip_2.mp4,14,0,4:4:0,2,6,0,1,1.099528076780317,2.55153269151261,1.898337855801026,2.0971497235082306
clip_2.mp4,15,0,4:4:0,2,6,0,1,1.0994662795346357,2.551821569389955,1.8988106793449395,2.0964933770576133
clip_2.mp4,16,0,4:4:0,2,6,0,1,1.083667537321623,2.4979641399515247,1.8961575742058194,2.092723443930041
clip_2.mp4,17,0,4:4:0,2,6,0,1,1.0832984179956262,2.498048399687744,1.8958039247237115,2.09253504372428
clip_2.mp4,18,1,4:4:0,2,6,0,1,1.0,1.0,1.0,0.3725123778292181
clip_2.mp4,19,0,4:4:0,2,6,0,1,28.529759775460224,108.7704574066303,88.63053513421097,0.4193328832304527
clip_2.mp4,0,1,4:4:0,2,8,0,1,1.0,1.0,1.0,0.6666666666666666
clip_2.mp4,1,0,4:4:0,2,8,0,1,1036800.0,57600.0,518400.0,0.6667007458847737
clip_2.mp4,2,0,4:4:0,2,8,0,1,28021.62162162162,57600.0,518400.0,0.6667291988168724
clip_2.mp4,3,0,4:4:0,2,8,0,1,41.80813742489617,131.7407878017789,48.512071869736104,0.7145706340020576
clip_2.mp4,4,0,4:4:0,2,8,0,1,41.405750798722046,128.53954872303495,48.17843866171004,0.7139258616255144
clip_2.mp4,5,0,4:4:0,2,8,0,1,41.26895673287426,127.77914715306876,48.18739542665923,0.7140967399691358
clip_2.mp4,6,0,4:4:0,2,8,0,1,6.421126298252894,23.452768729641694,9.527835468396773,1.0913930684156379
clip_2.mp4,7,0,4:4:0,2,8,0,1,6.419814241486068,23.44216333544361,9.540109313752554,1.0918023405349795
clip_2.mp4,8,1,4:4:0,2,8,0,1,1.0,1.0,1.0,0.4783347800925926
clip_2.mp4,9,0,4:4:0,2,8,0,1,146.33733239237827,546.259220231823,228.37004405286345,0.4946506880144033
clip_2.mp4,10,0,4:4:0,2,8,0,1,35.511713933415535,145.8227848101266,77.82615222939499,0.5240171682098765
clip_2.mp4,11,0,4:4:0,2,8,0,1,1.2714951104832124,3.0917136825029523,1.9282629638859854,1.9909445730452675
clip_2.mp4,12,0,4:4:0,2,8,0,1,1.2708670161714395,3.0898340644669084,1.9270157648029678,1.9926625192901235
clip_2.mp4,13,0,4:4:0,2,8,0,1,1.230889046654589,2.9328731860484853,1.9852561033987555,2.0637130272633746
clip_2.mp4,14,0,4:4:0,2,8,0,1,1.2307443938097167,2.9318447886798213,1.9848152444837528,2.063310345936214
clip_2.mp4,15,0,4:4:0,2,8,0,1,1.2305048416710085,2.932309136880688,1.985050851611322,2.063303755144033
clip_2.mp4,16,1,4:4:0,2,8,0,1,1.0,1.0,1.0,0.3702371077674897
clip_2.mp4,17,0,4:4:0,2,8,0,1,77.53514807059527,412.0826709062003,191.64510166358596,0.3870759387860082
clip_2.mp4,18,0,4:4:0,2,8,0,1,1.106555015037963,2.4391965331790013,2.0431408561170077,2.0519434799382714
clip_2.mp4,19,0,4:4:0,2,8,0,1,1.1071765715969912,2.439357221843164,2.042625625022164,2.0515427276234566
clip_2.mp4,0,1,4:4:0,2,10,0,1,1.0,1.0,1.0,0.6666666666666666
clip_2.mp4,1,0,4:4:0,2,10,0,1,1036800.0,57600.0,518400.0,0.6667007458847737
clip_2.mp4,2,0,4:4:0,2,10,0,1,28021.62162162162,57600.0,518400.0,0.6667291988168724
clip_2.mp4,3,0,4:4:0,2,10,0,1,41.80813742489617,131.7407878017789,48.512071869736104,0.7145706340020576
clip_2.mp4,4,0,4:4:0,2,10,0,1,41.405750798722046,128.53954872303495,48.17843866171004,0.7139258616255144
clip_2.mp4,5,0,4:4:0,2,10,0,1,41.26895673287426,127.77914715306876,48.18739542665923,0.7140967399691358
clip_2.mp4,6,0,4:4:0,2,10,0,1,6.421126298252894,23.452768729641694,9.527835468396773,1.0913930684156379
clip_2.mp4,7,0,4:4:0,2,10,0,1,6.419814241486068,23.44216333544361,9.540109313752554,1.0918023405349795
clip_2.mp4,8,0,4:4:0,2,10,0,1,2.665384704373154,6.579264655489701,3.9633633541797275,1.6444536072530864
clip_2.mp4,9,0,4:4:0,2,10,0,1,2.6650284418785777,6.574091687274111,3.9629997706597355,1.645191132973251
clip_2.mp4,10,1,4:4:0,2,10,0,1,1.0,1.0,1.0,0.4777801890432099
clip_2.mp4,11,0,4:4:0,2,10,0,1,1.2723829813867356,3.0903866560156428,1.9296769726703542,1.9913901748971194
clip_2.mp4,12,0,4:4:0,2,10,0,1,1.2717758495065246,3.088453449785822,1.9284638134032699,1.9930483217592592
clip_2.mp4,13,0,4:4:0,2,10,0,1,1.231602580093368,2.9328731860484853,1.9855830735171325,2.0641666666666665
clip_2.mp4,14,0,4:4:0,2,10,0,1,1.2314372825713855,2.9317287246075194,1.9851192641579518,2.0637895447530865
clip_2.mp4,15,0,4:4:0,2,10,0,1,1.2312076950480941,2.9323423102377437,1.9853397366667433,2.0637903485082303
clip_2.mp4,16,0,4:4:0,2,10,0,1,1.222364747604316,2.8822417435783385,2.0005093889647827,2.0515729488168724
clip_2.mp4,17,0,4:4:0,2,10,0,1,1.2219786436602786,2.881584871679424,2.0003704389701795,2.051617155349794
clip_2.mp4,18,0,4:4:0,2,10,0,1,1.2176131118893438,2.710049767889256,2.056082179827867,2.027516878858025
clip_2.mp4,19,0,4:4:0,2,10,0,1,1.2181223902832181,2.708789457458315,2.0560658702584362,2.0278044624485596
clip_2.mp4,0,1,4:4:0,4,1,0,1,1.0,1.0,1.0,0.6666666666666666
clip_2.mp4,1,1,4:4:0,4,1,0,1,1.0,1.0,1.0,0.6666628086419754
clip_2.mp4,2,1,4:4:0,4,1,0,1,1.0,1.0,1.0,0.6666628086419754
clip_2.mp4,3,1,4:4:0,4,1,0,1,1.0,1.0,1.0,0.6572243119855967
clip_2.mp4,4,1,4:4:0,4,1,0,1,1.0,1.0,1.0,0.6567629565329218
clip_2.mp4,5,1,4:4:0,4,1,0,1,1.0,1.0,1.0,0.6567449524176955
clip_2.mp4,6,1,4:4:0,4,1,0,1,1.0,1.0,1.0,0.5830031507201646
clip_2.mp4,7,1,4:4:0,4,1,0,1,1.0,1.0,1.0,0.5825368119855967
clip_2.mp4,8,1,4:4:0,4,1,0,1,1.0,1.0,1.0,0.4783347800925926
clip_2.mp4,9,1,4:4:0,4,1,0,1,1.0,1.0,1.0,0.4778409529320988
clip_2.mp4,10,1,4:4:0,4,1,0,1,1.0,1.0,1.0,0.4777801890432099
clip_2.mp4,11,1,4:4:0,4,1,0,1,1.0,1.0,1.0,0.3906528099279835
clip_2.mp4,12,1,4:4:0,4,1,0,1,1.0,1.0,1.0,0.39108426568930044
clip_2.mp4,13,1,4:4:0,4,1,0,1,1.0,1.0,1.0,0.3727813143004115
clip_2.mp4,14,1,4:4:0,4,1,0,1,1.0,1.0,1.0,0.37290412808641976
clip_2.mp4,15,1,4:4:0,4,1,0,1,1.0,1.0,1.0,0.3729825745884774
clip_2.mp4,16,1,4:4:0,4,1,0,1,1.0,1.0,1.0,0.3702371077674897
clip_2.mp4,17,1,4:4:0,4,1,0,1,1.0,1.0,1.0,0.3702020640432099
clip_2.mp4,18,1,4:4:0,4,1,0,1,1.0,1.0,1.0,0.3725123778292181
clip_2.mp4,19,1,4:4:0,4,1,0,1,1.0,1.0,1.0,0.37232349537037035
clip_2.mp4,0,1,4:4:0,4,2,0,1,1.0,1.0,1.0,0.6666666666666666
clip_2.mp4,1,0,4:4:0,4,2,0,1,1036800.0,57600.0,518400.0,0.6668036265432099
clip_2.mp4,2,1,4:4:0,4,2,0,1,1.0,1.0,1.0,0.6666628086419754
clip_2.mp4,3,0,4:4:0,4,2,0,1,76.61272445134117,232.5706594885599,71.24793842770754,1.131901684670782
clip_2.mp4,4,1,4:4:0,4,2,0,1,1.0,1.0,1.0,0.6567629565329218
clip_2.mp4,5,0,4:4:0,4,2,0,1,5544.385026737968,19200.0,34560.0,0.6590461033950618
clip_2.mp4,6,1,4:4:0,4,2,0,1,1.0,1.0,1.0,0.5830031507201646
clip_2.mp4,7,0,4:4:0,4,2,0,1,82.87107345535928,424.2225859247136,302.62697022767077,0.7431434863683127
clip_2.mp4,8,1,4:4:0,4,2,0,1,1.0,1.0,1.0,0.4783347800925926
clip_2.mp4,9,0,4:4:0,4,2,0,1,234.83578708946771,713.0674002751032,673.2467532467532,0.5493203446502057
clip_2.mp4,10,1,4:4:0,4,2,0,1,1.0,1.0,1.0,0.4777801890432099
clip_2.mp4,11,0,4:4:0,4,2,0,1,2.198622468021579,4.9687059703066145,2.7040842939857077,12.540087127057614
clip_2.mp4,12,1,4:4:0,4,2,0,1,1.0,1.0,1.0,0.39108426568930044
clip_2.mp4,13,0,4:4:0,4,2,0,1,1.8429411691513546,4.103051169417072,2.7475381337516827,13.3739949845679
clip_2.mp4,14,1,4:4:0,4,2,0,1,1.0,1.0,1.0,0.37290412808641976
clip_2.mp4,15,0,4:4:0,4,2,0,1,75.14677103718199,176.3265306122449,144.52188458321717,0.5716785622427983
clip_2.mp4,16,1,4:4:0,4,2,0,1,1.0,1.0,1.0,0.3702371077674897
clip_2.mp4,17,0,4:4:0,4,2,0,1,118.708495534692,549.1525423728814,336.18677042801556,0.4799122299382716
clip_2.mp4,18,1,4:4:0,4,2,0,1,1.0,1.0,1.0,0.3725123778292181
clip_2.mp4,19,0,4:4:0,4,2,0,1,37.12270399942712,161.2943372744244,147.81864841745082,0.634276941872428
clip_2.mp4,0,1,4:4:0,4,4,0,1,1.0,1.0,1.0,0.6666666666666666
clip_2.mp4,1,0,4:4:0,4,4,0,1,1036800.0,57600.0,518400.0,0.6668036265432099
clip_2.mp4,2,0,4:4:0,4,4,0,1,28021.62162162162,57600.0,518400.0,0.6671059992283951
clip_2.mp4,3,0,4:4:0,4,4,0,1,76.5335498634384,231.94630872483222,71.24793842770754,1.1321330054012346
clip_2.mp4,4,1,4:4:0,4,4,0,1,1.0,1.0,1.0,0.6567629565329218
clip_2.mp4,5,0,4:4:0,4,4,0,1,5544.385026737968,19200.0,34560.0,0.6590461033950618
clip_2.mp4,6,0,4:4:0,4,4,0,1,10.730364405990292,35.56531284302964,12.195351463253976,4.179843106995885
clip_2.mp4,7,0,4:4:0,4,4,0,1,10.73369705879308,35.48254620123203,12.239694007649808,4.186434059927984
clip_2.mp4,8,1,4:4:0,4,4,0,1,1.0,1.0,1.0,0.4783347800925926
clip_2.mp4,9,0,4:4:0,4,4,0,1,234.83578708946771,713.0674002751032,673.2467532467532,0.5493203446502057
clip_2.mp4,10,0,4:4:0,4,4,0,1,46.34778721502012,182.21441124780316,135.88466579292268,0.77756735468107
clip_2.mp4,11,0,4:4:0,4,4,0,1,2.1968103026335024,4.968182166679445,2.6999437511718507,12.54188319830247
clip_2.mp4,12,1,4:4:0,4,4,0,1,1.0,1.0,1.0,0.39108426568930044
clip_2.mp4,13,0,4:4:0,4,4,0,1,1.8429411691513546,4.103051169417072,2.7475381337516827,13.3739949845679
clip_2.mp4,14,0,4:4:0,4,4,0,1,1.8427577381428457,4.100973823066395,2.7464900662251654,13.376029771090534
clip_2.mp4,15,0,4:4:0,4,4,0,1,1.8424531923060519,4.1023368442710515,2.745951786934482,13.371828703703704
clip_2.mp4,16,1,4:4:0,4,4,0,1,1.0,1.0,1.0,0.3702371077674897
clip_2.mp4,17,0,4:4:0,4,4,0,1,118.708495534692,549.1525423728814,336.18677042801556,0.4799122299382716
clip_2.mp4,18,0,4:4:0,4,4,0,1,1.8229867232130141,3.9004424112920217,3.1350351058618626,13.359950006430042
clip_2.mp4,19,0,4:4:0,4,4,0,1,1.8248123794370679,3.9003250270855903,3.1343337726882474,13.355189686213992
clip_2.mp4,0,1,4:4:0,4,6,0,1,1.0,1.0,1.0,0.6666666666666666
clip_2.mp4,1,0,4:4:0,4,6,0,1,1036800.0,57600.0,518400.0,0.6668036265432099
clip_2.mp4,2,0,4:4:0,4,6,0,1,28021.62162162162,57600.0,518400.0,0.6671059992283951
clip_2.mp4,3,0,4:4:0,4,6,0,1,76.5335498634384,231.94630872483222,71.24793842770754,1.1321330054012346
clip_2.mp4,4,0,4:4:0,4,6,0,1,76.73179396092362,227.4681878016674,70.83902705657283,1.1312373006687242
clip_2.mp4,5,0,4:4:0,4,6,0,1,76.3082358136454,225.09769865392965,70.85839256424275,1.1319695216049384
clip_2.mp4,6,1,4:4:0,4,6,0,1,1.0,1.0,1.0,0.5830031507201646
clip_2.mp4,7,0,4:4:0,4,6,0,1,82.87107345535928,424.2225859247136,302.62697022767077,0.7431434863683127
clip_2.mp4,8,0,4:4:0,4,6,0,1,3.776278791940442,10.040090639707165,4.449174362319338,8.82402633101852
clip_2.mp4,9,0,4:4:0,4,6,0,1,3.7763613185212166,10.038146505818794,4.4526136773572915,8.826108056841564
clip_2.mp4,10,0,4:4:0,4,6,0,1,3.7861386717109564,10.02649749530975,4.456594625264352,8.837553530092592
clip_2.mp4,11,0,4:4:0,4,6,0,1,2.586974801448187,6.048867004270612,3.376450818711165,12.574777681327161
clip_2.mp4,12,1,4:4:0,4,6,0,1,1.0,1.0,1.0,0.39108426568930044
clip_2.mp4,13,0,4:4:0,4,6,0,1,1.8429411691513546,4.103051169417072,2.7475381337516827,13.3739949845679
clip_2.mp4,14,0,4:4:0,4,6,0,1,1.8427577381428457,4.100973823066395,2.7464900662251654,13.376029771090534
clip_2.mp4,15,0,4:4:0,4,6,0,1,1.8424531923060519,4.1023368442710515,2.745951786934482,13.371828703703704
clip_2.mp4,16,0,4:4:0,4,6,0,1,1.8148496289955836,4.0259074600438005,2.7589730489206796,13.521342110339507
clip_2.mp4,17,0,4:4:0,4,6,0,1,1.8139859577051538,4.027659078548675,2.758650049489671,13.520992476851852
clip_2.mp4,18,1,4:4:0,4,6,0,1,1.0,1.0,1.0,0.3725123778292181
clip_2.mp4,19,0,4:4:0,4,6,0,1,37.12270399942712,161.2943372744244,147.81864841745082,0.634276941872428
clip_2.mp4,0,1,4:4:0,4,8,0,1,1.0,1.0,1.0,0.6666666666666666
clip_2.mp4,1,0,4:4:0,4,8,0,1,1036800.0,57600.0,518400.0,0.6668036265432099
clip_2.mp4,2,0,4:4:0,4,8,0,1,28021.62162162162,57600.0,518400.0,0.6671059992283951
clip_2.mp4,3,0,4:4:0,4,8,0,1,76.5335498634384,231.94630872483222,71.24793842770754,1.1321330054012346
clip_2.mp4,4,0,4:4:0,4,8,0,1,76.73179396092362,227.4681878016674,70.83902705657283,1.1312373006687242
clip_2.mp4,5,0,4:4:0,4,8,0,1,76.3082358136454,225.09769865392965,70.85839256424275,1.1319695216049384
clip_2.mp4,6,0,4:4:0,4,8,0,1,11.834400575283361,39.12748131934486,14.021421616358325,4.220704732510288
clip_2.mp4,7,0,4:4:0,4,8,0,1,11.838589600127886,39.0390842683937,14.073571331613953,4.227841595936214
clip_2.mp4,8,1,4:4:0,4,8,0,1,1.0,1.0,1.0,0.4783347800925926
clip_2.mp4,9,0,4:4:0,4,8,0,1,234.83578708946771,713.0674002751032,673.2467532467532,0.5493203446502057
clip_2.mp4,10,0,4:4:0,4,8,0,1,46.34778721502012,182.21441124780316,135.88466579292268,0.77756735468107
clip_2.mp4,11,0,4:4:0,4,8,0,1,2.1968103026335024,4.968182166679445,2.6999437511718507,12.54188319830247
clip_2.mp4,12,0,4:4:0,4,8,0,1,2.1951870185854085,4.968182166679445,2.6994516738787433,12.553197498713992
clip_2.mp4,13,0,4:4:0,4,8,0,1,2.109074635366871,4.722085587801279,2.8632658020900075,13.08433336548354
clip_2.mp4,14,0,4:4:0,4,8,0,1,2.1095638444196663,4.723333302962105,2.8641991679236214,13.083035140174896
clip_2.mp4,15,0,4:4:0,4,8,0,1,2.108667134445834,4.724151129093991,2.8635346756152127,13.081416055812758
clip_2.mp4,16,1,4:4:0,4,8,0,1,1.0,1.0,1.0,0.3702371077674897
clip_2.mp4,17,0,4:4:0,4,8,0,1,118.708495534692,549.1525423728814,336.18677042801556,0.4799122299382716
clip_2.mp4,18,0,4:4:0,4,8,0,1,1.8229867232130141,3.9004424112920217,3.1350351058618626,13.359950006430042
clip_2.mp4,19,0,4:4:0,4,8,0,1,1.8248123794370679,3.9003250270855903,3.1343337726882474,13.355189686213992
clip_2.mp4,0,1,4:4:0,4,10,0,1,1.0,1.0,1.0,0.6666666666666666
clip_2.mp4,1,0,4:4:0,4,10,0,1,1036800.0,57600.0,518400.0,0.6668036265432099
clip_2.mp4,2,0,4:4:0,4,10,0,1,28021.62162162162,57600.0,518400.0,0.6671059992283951
clip_2.mp4,3,0,4:4:0,4,10,0,1,76.5335498634384,231.94630872483222,71.24793842770754,1.1321330054012346
clip_2.mp4,4,0,4:4:0,4,10,0,1,76.73179396092362,227.4681878016674,70.83902705657283,1.1312373006687242
clip_2.mp4,5,0,4:4:0,4,10,0,1,76.3082358136454,225.09769865392965,70.85839256424275,1.1319695216049384
clip_2.mp4,6,0,4:4:0,4,10,0,1,11.834400575283361,39.12748131934486,14.021421616358325,4.220704732510288
clip_2.mp4,7,0,4:4:0,4,10,0,1,11.838589600127886,39.0390842683937,14.073571331613953,4.227841595936214
clip_2.mp4,8,0,4:4:0,4,10,0,1,4.801333703806613,11.025799179020355,5.88923601249645,8.948454057355967
clip_2.mp4,9,0,4:4:0,4,10,0,1,4.801400408452466,11.030021915359901,5.89425810119386,8.950815168467079
clip_2.mp4,10,1,4:4:0,4,10,0,1,1.0,1.0,1.0,0.4777801890432099
clip_2.mp4,11,0,4:4:0,4,10,0,1,2.198622468021579,4.9687059703066145,2.7040842939857077,12.540087127057614
clip_2.mp4,12,0,4:4:0,4,10,0,1,2.19700581672547,4.968801219196595,2.7034779116884744,12.55105324074074
clip_2.mp4,13,0,4:4:0,4,10,0,1,2.1113853522641186,4.7242372325301645,2.8657666920959235,13.092718782150206
clip_2.mp4,14,0,4:4:0,4,10,0,1,2.111746590409151,4.725356862888082,2.8665748743385144,13.091532439557612
clip_2.mp4,15,0,4:4:0,4,10,0,1,2.1108952981273132,4.726304657014697,2.865861748706382,13.089703414351852
clip_2.mp4,16,0,4:4:0,4,10,0,1,2.057922744532154,4.696502989672042,2.944935835165397,13.383536040380658
clip_2.mp4,17,0,4:4:0,4,10,0,1,2.056832699830978,4.69620516908694,2.9444173075393896,13.382321244855968
clip_2.mp4,18,0,4:4:0,4,10,0,1,2.0419055421743693,4.4722040098002,3.063521986561634,13.342989165380658
clip_2.mp4,19,0,4:4:0,4,10,0,1,2.0446518195389674,4.471509652043404,3.0641014274315097,13.344692483281893
clip_2.mp4,0,1,4:4:0,8,1,0,1,1.0,1.0,1.0,0.6666666666666666
clip_2.mp4,1,1,4:4:0,8,1,0,1,1.0,1.0,1.0,0.6666628086419754
clip_2.mp4,2,1,4:4:0,8,1,0,1,1.0,1.0,1.0,0.6666628086419754
clip_2.mp4,3,1,4:4:0,8,1,0,1,1.0,1.0,1.0,0.6572243119855967
clip_2.mp4,4,1,4:4:0,8,1,0,1,1.0,1.0,1.0,0.6567629565329218
clip_2.mp4,5,1,4:4:0,8,1,0,1,1.0,1.0,1.0,0.6567449524176955
clip_2.mp4,6,1,4:4:0,8,1,0,1,1.0,1.0,1.0,0.5830031507201646
clip_2.mp4,7,1,4:4:0,8,1,0,1,1.0,1.0,1.0,0.5825368119855967
clip_2.mp4,8,1,4:4:0,8,1,0,1,1.0,1.0,1.0,0.4783347800925926
clip_2.mp4,9,1,4:4:0,8,1,0,1,1.0,1.0,1.0,0.4778409529320988
clip_2.mp4,10,1,4:4:0,8,1,0,1,1.0,1.0,1.0,0.4777801890432099
clip_2.mp4,11,1,4:4:0,8,1,0,1,1.0,1.0,1.0,0.3906528099279835
clip_2.mp4,12,1,4:4:0,8,1,0,1,1.0,1.0,1.0,0.39108426568930044
clip_2.mp4,13,1,4:4:0,8,1,0,1,1.0,1.0,1.0,0.3727813143004115
clip_2.mp4,14,1,4:4:0,8,1,0,1,1.0,1.0,1.0,0.37290412808641976
clip_2.mp4,15,1,4:4:0,8,1,0,1,1.0,1.0,1.0,0.3729825745884774
clip_2.mp4,16,1,4:4:0,8,1,0,1,1.0,1.0,1.0,0.3702371077674897
clip_2.mp4,17,1,4:4:0,8,1,0,1,1.0,1.0,1.0,0.3702020640432099
clip_2.mp4,18,1,4:4:0,8,1,0,1,1.0,1.0,1.0,0.3725123778292181
clip_2.mp4,19,1,4:4:0,8,1,0,1,1.0,1.0,1.0,0.37232349537037035
clip_2.mp4,0,1,4:4:0,8,2,0,1,1.0,1.0,1.0,0.6666666666666666
clip_2.mp4,1,0,4:4:0,8,2,0,1,1036800.0,57600.0,518400.0,0.6668627829218107
clip_2.mp4,2,1,4:4:0,8,2,0,1,1.0,1.0,1.0,0.6666628086419754
clip_2.mp4,3,0,4:4:0,8,2,0,1,142.82959085273453,275.5980861244019,128.31683168316832,2.6402023855452676
clip_2.mp4,4,1,4:4:0,8,2,0,1,1.0,1.0,1.0,0.6567629565329218
clip_2.mp4,5,0,4:4:0,8,2,0,1,5544.385026737968,19200.0,34560.0,0.6653853202160493
clip_2.mp4,6,1,4:4:0,8,2,0,1,1.0,1.0,1.0,0.5830031507201646
clip_2.mp4,7,0,4:4:0,8,2,0,1,83.13687755592976,428.07597027250205,380.33749082905354,1.2638506301440329
clip_2.mp4,8,1,4:4:0,8,2,0,1,1.0,1.0,1.0,0.4783347800925926
clip_2.mp4,9,0,4:4:0,8,2,0,1,236.33462502849326,713.0674002751032,695.8389261744967,0.7102938528806584
clip_2.mp4,10,1,4:4:0,8,2,0,1,1.0,1.0,1.0,0.4777801890432099
clip_2.mp4,11,0,4:4:0,8,2,0,1,4.281060190021595,9.091546825675202,4.51662368439395,60.14870434670782
clip_2.mp4,12,1,4:4:0,8,2,0,1,1.0,1.0,1.0,0.39108426568930044
clip_2.mp4,13,0,4:4:0,8,2,0,1,3.5436704058404938,7.48051948051948,4.559005883439306,64.81356143904321
clip_2.mp4,14,1,4:4:0,8,2,0,1,1.0,1.0,1.0,0.37290412808641976
clip_2.mp4,15,0,4:4:0,8,2,0,1,76.20727673649394,177.71683236201577,146.06931530008453,1.3449199459876544
clip_2.mp4,16,1,4:4:0,8,2,0,1,1.0,1.0,1.0,0.3702371077674897
clip_2.mp4,17,0,4:4:0,8,2,0,1,127.16791365141665,572.817679558011,362.2641509433962,0.8947800925925926
clip_2.mp4,18,1,4:4:0,8,2,0,1,1.0,1.0,1.0,0.3725123778292181
clip_2.mp4,19,0,4:4:0,8,2,0,1,37.37024221453287,162.96762024520592,150.56636654080742,1.5495632394547325
clip_2.mp4,0,1,4:4:0,8,4,0,1,1.0,1.0,1.0,0.6666666666666666
clip_2.mp4,1,0,4:4:0,8,4,0,1,1036800.0,57600.0,518400.0,0.6668627829218107
clip_2.mp4,2,0,4:4:0,8,4,0,1,28021.62162162162,57600.0,518400.0,0.6685955182613169
clip_2.mp4,3,0,4:4:0,8,4,0,1,142.5546542004675,274.7217806041335,128.31683168316832,2.6411564429012344
clip_2.mp4,4,1,4:4:0,8,4,0,1,1.0,1.0,1.0,0.6567629565329218
clip_2.mp4,5,0,4:4:0,8,4,0,1,5544.385026737968,19200.0,34560.0,0.6653853202160493
clip_2.mp4,6,0,4:4:0,8,4,0,1,20.628320168719284,68.91784099973411,21.417062590373888,18.469154288837448
clip_2.mp4,7,0,4:4:0,8,4,0,1,20.646394647231016,68.53516657852988,21.551509104514842,18.511847833076132
clip_2.mp4,8,1,4:4:0,8,4,0,1,1.0,1.0,1.0,0.4783347800925926
clip_2.mp4,9,0,4:4:0,8,4,0,1,236.33462502849326,713.0674002751032,695.8389261744967,0.7102938528806584
clip_2.mp4,10,0,4:4:0,8,4,0,1,47.26692500569865,183.37460205164484,144.96644295302013,1.750566647376543
clip_2.mp4,11,0,4:4:0,8,4,0,1,4.277563010301963,9.084855069923943,4.510885644176049,60.16086725180041
clip_2.mp4,12,1,4:4:0,8,4,0,1,1.0,1.0,1.0,0.39108426568930044
clip_2.mp4,13,0,4:4:0,8,4,0,1,3.5436704058404938,7.48051948051948,4.559005883439306,64.81356143904321
clip_2.mp4,14,0,4:4:0,8,4,0,1,3.5432223228474276,7.479116471657553,4.557002083351647,64.82380561985596
clip_2.mp4,15,0,4:4:0,8,4,0,1,3.542665404683234,7.480195662525432,4.557723248432843,64.8018086098251
clip_2.mp4,16,1,4:4:0,8,4,0,1,1.0,1.0,1.0,0.3702371077674897
clip_2.mp4,17,0,4:4:0,8,4,0,1,127.16791365141665,572.817679558011,362.2641509433962,0.8947800925925926
clip_2.mp4,18,0,4:4:0,8,4,0,1,3.4474044715176824,6.9776832584057935,5.459543142396765,65.1114012667181
clip_2.mp4,19,0,4:4:0,8,4,0,1,3.451685393258427,6.970177750289079,5.46052077188843,65.09773308899177
clip_2.mp4,0,1,4:4:0,8,6,0,1,1.0,1.0,1.0,0.6666666666666666
clip_2.mp4,1,0,4:4:0,8,6,0,1,1036800.0,57600.0,518400.0,0.6668627829218107
clip_2.mp4,2,0,4:4:0,8,6,0,1,28021.62162162162,57600.0,518400.0,0.6685955182613169
clip_2.mp4,3,0,4:4:0,8,6,0,1,142.5546542004675,274.7217806041335,128.31683168316832,2.6411564429012344
clip_2.mp4,4,0,4:4:0,8,6,0,1,144.66303892842194,268.46193682030037,127.12113781265326,2.662318833590535
clip_2.mp4,5,0,4:4:0,8,6,0,1,143.1846430051098,265.16624040920715,127.18351324828264,2.664472254372428
clip_2.mp4,6,1,4:4:0,8,6,0,1,1.0,1.0,1.0,0.5830031507201646
clip_2.mp4,7,0,4:4:0,8,6,0,1,83.13687755592976,428.07597027250205,380.33749082905354,1.2638506301440329
clip_2.mp4,8,0,4:4:0,8,6,0,1,7.3597160603371785,19.07565498969679,7.627792001412554,41.120394000771604
clip_2.mp4,9,0,4:4:0,8,6,0,1,7.358828038497572,19.06863826969764,7.638469359187823,41.1278208590535
clip_2.mp4,10,0,4:4:0,8,6,0,1,7.382249279077219,19.03363195770304,7.639257294429708,41.15771106610082
clip_2.mp4,11,0,4:4:0,8,6,0,1,5.087989635576668,11.17024715033722,5.724381625441696,59.78949315200617
clip_2.mp4,12,1,4:4:0,8,6,0,1,1.0,1.0,1.0,0.39108426568930044
clip_2.mp4,13,0,4:4:0,8,6,0,1,3.5436704058404938,7.48051948051948,4.559005883439306,64.81356143904321
clip_2.mp4,14,0,4:4:0,8,6,0,1,3.5432223228474276,7.479116471657553,4.557002083351647,64.82380561985596
clip_2.mp4,15,0,4:4:0,8,6,0,1,3.542665404683234,7.480195662525432,4.557723248432843,64.8018086098251
clip_2.mp4,16,0,4:4:0,8,6,0,1,3.4972323696380325,7.5742964846147105,4.651413189771198,66.3257918595679
clip_2.mp4,17,0,4:4:0,8,6,0,1,3.495805572788822,7.577617961761095,4.651872324769605,66.32063143004115
clip_2.mp4,18,1,4:4:0,8,6,0,1,1.0,1.0,1.0,0.3725123778292181
clip_2.mp4,19,0,4:4:0,8,6,0,1,37.37024221453287,162.96762024520592,150.56636654080742,1.5495632394547325
clip_2.mp4,0,1,4:4:0,8,8,0,1,1.0,1.0,1.0,0.6666666666666666
clip_2.mp4,1,0,4:4:0,8,8,0,1,1036800.0,57600.0,518400.0,0.6668627829218107
clip_2.mp4,2,0,4:4:0,8,8,0,1,28021.62162162162,57600.0,518400.0,0.6685955182613169
clip_2.mp4,3,0,4:4:0,8,8,0,1,142.5546542004675,274.7217806041335,128.31683168316832,2.6411564429012344
clip_2.mp4,4,0,4:4:0,8,8,0,1,144.66303892842194,268.46193682030037,127.12113781265326,2.662318833590535
clip_2.mp4,5,0,4:4:0,8,8,0,1,143.1846430051098,265.16624040920715,127.18351324828264,2.664472254372428
clip_2.mp4,6,0,4:4:0,8,8,0,1,22.752309684215145,74.31192660550458,24.606037592557435,18.721078317901235
clip_2.mp4,7,0,4:4:0,8,8,0,1,22.776301047868017,73.95149786019971,24.774193548387096,18.767184606481482
clip_2.mp4,8,1,4:4:0,8,8,0,1,1.0,1.0,1.0,0.4783347800925926
clip_2.mp4,9,0,4:4:0,8,8,0,1,236.33462502849326,713.0674002751032,695.8389261744967,0.7102938528806584
clip_2.mp4,10,0,4:4:0,8,8,0,1,47.26692500569865,183.37460205164484,144.96644295302013,1.750566647376543
clip_2.mp4,11,0,4:4:0,8,8,0,1,4.277563010301963,9.084855069923943,4.510885644176049,60.16086725180041
clip_2.mp4,12,0,4:4:0,8,8,0,1,4.274723553034113,9.082626673207653,4.511788614348253,60.16801874356996
clip_2.mp4,13,0,4:4:0,8,8,0,1,4.108530510832049,8.717146748726227,4.898098018651322,63.139591049382716
clip_2.mp4,14,0,4:4:0,8,8,0,1,4.109572751883753,8.728154359026163,4.901664145234493,63.13859358924897
clip_2.mp4,15,0,4:4:0,8,8,0,1,4.107911930298624,8.723307587460246,4.899347887723278,63.12246238425926
clip_2.mp4,16,1,4:4:0,8,8,0,1,1.0,1.0,1.0,0.3702371077674897
clip_2.mp4,17,0,4:4:0,8,8,0,1,127.16791365141665,572.817679558011,362.2641509433962,0.8947800925925926
clip_2.mp4,18,0,4:4:0,8,8,0,1,3.4474044715176824,6.9776832584057935,5.459543142396765,65.1114012667181
clip_2.mp4,19,0,4:4:0,8,8,0,1,3.451685393258427,6.970177750289079,5.46052077188843,65.09773308899177
clip_2.mp4,0,1,4:4:0,8,10,0,1,1.0,1.0,1.0,0.6666666666666666
clip_2.mp4,1,0,4:4:0,8,10,0,1,1036800.0,57600.0,518400.0,0.6668627829218107
clip_2.mp4,2,0,4:4:0,8,10,0,1,28021.62162162162,57600.0,518400.0,0.6685955182613169
clip_2.mp4,3,0,4:4:0,8,10,0,1,142.5546542004675,274.7217806041335,128.31683168316832,2.6411564429012344
clip_2.mp4,4,0,4:4:0,8,10,0,1,144.66303892842194,268.46193682030037,127.12113781265326,2.662318833590535
clip_2.mp4,5,0,4:4:0,8,10,0,1,143.1846430051098,265.16624040920715,127.18351324828264,2.664472254372428
clip_2.mp4,6,0,4:4:0,8,10,0,1,22.752309684215145,74.31192660550458,24.606037592557435,18.721078317901235
clip_2.mp4,7,0,4:4:0,8,10,0,1,22.776301047868017,73.95149786019971,24.774193548387096,18.767184606481482
clip_2.mp4,8,0,4:4:0,8,10,0,1,9.351071025930102,20.876288659793815,10.222634142493739,42.09849456661522
clip_2.mp4,9,0,4:4:0,8,10,0,1,9.34955317287836,20.877970197341924,10.2385842945173,42.107732767489715
clip_2.mp4,10,1,4:4:0,8,10,0,1,1.0,1.0,1.0,0.4777801890432099
clip_2.mp4,11,0,4:4:0,8,10,0,1,4.281060190021595,9.091546825675202,4.51662368439395,60.14870434670782
clip_2.mp4,12,0,4:4:0,8,10,0,1,4.278286704629859,9.089633889746107,4.517332124993464,60.153435570987654
clip_2.mp4,13,0,4:4:0,8,10,0,1,4.1123600853568565,8.727419653529521,4.901710492724024,63.17853780864198
clip_2.mp4,14,0,4:4:0,8,10,0,1,4.113012638945088,8.738747850713057,4.9051426408667265,63.178294270833334
clip_2.mp4,15,0,4:4:0,8,10,0,1,4.111577294321994,8.733889310083397,4.902776726942574,63.162638888888885
clip_2.mp4,16,0,4:4:0,8,10,0,1,3.970861961991865,8.756608841066873,5.094589946439978,65.57420781893003
clip_2.mp4,17,0,4:4:0,8,10,0,1,3.9686883959501618,8.75912408759124,5.094139381313628,65.57950199331276
clip_2.mp4,18,0,4:4:0,8,10,0,1,3.944379981358544,8.42885712892054,5.370295552723995,66.12897698045268
clip_2.mp4,19,0,4:4:0,8,10,0,1,3.9517767368112118,8.423926290644957,5.373914125184003,66.15618232381688
clip_2.mp4,0,1,4:4:0,16,1,0,1,1.0,1.0,1.0,0.6666666666666666
clip_2.mp4,1,1,4:4:0,16,1,0,1,1.0,1.0,1.0,0.6666628086419754
clip_2.mp4,2,1,4:4:0,16,1,0,1,1.0,1.0,1.0,0.6666628086419754
clip_2.mp4,3,1,4:4:0,16,1,0,1,1.0,1.0,1.0,0.6572243119855967
clip_2.mp4,4,1,4:4:0,16,1,0,1,1.0,1.0,1.0,0.6567629565329218
clip_2.mp4,5,1,4:4:0,16,1,0,1,1.0,1.0,1.0,0.6567449524176955
clip_2.mp4,6,1,4:4:0,16,1,0,1,1.0,1.0,1.0,0.5830031507201646
clip_2.mp4,7,1,4:4:0,16,1,0,1,1.0,1.0,1.0,0.5825368119855967
clip_2.mp4,8,1,4:4:0,16,1,0,1,1.0,1.0,1.0,0.4783347800925926
clip_2.mp4,9,1,4:4:0,16,1,0,1,1.0,1.0,1.0,0.4778409529320988
clip_2.mp4,10,1,4:4:0,16,1,0,1,1.0,1.0,1.0,0.4777801890432099
clip_2.mp4,11,1,4:4:0,16,1,0,1,1.0,1.0,1.0,0.3906528099279835
clip_2.mp4,12,1,4:4:0,16,1,0,1,1.0,1.0,1.0,0.39108426568930044
clip_2.mp4,13,1,4:4:0,16,1,0,1,1.0,1.0,1.0,0.3727813143004115
clip_2.mp4,14,1,4:4:0,16,1,0,1,1.0,1.0,1.0,0.37290412808641976
clip_2.mp4,15,1,4:4:0,16,1,0,1,1.0,1.0,1.0,0.3729825745884774
clip_2.mp4,16,1,4:4:0,16,1,0,1,1.0,1.0,1.0,0.3702371077674897
clip_2.mp4,17,1,4:4:0,16,1,0,1,1.0,1.0,1.0,0.3702020640432099
clip_2.mp4,18,1,4:4:0,16,1,0,1,1.0,1.0,1.0,0.3725123778292181
clip_2.mp4,19,1,4:4:0,16,1,0,1,1.0,1.0,1.0,0.37232349537037035
clip_2.mp4,0,1,4:4:0,16,2,0,1,1.0,1.0,1.0,0.6666666666666666
clip_2.mp4,1,0,4:4:0,16,2,0,1,1036800.0,57600.0,518400.0,0.6669039351851852
clip_2.mp4,2,1,4:4:0,16,2,0,1,1.0,1.0,1.0,0.6666628086419754
clip_2.mp4,3,0,4:4:0,16,2,0,1,234.09347482501693,295.38461538461536,234.67632412856497,8.437416730967078
clip_2.mp4,4,1,4:4:0,16,2,0,1,1.0,1.0,1.0,0.6567629565329218
clip_2.mp4,5,0,4:4:0,16,2,0,1,5544.385026737968,19200.0,34560.0,0.6834764017489712
clip_2.mp4,6,1,4:4:0,16,2,0,1,1.0,1.0,1.0,0.5830031507201646
clip_2.mp4,7,0,4:4:0,16,2,0,1,83.13687755592976,428.07597027250205,387.73373223635,3.156552694187243
clip_2.mp4,8,1,4:4:0,16,2,0,1,1.0,1.0,1.0,0.4783347800925926
clip_2.mp4,9,0,4:4:0,16,2,0,1,236.33462502849326,713.0674002751032,697.7119784656796,1.274507941100823
clip_2.mp4,10,1,4:4:0,16,2,0,1,1.0,1.0,1.0,0.4777801890432099
clip_2.mp4,11,0,4:4:0,16,2,0,1,8.144092626485582,14.839411461613327,8.50854301048796,253.82499003343622
clip_2.mp4,12,1,4:4:0,16,2,0,1,1.0,1.0,1.0,0.39108426568930044
clip_2.mp4,13,0,4:4:0,16,2,0,1,6.830714497479988,12.343151027405414,8.395141700404858,269.41849247685184
clip_2.mp4,14,1,4:4:0,16,2,0,1,1.0,1.0,1.0,0.37290412808641976
clip_2.mp4,15,0,4:4:0,16,2,0,1,76.20727673649394,177.71683236201577,146.06931530008453,4.624491062242798
clip_2.mp4,16,1,4:4:0,16,2,0,1,1.0,1.0,1.0,0.3702371077674897
clip_2.mp4,17,0,4:4:0,16,2,0,1,127.48063445223166,574.0863787375415,362.2641509433962,2.7110982510288064
clip_2.mp4,18,1,4:4:0,16,2,0,1,1.0,1.0,1.0,0.3725123778292181
clip_2.mp4,19,0,4:4:0,16,2,0,1,37.37024221453287,162.96762024520592,150.8292115216759,5.5134601658950615
clip_2.mp4,0,1,4:4:0,16,4,0,1,1.0,1.0,1.0,0.6666666666666666
clip_2.mp4,1,0,4:4:0,16,4,0,1,1036800.0,57600.0,518400.0,0.6669039351851852
clip_2.mp4,2,0,4:4:0,16,4,0,1,28021.62162162162,57600.0,518400.0,0.6725085198045267
clip_2.mp4,3,0,4:4:0,16,4,0,1,233.35584064821066,294.37819420783643,234.67632412856497,8.440529031635803
clip_2.mp4,4,1,4:4:0,16,4,0,1,1.0,1.0,1.0,0.6567629565329218
clip_2.mp4,5,0,4:4:0,16,4,0,1,5544.385026737968,19200.0,34560.0,0.6834764017489712
clip_2.mp4,6,0,4:4:0,16,4,0,1,37.607457651710256,96.69837716843872,41.0126582278481,71.91353652263375
clip_2.mp4,7,0,4:4:0,16,4,0,1,37.64022508622254,95.94669627984453,41.56177343061012,72.10191984953704
clip_2.mp4,8,1,4:4:0,16,4,0,1,1.0,1.0,1.0,0.4783347800925926
clip_2.mp4,9,0,4:4:0,16,4,0,1,236.33462502849326,713.0674002751032,697.7119784656796,1.274507941100823
clip_2.mp4,10,0,4:4:0,16,4,0,1,47.27123512515388,183.37460205164484,145.41374474053296,5.489449749228395
clip_2.mp4,11,0,4:4:0,16,4,0,1,8.141342756183745,14.840261078667124,8.498917961833563,253.8041171553498
clip_2.mp4,12,1,4:4:0,16,4,0,1,1.0,1.0,1.0,0.39108426568930044
clip_2.mp4,13,0,4:4:0,16,4,0,1,6.830714497479988,12.343151027405414,8.395141700404858,269.41849247685184
clip_2.mp4,14,0,4:4:0,16,4,0,1,6.83111954459203,12.35197407610379,8.394054211600116,269.4314274691358
clip_2.mp4,15,0,4:4:0,16,4,0,1,6.828510083380534,12.346090642787397,8.391472554510578,269.41145785108023
clip_2.mp4,16,1,4:4:0,16,4,0,1,1.0,1.0,1.0,0.3702371077674897
clip_2.mp4,17,0,4:4:0,16,4,0,1,127.48063445223166,574.0863787375415,362.2641509433962,2.7110982510288064
clip_2.mp4,18,0,4:4:0,16,4,0,1,6.637941521066885,11.484016747524423,9.977865460494659,271.3848906893004
clip_2.mp4,19,0,4:4:0,16,4,0,1,6.640832666132907,11.478168452749978,9.979017882923637,271.39965165252056
clip_2.mp4,0,1,4:4:0,16,6,0,1,1.0,1.0,1.0,0.6666666666666666
clip_2.mp4,1,0,4:4:0,16,6,0,1,1036800.0,57600.0,518400.0,0.6669039351851852
clip_2.mp4,2,0,4:4:0,16,6,0,1,28021.62162162162,57600.0,518400.0,0.6725085198045267
clip_2.mp4,3,0,4:4:0,16,6,0,1,233.35584064821066,294.37819420783643,234.67632412856497,8.440529031635803
clip_2.mp4,4,0,4:4:0,16,6,0,1,239.05925755130275,287.202216066482,230.7076101468625,8.547238136574075
clip_2.mp4,5,0,4:4:0,16,6,0,1,235.1553640281243,283.433570256971,230.913140311804,8.551915187757201
clip_2.mp4,6,1,4:4:0,16,6,0,1,1.0,1.0,1.0,0.5830031507201646
clip_2.mp4,7,0,4:4:0,16,6,0,1,83.13687755592976,428.07597027250205,387.73373223635,3.156552694187243
clip_2.mp4,8,0,4:4:0,16,6,0,1,14.135740190330761,32.23279238947958,14.625476089716463,168.0378526877572
clip_2.mp4,9,0,4:4:0,16,6,0,1,14.128420364112069,32.20475865068025,14.66768525592055,168.09849344135802
clip_2.mp4,10,0,4:4:0,16,6,0,1,14.17439094413912,32.120949253361424,14.65648854961832,168.19547791280866
clip_2.mp4,11,0,4:4:0,16,6,0,1,9.3870529651426,17.248377973714856,10.949413876861337,259.0496577610597
clip_2.mp4,12,1,4:4:0,16,6,0,1,1.0,1.0,1.0,0.39108426568930044
clip_2.mp4,13,0,4:4:0,16,6,0,1,6.830714497479988,12.343151027405414,8.395141700404858,269.41849247685184
clip_2.mp4,14,0,4:4:0,16,6,0,1,6.83111954459203,12.35197407610379,8.394054211600116,269.4314274691358
clip_2.mp4,15,0,4:4:0,16,6,0,1,6.828510083380534,12.346090642787397,8.391472554510578,269.41145785108023
clip_2.mp4,16,0,4:4:0,16,6,0,1,6.932844753224695,13.687851503709767,8.954141117540376,283.19580455889917
clip_2.mp4,17,0,4:4:0,16,6,0,1,6.928443505920718,13.697254736174598,8.957854538542621,283.1761868248457
clip_2.mp4,18,1,4:4:0,16,6,0,1,1.0,1.0,1.0,0.3725123778292181
clip_2.mp4,19,0,4:4:0,16,6,0,1,37.37024221453287,162.96762024520592,150.8292115216759,5.5134601658950615
clip_2.mp4,0,1,4:4:0,16,8,0,1,1.0,1.0,1.0,0.6666666666666666
clip_2.mp4,1,0,4:4:0,16,8,0,1,1036800.0,57600.0,518400.0,0.6669039351851852
clip_2.mp4,2,0,4:4:0,16,8,0,1,28021.62162162162,57600.0,518400.0,0.6725085198045267
clip_2.mp4,3,0,4:4:0,16,8,0,1,233.35584064821066,294.37819420783643,234.67632412856497,8.440529031635803
clip_2.mp4,4,0,4:4:0,16,8,0,1,239.05925755130275,287.202216066482,230.7076101468625,8.547238136574075
clip_2.mp4,5,0,4:4:0,16,8,0,1,235.1553640281243,283.433570256971,230.913140311804,8.551915187757201
clip_2.mp4,6,0,4:4:0,16,8,0,1,41.12490579508945,100.87565674255691,47.36409319323892,72.55757941100823
clip_2.mp4,7,0,4:4:0,16,8,0,1,41.1837140019861,100.21264256717572,48.09797736129152,72.74704973636831
clip_2.mp4,8,1,4:4:0,16,8,0,1,1.0,1.0,1.0,0.4783347800925926
clip_2.mp4,9,0,4:4:0,16,8,0,1,236.33462502849326,713.0674002751032,697.7119784656796,1.274507941100823
clip_2.mp4,10,0,4:4:0,16,8,0,1,47.27123512515388,183.37460205164484,145.41374474053296,5.489449749228395
clip_2.mp4,11,0,4:4:0,16,8,0,1,8.141342756183745,14.840261078667124,8.498917961833563,253.8041171553498
clip_2.mp4,12,0,4:4:0,16,8,0,1,8.13291288181861,14.833466865056655,8.49989342340422,253.76869502314815
clip_2.mp4,13,0,4:4:0,16,8,0,1,7.898586055582642,14.301084167839113,9.296987087517934,268.74509693287035
clip_2.mp4,14,0,4:4:0,16,8,0,1,7.898766579562856,14.326378333563632,9.306333476949591,268.7472030928498
clip_2.mp4,15,0,4:4:0,16,8,0,1,7.896119721259662,14.316091795310816,9.301324146840349,268.70324701003085
clip_2.mp4,16,1,4:4:0,16,8,0,1,1.0,1.0,1.0,0.3702371077674897
clip_2.mp4,17,0,4:4:0,16,8,0,1,127.48063445223166,574.0863787375415,362.2641509433962,2.7110982510288064
clip_2.mp4,18,0,4:4:0,16,8,0,1,6.637941521066885,11.484016747524423,9.977865460494659,271.3848906893004
clip_2.mp4,19,0,4:4:0,16,8,0,1,6.640832666132907,11.478168452749978,9.979017882923637,271.39965165252056
clip_2.mp4,0,1,4:4:0,16,10,0,1,1.0,1.0,1.0,0.6666666666666666
clip_2.mp4,1,0,4:4:0,16,10,0,1,1036800.0,57600.0,518400.0,0.6669039351851852
clip_2.mp4,2,0,4:4:0,16,10,0,1,28021.62162162162,57600.0,518400.0,0.6725085198045267
clip_2.mp4,3,0,4:4:0,16,10,0,1,233.35584064821066,294.37819420783643,234.67632412856497,8.440529031635803
clip_2.mp4,4,0,4:4:0,16,10,0,1,239.05925755130275,287.202216066482,230.7076101468625,8.547238136574075
clip_2.mp4,5,0,4:4:0,16,10,0,1,235.1553640281243,283.433570256971,230.913140311804,8.551915187757201
clip_2.mp4,6,0,4:4:0,16,10,0,1,41.12490579508945,100.87565674255691,47.36409319323892,72.55757941100823
clip_2.mp4,7,0,4:4:0,16,10,0,1,41.1837140019861,100.21264256717572,48.09797736129152,72.74704973636831
clip_2.mp4,8,0,4:4:0,16,10,0,1,17.82331402245105,33.395606519358374,19.440486012150302,165.9780418917181
clip_2.mp4,9,0,4:4:0,16,10,0,1,17.809230980641395,33.395606519358374,19.500451399337948,166.0439017489712
clip_2.mp4,10,1,4:4:0,16,10,0,1,1.0,1.0,1.0,0.4777801890432099
clip_2.mp4,11,0,4:4:0,16,10,0,1,8.144092626485582,14.839411461613327,8.50854301048796,253.82499003343622
clip_2.mp4,12,0,4:4:0,16,10,0,1,8.135784740695403,14.833466865056655,8.509520682862771,253.78519708076132
clip_2.mp4,13,0,4:4:0,16,10,0,1,7.909914858555342,14.316882543014168,9.304329097566228,268.83675154320986
clip_2.mp4,14,0,4:4:0,16,10,0,1,7.90925110804275,14.342232673952138,9.313020983041104,268.8396691743827
clip_2.mp4,15,0,4:4:0,16,10,0,1,7.907200219644451,14.33271586164948,9.307335990520306,268.79835567772636
clip_2.mp4,16,0,4:4:0,16,10,0,1,7.785888077858881,15.239887111947318,9.763263461212498,273.37679510673865
clip_2.mp4,17,0,4:4:0,16,10,0,1,7.783374747573326,15.244368640828089,9.763999020586517,273.37306986239713
clip_2.mp4,18,0,4:4:0,16,10,0,1,7.6843829443460345,14.66893039049236,10.260876449863426,278.6683068094136
clip_2.mp4,19,0,4:4:0,16,10,0,1,7.705055699645514,14.659804309710989,10.269413629160063,278.7414306841564
clip_2.mp4,0,1,4:4:0,32,1,0,1,1.0,1.0,1.0,0.6666666666666666
clip_2.mp4,1,1,4:4:0,32,1,0,1,1.0,1.0,1.0,0.6666628086419754
clip_2.mp4,2,1,4:4:0,32,1,0,1,1.0,1.0,1.0,0.6666628086419754
clip_2.mp4,3,1,4:4:0,32,1,0,1,1.0,1.0,1.0,0.6572243119855967
clip_2.mp4,4,1,4:4:0,32,1,0,1,1.0,1.0,1.0,0.6567629565329218
clip_2.mp4,5,1,4:4:0,32,1,0,1,1.0,1.0,1.0,0.6567449524176955
clip_2.mp4,6,1,4:4:0,32,1,0,1,1.0,1.0,1.0,0.5830031507201646
clip_2.mp4,7,1,4:4:0,32,1,0,1,1.0,1.0,1.0,0.5825368119855967
clip_2.mp4,8,1,4:4:0,32,1,0,1,1.0,1.0,1.0,0.4783347800925926
clip_2.mp4,9,1,4:4:0,32,1,0,1,1.0,1.0,1.0,0.4778409529320988
clip_2.mp4,10,1,4:4:0,32,1,0,1,1.0,1.0,1.0,0.4777801890432099
clip_2.mp4,11,1,4:4:0,32,1,0,1,1.0,1.0,1.0,0.3906528099279835
clip_2.mp4,12,1,4:4:0,32,1,0,1,1.0,1.0,1.0,0.39108426568930044
clip_2.mp4,13,1,4:4:0,32,1,0,1,1.0,1.0,1.0,0.3727813143004115
clip_2.mp4,14,1,4:4:0,32,1,0,1,1.0,1.0,1.0,0.37290412808641976
clip_2.mp4,15,1,4:4:0,32,1,0,1,1.0,1.0,1.0,0.3729825745884774
clip_2.mp4,16,1,4:4:0,32,1,0,1,1.0,1.0,1.0,0.3702371077674897
clip_2.mp4,17,1,4:4:0,32,1,0,1,1.0,1.0,1.0,0.3702020640432099
clip_2.mp4,18,1,4:4:0,32,1,0,1,1.0,1.0,1.0,0.3725123778292181
clip_2.mp4,19,1,4:4:0,32,1,0,1,1.0,1.0,1.0,0.37232349537037035
clip_2.mp4,0,1,4:4:0,32,2,0,1,1.0,1.0,1.0,0.6666666666666666
clip_2.mp4,1,0,4:4:0,32,2,0,1,1036800.0,57600.0,518400.0,0.6671508487654321
clip_2.mp4,2,1,4:4:0,32,2,0,1,1.0,1.0,1.0,0.6666628086419754
clip_2.mp4,3,0,4:4:0,32,2,0,1,338.4916748285994,295.38461538461536,370.55039313795567,27.27326742541152
clip_2.mp4,4,1,4:4:0,32,2,0,1,1.0,1.0,1.0,0.6567629565329218
clip_2.mp4,5,0,4:4:0,32,2,0,1,5544.385026737968,19200.0,34560.0,0.7377888695987654
clip_2.mp4,6,1,4:4:0,32,2,0,1,1.0,1.0,1.0,0.5830031507201646
clip_2.mp4,7,0,4:4:0,32,2,0,1,83.13687755592976,428.07597027250205,387.73373223635,10.144285622427983
clip_2.mp4,8,1,4:4:0,32,2,0,1,1.0,1.0,1.0,0.4783347800925926
clip_2.mp4,9,0,4:4:0,32,2,0,1,236.33462502849326,713.0674002751032,697.7119784656796,3.2649004951131686
clip_2.mp4,10,1,4:4:0,32,2,0,1,1.0,1.0,1.0,0.4777801890432099
clip_2.mp4,11,0,4:4:0,32,2,0,1,14.849187935034802,19.699790993729813,15.452946612215698,995.46549688143
clip_2.mp4,12,1,4:4:0,32,2,0,1,1.0,1.0,1.0,0.39108426568930044
clip_2.mp4,13,0,4:4:0,32,2,0,1,12.328473923279983,16.609528691807377,15.10577539483653,1043.4213016010804
clip_2.mp4,14,1,4:4:0,32,2,0,1,1.0,1.0,1.0,0.37290412808641976
clip_2.mp4,15,0,4:4:0,32,2,0,1,76.20727673649394,177.71683236201577,146.06931530008453,17.630458944187243
clip_2.mp4,16,1,4:4:0,32,2,0,1,1.0,1.0,1.0,0.3702371077674897
clip_2.mp4,17,0,4:4:0,32,2,0,1,127.48063445223166,574.0863787375415,362.2641509433962,10.146953285751028
clip_2.mp4,18,1,4:4:0,32,2,0,1,1.0,1.0,1.0,0.3725123778292181
clip_2.mp4,19,0,4:4:0,32,2,0,1,37.37024221453287,162.96762024520592,150.8292115216759,21.509761927726338
clip_2.mp4,0,1,4:4:0,32,4,0,1,1.0,1.0,1.0,0.6666666666666666
clip_2.mp4,1,0,4:4:0,32,4,0,1,1036800.0,57600.0,518400.0,0.6671508487654321
clip_2.mp4,2,0,4:4:0,32,4,0,1,28021.62162162162,57600.0,518400.0,0.6819085969650206
clip_2.mp4,3,0,4:4:0,32,4,0,1,336.95157621059474,294.37819420783643,370.55039313795567,27.281230549125514
clip_2.mp4,4,1,4:4:0,32,4,0,1,1.0,1.0,1.0,0.6567629565329218
clip_2.mp4,5,0,4:4:0,32,4,0,1,5544.385026737968,19200.0,34560.0,0.7377888695987654
clip_2.mp4,6,0,4:4:0,32,4,0,1,72.17542638357118,108.24806849029025,71.97001249479383,266.928811406893
clip_2.mp4,7,0,4:4:0,32,4,0,1,72.18547657174685,107.30697578141172,73.66775614608498,267.4157071437757
clip_2.mp4,8,1,4:4:0,32,4,0,1,1.0,1.0,1.0,0.4783347800925926
clip_2.mp4,9,0,4:4:0,32,4,0,1,236.33462502849326,713.0674002751032,697.7119784656796,3.2649004951131686
clip_2.mp4,10,0,4:4:0,32,4,0,1,47.27123512515388,183.37460205164484,145.41374474053296,19.273324170524692
clip_2.mp4,11,0,4:4:0,32,4,0,1,14.849187935034802,19.70877846633464,15.437300854649951,995.3728542952675
clip_2.mp4,12,1,4:4:0,32,4,0,1,1.0,1.0,1.0,0.39108426568930044
clip_2.mp4,13,0,4:4:0,32,4,0,1,12.328473923279983,16.609528691807377,15.10577539483653,1043.4213016010804
clip_2.mp4,14,0,4:4:0,32,4,0,1,12.327740984269289,16.612722320141003,15.099175720152623,1043.431127186214
clip_2.mp4,15,0,4:4:0,32,4,0,1,12.327154695804154,16.603145117381416,15.093900131023439,1043.4127734375
clip_2.mp4,16,1,4:4:0,32,4,0,1,1.0,1.0,1.0,0.3702371077674897
clip_2.mp4,17,0,4:4:0,32,4,0,1,127.48063445223166,574.0863787375415,362.2641509433962,10.146953285751028
clip_2.mp4,18,0,4:4:0,32,4,0,1,11.662542182227222,15.78755024972591,16.056992411336534,1105.1309366962448
clip_2.mp4,19,0,4:4:0,32,4,0,1,11.662410996501727,15.78755024972591,16.05599777000031,1105.1579152199074
clip_2.mp4,0,1,4:4:0,32,6,0,1,1.0,1.0,1.0,0.6666666666666666
clip_2.mp4,1,0,4:4:0,32,6,0,1,1036800.0,57600.0,518400.0,0.6671508487654321
clip_2.mp4,2,0,4:4:0,32,6,0,1,28021.62162162162,57600.0,518400.0,0.6819085969650206
clip_2.mp4,3,0,4:4:0,32,6,0,1,336.95157621059474,294.37819420783643,370.55039313795567,27.281230549125514
clip_2.mp4,4,0,4:4:0,32,6,0,1,348.5042016806723,287.202216066482,360.7515657620042,27.607879533179013
clip_2.mp4,5,0,4:4:0,32,6,0,1,340.4926108374384,283.433570256971,361.25435540069685,27.62271444187243
clip_2.mp4,6,1,4:4:0,32,6,0,1,1.0,1.0,1.0,0.5830031507201646
clip_2.mp4,7,0,4:4:0,32,6,0,1,83.13687755592976,428.07597027250205,387.73373223635,10.144285622427983
clip_2.mp4,8,0,4:4:0,32,6,0,1,26.464507236388698,40.64925899788285,25.900574569073196,661.0403533307613
clip_2.mp4,9,0,4:4:0,32,6,0,1,26.441559766392086,40.60468395081068,26.017565872020075,661.1399906764403
clip_2.mp4,10,0,4:4:0,32,6,0,1,26.553976181329237,40.452594615684745,25.947244606837177,661.3130790252058
clip_2.mp4,11,0,4:4:0,32,6,0,1,18.311550688802544,22.967524699836073,18.419556566230813,1009.3976109182099
clip_2.mp4,12,1,4:4:0,32,6,0,1,1.0,1.0,1.0,0.39108426568930044
clip_2.mp4,13,0,4:4:0,32,6,0,1,12.328473923279983,16.609528691807377,15.10577539483653,1043.4213016010804
clip_2.mp4,14,0,4:4:0,32,6,0,1,12.327740984269289,16.612722320141003,15.099175720152623,1043.431127186214
clip_2.mp4,15,0,4:4:0,32,6,0,1,12.327154695804154,16.603145117381416,15.093900131023439,1043.4127734375
clip_2.mp4,16,0,4:4:0,32,6,0,1,13.610050013783326,21.765965486837132,18.8618832775433,1057.7755288708847
clip_2.mp4,17,0,4:4:0,32,6,0,1,13.603978323907995,21.789752427388507,18.86874863507316,1057.6784304269547
clip_2.mp4,18,1,4:4:0,32,6,0,1,1.0,1.0,1.0,0.3725123778292181
clip_2.mp4,19,0,4:4:0,32,6,0,1,37.37024221453287,162.96762024520592,150.8292115216759,21.509761927726338
clip_2.mp4,0,1,4:4:0,32,8,0,1,1.0,1.0,1.0,0.6666666666666666
clip_2.mp4,1,0,4:4:0,32,8,0,1,1036800.0,57600.0,518400.0,0.6671508487654321
clip_2.mp4,2,0,4:4:0,32,8,0,1,28021.62162162162,57600.0,518400.0,0.6819085969650206
clip_2.mp4,3,0,4:4:0,32,8,0,1,336.95157621059474,294.37819420783643,370.55039313795567,27.281230549125514
clip_2.mp4,4,0,4:4:0,32,8,0,1,348.5042016806723,287.202216066482,360.7515657620042,27.607879533179013
clip_2.mp4,5,0,4:4:0,32,8,0,1,340.4926108374384,283.433570256971,361.25435540069685,27.62271444187243
clip_2.mp4,6,0,4:4:0,32,8,0,1,78.46817528191932,107.93254216114929,82.93073108302671,265.5212995113169
clip_2.mp4,7,0,4:4:0,32,8,0,1,78.52760736196319,107.17386810006202,85.16510596352883,266.0017677790638
clip_2.mp4,8,1,4:4:0,32,8,0,1,1.0,1.0,1.0,0.4783347800925926
clip_2.mp4,9,0,4:4:0,32,8,0,1,236.33462502849326,713.0674002751032,697.7119784656796,3.2649004951131686
clip_2.mp4,10,0,4:4:0,32,8,0,1,47.27123512515388,183.37460205164484,145.41374474053296,19.273324170524692
clip_2.mp4,11,0,4:4:0,32,8,0,1,14.849187935034802,19.70877846633464,15.437300854649951,995.3728542952675
clip_2.mp4,12,0,4:4:0,32,8,0,1,14.821168196243246,19.69829387848159,15.438220316269097,995.3881227494855
clip_2.mp4,13,0,4:4:0,32,8,0,1,14.877100342942418,20.33020902780501,17.421696464578574,1028.4269717721193
clip_2.mp4,14,0,4:4:0,32,8,0,1,14.876886873672731,20.36535061873895,17.446321599246147,1028.4808452289094
clip_2.mp4,15,0,4:4:0,32,8,0,1,14.874325720188224,20.341377280753385,17.435759451096462,1028.3392664930554
clip_2.mp4,16,1,4:4:0,32,8,0,1,1.0,1.0,1.0,0.3702371077674897
clip_2.mp4,17,0,4:4:0,32,8,0,1,127.48063445223166,574.0863787375415,362.2641509433962,10.146953285751028
clip_2.mp4,18,0,4:4:0,32,8,0,1,11.662542182227222,15.78755024972591,16.056992411336534,1105.1309366962448
clip_2.mp4,19,0,4:4:0,32,8,0,1,11.662410996501727,15.78755024972591,16.05599777000031,1105.1579152199074
clip_2.mp4,0,1,4:4:0,32,10,0,1,1.0,1.0,1.0,0.6666666666666666
clip_2.mp4,1,0,4:4:0,32,10,0,1,1036800.0,57600.0,518400.0,0.6671508487654321
clip_2.mp4,2,0,4:4:0,32,10,0,1,28021.62162162162,57600.0,518400.0,0.6819085969650206
clip_2.mp4,3,0,4:4:0,32,10,0,1,336.95157621059474,294.37819420783643,370.55039313795567,27.281230549125514
clip_2.mp4,4,0,4:4:0,32,10,0,1,348.5042016806723,287.202216066482,360.7515657620042,27.607879533179013
clip_2.mp4,5,0,4:4:0,32,10,0,1,340.4926108374384,283.433570256971,361.25435540069685,27.62271444187243
clip_2.mp4,6,0,4:4:0,32,10,0,1,78.46817528191932,107.93254216114929,82.93073108302671,265.5212995113169
clip_2.mp4,7,0,4:4:0,32,10,0,1,78.52760736196319,107.17386810006202,85.16510596352883,266.0017677790638
clip_2.mp4,8,0,4:4:0,32,10,0,1,32.439535684115015,42.04720577500203,35.28210712584224,635.7875888953189
clip_2.mp4,9,0,4:4:0,32,10,0,1,32.407089050729844,42.01312910284464,35.46555380721078,635.9200324717078
clip_2.mp4,10,1,4:4:0,32,10,0,1,1.0,1.0,1.0,0.4777801890432099
clip_2.mp4,11,0,4:4:0,32,10,0,1,14.849187935034802,19.699790993729813,15.452946612215698,995.46549688143
clip_2.mp4,12,0,4:4:0,32,10,0,1,14.821168196243246,19.690811714209747,15.453867938589953,995.4785924639917
clip_2.mp4,13,0,4:4:0,32,10,0,1,14.899334645839021,20.354156032824218,17.445147395342577,1028.8682900913066
clip_2.mp4,14,0,4:4:0,32,10,0,1,14.899120538023798,20.38938053097345,17.468661544682572,1028.9230640753601
clip_2.mp4,15,0,4:4:0,32,10,0,1,14.895695649675305,20.366950850587358,17.455720923967945,1028.7819095614711
clip_2.mp4,16,0,4:4:0,32,10,0,1,15.67489114658926,24.159947802581907,18.61935205804181,1056.5637823109569
clip_2.mp4,17,0,4:4:0,32,10,0,1,15.668258477906063,24.17346700862672,18.627380524613727,1056.4897108088992
clip_2.mp4,18,0,4:4:0,32,10,0,1,15.076779897626803,23.60333287802213,19.14327917282127,1099.696646090535
clip_2.mp4,19,0,4:4:0,32,10,0,1,15.109737969628961,23.590443686006825,19.156012120316312,1100.0009863683129
clip_2.mp4,0,1,4:2:0,1,1,0,1,1.0,1.0,1.0,0.6666666666666666
clip_2.mp4,1,1,4:2:0,1,1,0,1,1.0,1.0,1.0,0.6666628086419754
clip_2.mp4,2,1,4:2:0,1,1,0,1,1.0,1.0,1.0,0.6666628086419754
clip_2.mp4,3,1,4:2:0,1,1,0,1,1.0,1.0,1.0,0.6572247942386831
clip_2.mp4,4,1,4:2:0,1,1,0,1,1.0,1.0,1.0,0.6567629565329218
clip_2.mp4,5,1,4:2:0,1,1,0,1,1.0,1.0,1.0,0.6567449524176955
clip_2.mp4,6,1,4:2:0,1,1,0,1,1.0,1.0,1.0,0.5830033114711934
clip_2.mp4,7,1,4:2:0,1,1,0,1,1.0,1.0,1.0,0.5825366512345679
clip_2.mp4,8,1,4:2:0,1,1,0,1,1.0,1.0,1.0,0.47836291152263377
clip_2.mp4,9,1,4:2:0,1,1,0,1,1.0,1.0,1.0,0.4778694058641975
clip_2.mp4,10,1,4:2:0,1,1,0,1,1.0,1.0,1.0,0.47780719521604936
clip_2.mp4,11,1,4:2:0,1,1,0,1,1.0,1.0,1.0,0.39067756558641975
clip_2.mp4,12,1,4:2:0,1,1,0,1,1.0,1.0,1.0,0.3911080568415638
clip_2.mp4,13,1,4:2:0,1,1,0,1,1.0,1.0,1.0,0.3728168402777778
clip_2.mp4,14,1,4:2:0,1,1,0,1,1.0,1.0,1.0,0.3729412615740741
clip_2.mp4,15,1,4:2:0,1,1,0,1,1.0,1.0,1.0,0.3730147247942387
clip_2.mp4,16,1,4:2:0,1,1,0,1,1.0,1.0,1.0,0.37026539994855967
clip_2.mp4,17,1,4:2:0,1,1,0,1,1.0,1.0,1.0,0.37023067772633744
clip_2.mp4,18,1,4:2:0,1,1,0,1,1.0,1.0,1.0,0.3725950038580247
clip_2.mp4,19,1,4:2:0,1,1,0,1,1.0,1.0,1.0,0.37240371013374485
clip_2.mp4,0,1,4:2:0,1,2,0,1,1.0,1.0,1.0,0.6666666666666666
clip_2.mp4,1,0,4:2:0,1,2,0,1,31418.18181818182,23563.636363636364,28800.0,0.6666628086419754
clip_2.mp4,2,1,4:2:0,1,2,0,1,1.0,1.0,1.0,0.6666628086419754
clip_2.mp4,3,0,4:2:0,1,2,0,1,27.53784860557769,46.501614639397204,20.714456964756653,0.6572247942386831
clip_2.mp4,4,1,4:2:0,1,2,0,1,1.0,1.0,1.0,0.6567629565329218
clip_2.mp4,5,0,4:2:0,1,2,0,1,2005.4158607350096,7005.405405405405,3013.953488372093,0.6567449524176955
clip_2.mp4,6,1,4:2:0,1,2,0,1,1.0,1.0,1.0,0.5830033114711934
clip_2.mp4,7,0,4:2:0,1,2,0,1,49.91334488734835,108.31592143752611,53.0278232405892,0.5825366512345679
clip_2.mp4,8,1,4:2:0,1,2,0,1,1.0,1.0,1.0,0.47836291152263377
clip_2.mp4,9,0,4:2:0,1,2,0,1,72.34161317331845,124.49567723342939,59.01639344262295,0.4778694058641975
clip_2.mp4,10,1,4:2:0,1,2,0,1,1.0,1.0,1.0,0.47780719521604936
clip_2.mp4,11,0,4:2:0,1,2,0,1,0.9027568564418076,1.132778015715547,0.8003779562571214,0.39067756558641975
clip_2.mp4,12,1,4:2:0,1,2,0,1,1.0,1.0,1.0,0.3911080568415638
clip_2.mp4,13,0,4:2:0,1,2,0,1,0.804040676641176,0.9455195432907144,0.7726542402084259,0.3728168402777778
clip_2.mp4,14,1,4:2:0,1,2,0,1,1.0,1.0,1.0,0.3729412615740741
clip_2.mp4,15,0,4:2:0,1,2,0,1,35.73077850914981,50.66458170445661,40.51266020631447,0.3730147247942387
clip_2.mp4,16,1,4:2:0,1,2,0,1,1.0,1.0,1.0,0.37026539994855967
clip_2.mp4,17,0,4:2:0,1,2,0,1,45.90657516050476,129.72972972972974,62.59357643081381,0.37023067772633744
clip_2.mp4,18,1,4:2:0,1,2,0,1,1.0,1.0,1.0,0.3725950038580247
clip_2.mp4,19,0,4:2:0,1,2,0,1,17.33402437597178,30.919718477871882,26.097462746677408,0.37240371013374485
clip_2.mp4,0,1,4:2:0,1,4,0,1,1.0,1.0,1.0,0.6666666666666666
clip_2.mp4,1,0,4:2:0,1,4,0,1,31418.18181818182,23563.636363636364,28800.0,0.6666628086419754
clip_2.mp4,2,0,4:2:0,1,4,0,1,15474.626865671642,23563.636363636364,28800.0,0.6666628086419754
clip_2.mp4,3,0,4:2:0,1,4,0,1,27.504974134500596,46.44328973302276,20.709491850431448,0.6572247942386831
clip_2.mp4,4,1,4:2:0,1,4,0,1,1.0,1.0,1.0,0.6567629565329218
clip_2.mp4,5,0,4:2:0,1,4,0,1,2005.4158607350096,7005.405405405405,3013.953488372093,0.6567449524176955
clip_2.mp4,6,0,4:2:0,1,4,0,1,3.914373088685015,7.001431619891413,3.4005930046443282,0.5830033114711934
clip_2.mp4,7,0,4:2:0,1,4,0,1,3.9119804400977993,6.985016707987496,3.401619443824722,0.5825366512345679
clip_2.mp4,8,1,4:2:0,1,4,0,1,1.0,1.0,1.0,0.47836291152263377
clip_2.mp4,9,0,4:2:0,1,4,0,1,72.34161317331845,124.49567723342939,59.01639344262295,0.4778694058641975
clip_2.mp4,10,0,4:2:0,1,4,0,1,23.19774466371325,44.2019099590723,24.822830875311244,0.47780719521604936
clip_2.mp4,11,0,4:2:0,1,4,0,1,0.9023726447403807,1.1318530163096876,0.8001308856078309,0.39067756558641975
clip_2.mp4,12,1,4:2:0,1,4,0,1,1.0,1.0,1.0,0.3911080568415638
clip_2.mp4,13,0,4:2:0,1,4,0,1,0.804040676641176,0.9455195432907144,0.7726542402084259,0.3728168402777778
clip_2.mp4,14,0,4:2:0,1,4,0,1,0.8038293537267818,0.944165986711738,0.7718075840814685,0.3729412615740741
clip_2.mp4,15,0,4:2:0,1,4,0,1,0.803896042471267,0.9448887787166719,0.7723572390612522,0.3730147247942387
clip_2.mp4,16,1,4:2:0,1,4,0,1,1.0,1.0,1.0,0.37026539994855967
clip_2.mp4,17,0,4:2:0,1,4,0,1,45.90657516050476,129.72972972972974,62.59357643081381,0.37023067772633744
clip_2.mp4,18,0,4:2:0,1,4,0,1,0.81062189898813,0.9074009893191342,0.8031680517597188,0.3725950038580247
clip_2.mp4,19,0,4:2:0,1,4,0,1,0.8105870423345657,0.907239011277485,0.8030212435056586,0.37240371013374485
clip_2.mp4,0,1,4:2:0,1,6,0,1,1.0,1.0,1.0,0.6666666666666666
clip_2.mp4,1,0,4:2:0,1,6,0,1,31418.18181818182,23563.636363636364,28800.0,0.6666628086419754
clip_2.mp4,2,0,4:2:0,1,6,0,1,15474.626865671642,23563.636363636364,28800.0,0.6666628086419754
clip_2.mp4,3,0,4:2:0,1,6,0,1,27.504974134500596,46.44328973302276,20.709491850431448,0.6572247942386831
clip_2.mp4,4,0,4:2:0,1,6,0,1,27.192614351657575,45.117493472584854,20.46100410483107,0.6567629565329218
clip_2.mp4,5,0,4:2:0,1,6,0,1,27.154867604305807,44.92979719188767,20.420704325218626,0.6567449524176955
clip_2.mp4,6,1,4:2:0,1,6,0,1,1.0,1.0,1.0,0.5830033114711934
clip_2.mp4,7,0,4:2:0,1,6,0,1,49.91334488734835,108.31592143752611,53.0278232405892,0.5825366512345679
clip_2.mp4,8,0,4:2:0,1,6,0,1,1.4795491713211768,2.1064950263311877,1.2847265247453594,0.47836291152263377
clip_2.mp4,9,0,4:2:0,1,6,0,1,1.4784078027078476,2.105947351316217,1.284484595600442,0.4778694058641975
clip_2.mp4,10,0,4:2:0,1,6,0,1,1.4795491713211768,2.1057420465992918,1.2843509370013972,0.47780719521604936
clip_2.mp4,11,0,4:2:0,1,6,0,1,1.0258175968085674,1.3253973123887832,0.9533828170402466,0.39067756558641975
clip_2.mp4,12,1,4:2:0,1,6,0,1,1.0,1.0,1.0,0.3911080568415638
clip_2.mp4,13,0,4:2:0,1,6,0,1,0.804040676641176,0.9455195432907144,0.7726542402084259,0.3728168402777778
clip_2.mp4,14,0,4:2:0,1,6,0,1,0.8038293537267818,0.944165986711738,0.7718075840814685,0.3729412615740741
clip_2.mp4,15,0,4:2:0,1,6,0,1,0.803896042471267,0.9448887787166719,0.7723572390612522,0.3730147247942387
clip_2.mp4,16,0,4:2:0,1,6,0,1,0.7917435080926908,0.9316468799534177,0.7683870393976225,0.37026539994855967
clip_2.mp4,17,0,4:2:0,1,6,0,1,0.7916111210367907,0.9313623330051527,0.7682116849976438,0.37023067772633744
clip_2.mp4,18,1,4:2:0,1,6,0,1,1.0,1.0,1.0,0.3725950038580247
clip_2.mp4,19,0,4:2:0,1,6,0,1,17.33402437597178,30.919718477871882,26.097462746677408,0.37240371013374485
clip_2.mp4,0,1,4:2:0,1,8,0,1,1.0,1.0,1.0,0.6666666666666666
clip_2.mp4,1,0,4:2:0,1,8,0,1,31418.18181818182,23563.636363636364,28800.0,0.6666628086419754
clip_2.mp4,2,0,4:2:0,1,8,0,1,15474.626865671642,23563.636363636364,28800.0,0.6666628086419754
clip_2.mp4,3,0,4:2:0,1,8,0,1,27.504974134500596,46.44328973302276,20.709491850431448,0.6572247942386831
clip_2.mp4,4,0,4:2:0,1,8,0,1,27.192614351657575,45.117493472584854,20.46100410483107,0.6567629565329218
clip_2.mp4,5,0,4:2:0,1,8,0,1,27.154867604305807,44.92979719188767,20.420704325218626,0.6567449524176955
clip_2.mp4,6,0,4:2:0,1,8,0,1,4.212202712255527,7.64376290179888,3.783775893026583,0.5830033114711934
clip_2.mp4,7,0,4:2:0,1,8,0,1,4.20958606549057,7.623753639812936,3.784880919352248,0.5825366512345679
clip_2.mp4,8,1,4:2:0,1,8,0,1,1.0,1.0,1.0,0.47836291152263377
clip_2.mp4,9,0,4:2:0,1,8,0,1,72.34161317331845,124.49567723342939,59.01639344262295,0.4778694058641975
clip_2.mp4,10,0,4:2:0,1,8,0,1,23.19774466371325,44.2019099590723,24.822830875311244,0.47780719521604936
clip_2.mp4,11,0,4:2:0,1,8,0,1,0.9023726447403807,1.1318530163096876,0.8001308856078309,0.39067756558641975
clip_2.mp4,12,0,4:2:0,1,8,0,1,0.9021724186539463,1.131186174391202,0.7997408247327255,0.3911080568415638
clip_2.mp4,13,0,4:2:0,1,8,0,1,0.8798878414572463,1.0886548057053576,0.8086455187560836,0.3728168402777778
clip_2.mp4,14,0,4:2:0,1,8,0,1,0.8796608961545379,1.087079605933643,0.808005237070981,0.3729412615740741
clip_2.mp4,15,0,4:2:0,1,8,0,1,0.8797071715479894,1.0878506555643226,0.8083227303345558,0.3730147247942387
clip_2.mp4,16,1,4:2:0,1,8,0,1,1.0,1.0,1.0,0.37026539994855967
clip_2.mp4,17,0,4:2:0,1,8,0,1,45.90657516050476,129.72972972972974,62.59357643081381,0.37023067772633744
clip_2.mp4,18,0,4:2:0,1,8,0,1,0.81062189898813,0.9074009893191342,0.8031680517597188,0.3725950038580247
clip_2.mp4,19,0,4:2:0,1,8,0,1,0.8105870423345657,0.907239011277485,0.8030212435056586,0.37240371013374485
clip_2.mp4,0,1,4:2:0,1,10,0,1,1.0,1.0,1.0,0.6666666666666666
clip_2.mp4,1,0,4:2:0,1,10,0,1,31418.18181818182,23563.636363636364,28800.0,0.6666628086419754
clip_2.mp4,2,0,4:2:0,1,10,0,1,15474.626865671642,23563.636363636364,28800.0,0.6666628086419754
clip_2.mp4,3,0,4:2:0,1,10,0,1,27.504974134500596,46.44328973302276,20.709491850431448,0.6572247942386831
clip_2.mp4,4,0,4:2:0,1,10,0,1,27.192614351657575,45.117493472584854,20.46100410483107,0.6567629565329218
clip_2.mp4,5,0,4:2:0,1,10,0,1,27.154867604305807,44.92979719188767,20.420704325218626,0.6567449524176955
clip_2.mp4,6,0,4:2:0,1,10,0,1,4.212202712255527,7.64376290179888,3.783775893026583,0.5830033114711934
clip_2.mp4,7,0,4:2:0,1,10,0,1,4.20958606549057,7.623753639812936,3.784880919352248,0.5825366512345679
clip_2.mp4,8,0,4:2:0,1,10,0,1,1.7824846130041605,2.328548071221949,1.559116500649632,0.47836291152263377
clip_2.mp4,9,0,4:2:0,1,10,0,1,1.7809169798616216,2.327105572663692,1.558750834400765,0.4778694058641975
clip_2.mp4,10,1,4:2:0,1,10,0,1,1.0,1.0,1.0,0.47780719521604936
clip_2.mp4,11,0,4:2:0,1,10,0,1,0.9027568564418076,1.132778015715547,0.8003779562571214,0.39067756558641975
clip_2.mp4,12,0,4:2:0,1,10,0,1,0.9025478172758516,1.1320606386184668,0.7999925926611791,0.3911080568415638
clip_2.mp4,13,0,4:2:0,1,10,0,1,0.8801881266289169,1.0885816520234515,0.8087666308878959,0.3728168402777778
clip_2.mp4,14,0,4:2:0,1,10,0,1,0.8799445960809875,1.0870021052278427,0.8081211183997207,0.3729412615740741
clip_2.mp4,15,0,4:2:0,1,10,0,1,0.8799946358351673,1.0878095661771803,0.8084311383221935,0.3730147247942387
clip_2.mp4,16,0,4:2:0,1,10,0,1,0.8817128769369322,1.0634762379528082,0.813431664836027,0.37026539994855967
clip_2.mp4,17,0,4:2:0,1,10,0,1,0.8816678897881123,1.0630749607293875,0.8132734255377896,0.37023067772633744
clip_2.mp4,18,0,4:2:0,1,10,0,1,0.8806576392463447,0.991948075804427,0.8270527948130516,0.3725950038580247
clip_2.mp4,19,0,4:2:0,1,10,0,1,0.8803959064307623,0.9918949326108419,0.8270633507552697,0.37240371013374485
clip_2.mp4,0,1,4:2:0,2,1,0,1,1.0,1.0,1.0,0.6666666666666666
clip_2.mp4,1,1,4:2:0,2,1,0,1,1.0,1.0,1.0,0.6666628086419754
clip_2.mp4,2,1,4:2:0,2,1,0,1,1.0,1.0,1.0,0.6666628086419754
clip_2.mp4,3,1,4:2:0,2,1,0,1,1.0,1.0,1.0,0.6572247942386831
clip_2.mp4,4,1,4:2:0,2,1,0,1,1.0,1.0,1.0,0.6567629565329218
clip_2.mp4,5,1,4:2:0,2,1,0,1,1.0,1.0,1.0,0.6567449524176955
clip_2.mp4,6,1,4:2:0,2,1,0,1,1.0,1.0,1.0,0.5830033114711934
clip_2.mp4,7,1,4:2:0,2,1,0,1,1.0,1.0,1.0,0.5825366512345679
clip_2.mp4,8,1,4:2:0,2,1,0,1,1.0,1.0,1.0,0.47836291152263377
clip_2.mp4,9,1,4:2:0,2,1,0,1,1.0,1.0,1.0,0.4778694058641975
clip_2.mp4,10,1,4:2:0,2,1,0,1,1.0,1.0,1.0,0.47780719521604936
clip_2.mp4,11,1,4:2:0,2,1,0,1,1.0,1.0,1.0,0.39067756558641975
clip_2.mp4,12,1,4:2:0,2,1,0,1,1.0,1.0,1.0,0.3911080568415638
clip_2.mp4,13,1,4:2:0,2,1,0,1,1.0,1.0,1.0,0.3728168402777778
clip_2.mp4,14,1,4:2:0,2,1,0,1,1.0,1.0,1.0,0.3729412615740741
clip_2.mp4,15,1,4:2:0,2,1,0,1,1.0,1.0,1.0,0.3730147247942387
clip_2.mp4,16,1,4:2:0,2,1,0,1,1.0,1.0,1.0,0.37026539994855967
clip_2.mp4,17,1,4:2:0,2,1,0,1,1.0,1.0,1.0,0.37023067772633744
clip_2.mp4,18,1,4:2:0,2,1,0,1,1.0,1.0,1.0,0.3725950038580247
clip_2.mp4,19,1,4:2:0,2,1,0,1,1.0,1.0,1.0,0.37240371013374485
clip_2.mp4,0,1,4:2:0,2,2,0,1,1.0,1.0,1.0,0.6666666666666666
clip_2.mp4,1,0,4:2:0,2,2,0,1,1036800.0,28800.0,259200.0,0.6667007458847737
clip_2.mp4,2,1,4:2:0,2,2,0,1,1.0,1.0,1.0,0.6666628086419754
clip_2.mp4,3,0,4:2:0,2,2,0,1,41.83175307645754,65.97098498345635,24.256035934868052,0.7145281957304527
clip_2.mp4,4,1,4:2:0,2,2,0,1,1.0,1.0,1.0,0.6567629565329218
clip_2.mp4,5,0,4:2:0,2,2,0,1,4527.510917030568,9600.0,8937.931034482759,0.6572077546296297
clip_2.mp4,6,1,4:2:0,2,2,0,1,1.0,1.0,1.0,0.5830033114711934
clip_2.mp4,7,0,4:2:0,2,2,0,1,68.84462151394422,178.88198757763976,80.52190121155638,0.6046577610596707
clip_2.mp4,8,1,4:2:0,2,2,0,1,1.0,1.0,1.0,0.47836291152263377
clip_2.mp4,9,0,4:2:0,2,2,0,1,146.33733239237827,273.1296101159115,114.18502202643172,0.4946759259259259
clip_2.mp4,10,1,4:2:0,2,2,0,1,1.0,1.0,1.0,0.47780719521604936
clip_2.mp4,11,0,4:2:0,2,2,0,1,1.2723829813867356,1.5457093446240087,0.9649821671891171,1.991436953446502
clip_2.mp4,12,1,4:2:0,2,2,0,1,1.0,1.0,1.0,0.3911080568415638
clip_2.mp4,13,0,4:2:0,2,2,0,1,1.099643527980561,1.2770863511396222,0.9502615785633892,2.0967820859053496
clip_2.mp4,14,1,4:2:0,2,2,0,1,1.0,1.0,1.0,0.3729412615740741
clip_2.mp4,15,0,4:2:0,2,2,0,1,58.46067098956865,73.11706629055007,56.25,0.4003060699588477
clip_2.mp4,16,1,4:2:0,2,2,0,1,1.0,1.0,1.0,0.37026539994855967
clip_2.mp4,17,0,4:2:0,2,2,0,1,77.53514807059527,206.53386454183266,95.82255083179298,0.38710262345679014
clip_2.mp4,18,1,4:2:0,2,2,0,1,1.0,1.0,1.0,0.3725950038580247
clip_2.mp4,19,0,4:2:0,2,2,0,1,28.529759775460224,54.49957947855341,44.490216271884655,0.419414866255144
clip_2.mp4,0,1,4:2:0,2,4,0,1,1.0,1.0,1.0,0.6666666666666666
clip_2.mp4,1,0,4:2:0,2,4,0,1,1036800.0,28800.0,259200.0,0.6667007458847737
clip_2.mp4,2,0,4:2:0,2,4,0,1,28021.62162162162,28800.0,259200.0,0.6667291988168724
clip_2.mp4,3,0,4:2:0,2,4,0,1,41.80813742489617,65.87039390088945,24.256035934868052,0.7145698302469136
clip_2.mp4,4,1,4:2:0,2,4,0,1,1.0,1.0,1.0,0.6567629565329218
clip_2.mp4,5,0,4:2:0,2,4,0,1,4527.510917030568,9600.0,8937.931034482759,0.6572077546296297
clip_2.mp4,6,0,4:2:0,2,4,0,1,5.8788174323266915,10.679411643525194,4.1826690334032595,1.0823750964506174
clip_2.mp4,7,0,4:2:0,2,4,0,1,5.876984644336997,10.677651905252317,4.1884139936979885,1.0828901427469135
clip_2.mp4,8,1,4:2:0,2,4,0,1,1.0,1.0,1.0,0.47836291152263377
clip_2.mp4,9,0,4:2:0,2,4,0,1,146.33733239237827,273.1296101159115,114.18502202643172,0.4946759259259259
clip_2.mp4,10,0,4:2:0,2,4,0,1,35.511713933415535,72.95243456234168,38.913076114697496,0.5240354938271605
clip_2.mp4,11,0,4:2:0,2,4,0,1,1.2714951104832124,1.546382526832004,0.9642677777571101,1.990989904835391
clip_2.mp4,12,1,4:2:0,2,4,0,1,1.0,1.0,1.0,0.3911080568415638
clip_2.mp4,13,0,4:2:0,2,4,0,1,1.099643527980561,1.2770863511396222,0.9502615785633892,2.0967820859053496
clip_2.mp4,14,0,4:2:0,2,4,0,1,1.099528076780317,1.2762248952481303,0.9495270681153792,2.0971481159979426
clip_2.mp4,15,0,4:2:0,2,4,0,1,1.0994662795346357,1.2764134358272312,0.9497497380127073,2.096475212191358
clip_2.mp4,16,1,4:2:0,2,4,0,1,1.0,1.0,1.0,0.37026539994855967
clip_2.mp4,17,0,4:2:0,2,4,0,1,77.53514807059527,206.53386454183266,95.82255083179298,0.38710262345679014
clip_2.mp4,18,0,4:2:0,2,4,0,1,1.106555015037963,1.2201206940377898,1.0222593825427124,2.051941229423868
clip_2.mp4,19,0,4:2:0,2,4,0,1,1.1071765715969912,1.2201953630693185,1.0219772420808593,2.0515253665123456
clip_2.mp4,0,1,4:2:0,2,6,0,1,1.0,1.0,1.0,0.6666666666666666
clip_2.mp4,1,0,4:2:0,2,6,0,1,1036800.0,28800.0,259200.0,0.6667007458847737
clip_2.mp4,2,0,4:2:0,2,6,0,1,28021.62162162162,28800.0,259200.0,0.6667291988168724
clip_2.mp4,3,0,4:2:0,2,6,0,1,41.80813742489617,65.87039390088945,24.256035934868052,0.7145698302469136
clip_2.mp4,4,0,4:2:0,2,6,0,1,41.405750798722046,64.26977436151748,24.08921933085502,0.7139258616255144
clip_2.mp4,5,0,4:2:0,2,6,0,1,41.26895673287426,63.88957357653438,24.093697713329615,0.7140967399691358
clip_2.mp4,6,1,4:2:0,2,6,0,1,1.0,1.0,1.0,0.5830033114711934
clip_2.mp4,7,0,4:2:0,2,6,0,1,68.84462151394422,178.88198757763976,80.52190121155638,0.6046577610596707
clip_2.mp4,8,0,4:2:0,2,6,0,1,2.139624533866038,2.987482999469814,1.5562146519530735,1.6031749935699589
clip_2.mp4,9,0,4:2:0,2,6,0,1,2.1392183847333097,2.984937122852273,1.5561866223185499,1.6038136574074073
clip_2.mp4,10,0,4:2:0,2,6,0,1,2.142781854969547,2.983459754371022,1.5562333389370542,1.6034455375514403
clip_2.mp4,11,0,4:2:0,2,6,0,1,1.4752838726201656,1.834706531895014,1.1648077078633507,2.05942210005144
clip_2.mp4,12,1,4:2:0,2,6,0,1,1.0,1.0,1.0,0.3911080568415638
clip_2.mp4,13,0,4:2:0,2,6,0,1,1.099643527980561,1.2770863511396222,0.9502615785633892,2.0967820859053496
clip_2.mp4,14,0,4:2:0,2,6,0,1,1.099528076780317,1.2762248952481303,0.9495270681153792,2.0971481159979426
clip_2.mp4,15,0,4:2:0,2,6,0,1,1.0994662795346357,1.2764134358272312,0.9497497380127073,2.096475212191358
clip_2.mp4,16,0,4:2:0,2,6,0,1,1.083667537321623,1.249361341135415,0.948418753224514,2.092728587962963
clip_2.mp4,17,0,4:2:0,2,6,0,1,1.0832984179956262,1.2494034965945078,0.9482383326809317,2.0925392232510287
clip_2.mp4,18,1,4:2:0,2,6,0,1,1.0,1.0,1.0,0.3725950038580247
clip_2.mp4,19,0,4:2:0,2,6,0,1,28.529759775460224,54.49957947855341,44.490216271884655,0.419414866255144
clip_2.mp4,0,1,4:2:0,2,8,0,1,1.0,1.0,1.0,0.6666666666666666
clip_2.mp4,1,0,4:2:0,2,8,0,1,1036800.0,28800.0,259200.0,0.6667007458847737
clip_2.mp4,2,0,4:2:0,2,8,0,1,28021.62162162162,28800.0,259200.0,0.6667291988168724
clip_2.mp4,3,0,4:2:0,2,8,0,1,41.80813742489617,65.87039390088945,24.256035934868052,0.7145698302469136
clip_2.mp4,4,0,4:2:0,2,8,0,1,41.405750798722046,64.26977436151748,24.08921933085502,0.7139258616255144
clip_2.mp4,5,0,4:2:0,2,8,0,1,41.26895673287426,63.88957357653438,24.093697713329615,0.7140967399691358
clip_2.mp4,6,0,4:2:0,2,8,0,1,6.421126298252894,11.726384364820847,4.763917734198387,1.0913930684156379
clip_2.mp4,7,0,4:2:0,2,8,0,1,6.419814241486068,11.721081667721805,4.770054656876277,1.0918023405349795
clip_2.mp4,8,1,4:2:0,2,8,0,1,1.0,1.0,1.0,0.47836291152263377
clip_2.mp4,9,0,4:2:0,2,8,0,1,146.33733239237827,273.1296101159115,114.18502202643172,0.4946759259259259
clip_2.mp4,10,0,4:2:0,2,8,0,1,35.511713933415535,72.95243456234168,38.913076114697496,0.5240354938271605
clip_2.mp4,11,0,4:2:0,2,8,0,1,1.2714951104832124,1.546382526832004,0.9642677777571101,1.990989904835391
clip_2.mp4,12,0,4:2:0,2,8,0,1,1.2708670161714395,1.545451293242228,0.9636440019481075,1.9927030285493827
clip_2.mp4,13,0,4:2:0,2,8,0,1,1.230889046654589,1.4668266292414605,0.9929436642379387,2.0637577160493827
clip_2.mp4,14,0,4:2:0,2,8,0,1,1.2307443938097167,1.466287272377569,0.9927154904979663,2.063350212191358
clip_2.mp4,15,0,4:2:0,2,8,0,1,1.2305048416710085,1.466569348021659,0.9928257613770861,2.063328510802469
clip_2.mp4,16,1,4:2:0,2,8,0,1,1.0,1.0,1.0,0.37026539994855967
clip_2.mp4,17,0,4:2:0,2,8,0,1,77.53514807059527,206.53386454183266,95.82255083179298,0.38710262345679014
clip_2.mp4,18,0,4:2:0,2,8,0,1,1.106555015037963,1.2201206940377898,1.0222593825427124,2.051941229423868
clip_2.mp4,19,0,4:2:0,2,8,0,1,1.1071765715969912,1.2201953630693185,1.0219772420808593,2.0515253665123456
clip_2.mp4,0,1,4:2:0,2,10,0,1,1.0,1.0,1.0,0.6666666666666666
clip_2.mp4,1,0,4:2:0,2,10,0,1,1036800.0,28800.0,259200.0,0.6667007458847737
clip_2.mp4,2,0,4:2:0,2,10,0,1,28021.62162162162,28800.0,259200.0,0.6667291988168724
clip_2.mp4,3,0,4:2:0,2,10,0,1,41.80813742489617,65.87039390088945,24.256035934868052,0.7145698302469136
clip_2.mp4,4,0,4:2:0,2,10,0,1,41.405750798722046,64.26977436151748,24.08921933085502,0.7139258616255144
clip_2.mp4,5,0,4:2:0,2,10,0,1,41.26895673287426,63.88957357653438,24.093697713329615,0.7140967399691358
clip_2.mp4,6,0,4:2:0,2,10,0,1,6.421126298252894,11.726384364820847,4.763917734198387,1.0913930684156379
clip_2.mp4,7,0,4:2:0,2,10,0,1,6.419814241486068,11.721081667721805,4.770054656876277,1.0918023405349795
clip_2.mp4,8,0,4:2:0,2,10,0,1,2.665384704373154,3.2897993374709666,1.9818786558091523,1.6444592335390946
clip_2.mp4,9,0,4:2:0,2,10,0,1,2.6650284418785777,3.2872125908358805,1.981696827908897,1.6451967592592593
clip_2.mp4,10,1,4:2:0,2,10,0,1,1.0,1.0,1.0,0.47780719521604936
clip_2.mp4,11,0,4:2:0,2,10,0,1,1.2723829813867356,1.5457093446240087,0.9649821671891171,1.991436953446502
clip_2.mp4,12,0,4:2:0,2,10,0,1,1.2717758495065246,1.5447513021919734,0.9643754069388895,1.9930902777777777
clip_2.mp4,13,0,4:2:0,2,10,0,1,1.231602580093368,1.4668266292414605,0.9931338891613536,2.0642050861625516
clip_2.mp4,14,0,4:2:0,2,10,0,1,1.2314372825713855,1.466229211449259,0.9928942176935894,2.063823141718107
clip_2.mp4,15,0,4:2:0,2,10,0,1,1.2312076950480941,1.4665859440864109,0.9929969198706652,2.0638088348765433
clip_2.mp4,16,0,4:2:0,2,10,0,1,1.222364747604316,1.441553674515867,1.0006215280324584,2.051636284722222
clip_2.mp4,17,0,4:2:0,2,10,0,1,1.2219786436602786,1.4412170277122904,1.0005481397988096,2.0516769547325104
clip_2.mp4,18,0,4:2:0,2,10,0,1,1.2176131118893438,1.3554642151171912,1.028653067703786,2.0276858281893
clip_2.mp4,19,0,4:2:0,2,10,0,1,1.2181223902832181,1.3548265696543937,1.0286367388405613,2.027963605967078
clip_2.mp4,0,1,4:2:0,4,1,0,1,1.0,1.0,1.0,0.6666666666666666
clip_2.mp4,1,1,4:2:0,4,1,0,1,1.0,1.0,1.0,0.6666628086419754
clip_2.mp4,2,1,4:2:0,4,1,0,1,1.0,1.0,1.0,0.6666628086419754
clip_2.mp4,3,1,4:2:0,4,1,0,1,1.0,1.0,1.0,0.6572247942386831
clip_2.mp4,4,1,4:2:0,4,1,0,1,1.0,1.0,1.0,0.6567629565329218
clip_2.mp4,5,1,4:2:0,4,1,0,1,1.0,1.0,1.0,0.6567449524176955
clip_2.mp4,6,1,4:2:0,4,1,0,1,1.0,1.0,1.0,0.5830033114711934
clip_2.mp4,7,1,4:2:0,4,1,0,1,1.0,1.0,1.0,0.5825366512345679
clip_2.mp4,8,1,4:2:0,4,1,0,1,1.0,1.0,1.0,0.47836291152263377
clip_2.mp4,9,1,4:2:0,4,1,0,1,1.0,1.0,1.0,0.4778694058641975
clip_2.mp4,10,1,4:2:0,4,1,0,1,1.0,1.0,1.0,0.47780719521604936
clip_2.mp4,11,1,4:2:0,4,1,0,1,1.0,1.0,1.0,0.39067756558641975
clip_2.mp4,12,1,4:2:0,4,1,0,1,1.0,1.0,1.0,0.3911080568415638
clip_2.mp4,13,1,4:2:0,4,1,0,1,1.0,1.0,1.0,0.3728168402777778
clip_2.mp4,14,1,4:2:0,4,1,0,1,1.0,1.0,1.0,0.3729412615740741
clip_2.mp4,15,1,4:2:0,4,1,0,1,1.0,1.0,1.0,0.3730147247942387
clip_2.mp4,16,1,4:2:0,4,1,0,1,1.0,1.0,1.0,0.37026539994855967
clip_2.mp4,17,1,4:2:0,4,1,0,1,1.0,1.0,1.0,0.37023067772633744
clip_2.mp4,18,1,4:2:0,4,1,0,1,1.0,1.0,1.0,0.3725950038580247
clip_2.mp4,19,1,4:2:0,4,1,0,1,1.0,1.0,1.0,0.37240371013374485
clip_2.mp4,0,1,4:2:0,4,2,0,1,1.0,1.0,1.0,0.6666666666666666
clip_2.mp4,1,0,4:2:0,4,2,0,1,1036800.0,28800.0,259200.0,0.6668036265432099
clip_2.mp4,2,1,4:2:0,4,2,0,1,1.0,1.0,1.0,0.6666628086419754
clip_2.mp4,3,0,4:2:0,4,2,0,1,76.61272445134117,116.28532974427995,35.62396921385377,1.131901684670782
clip_2.mp4,4,1,4:2:0,4,2,0,1,1.0,1.0,1.0,0.6567629565329218
clip_2.mp4,5,0,4:2:0,4,2,0,1,5544.385026737968,9600.0,17280.0,0.6590461033950618
clip_2.mp4,6,1,4:2:0,4,2,0,1,1.0,1.0,1.0,0.5830033114711934
clip_2.mp4,7,0,4:2:0,4,2,0,1,82.87107345535928,212.45901639344262,151.31348511383538,0.7431423611111111
clip_2.mp4,8,1,4:2:0,4,2,0,1,1.0,1.0,1.0,0.47836291152263377
clip_2.mp4,9,0,4:2:0,4,2,0,1,234.83578708946771,356.5337001375516,336.6233766233766,0.5493446180555556
clip_2.mp4,10,1,4:2:0,4,2,0,1,1.0,1.0,1.0,0.47780719521604936
clip_2.mp4,11,0,4:2:0,4,2,0,1,2.198622468021579,2.4851628491164823,1.3520774106048357,12.540371977880659
clip_2.mp4,12,1,4:2:0,4,2,0,1,1.0,1.0,1.0,0.3911080568415638
clip_2.mp4,13,0,4:2:0,4,2,0,1,1.8429411691513546,2.0521265478037813,1.374089506663698,13.373799029063786
clip_2.mp4,14,1,4:2:0,4,2,0,1,1.0,1.0,1.0,0.3729412615740741
clip_2.mp4,15,0,4:2:0,4,2,0,1,75.14677103718199,88.22328114363512,72.26094229160859,0.5717248585390946
clip_2.mp4,16,1,4:2:0,4,2,0,1,1.0,1.0,1.0,0.37026539994855967
clip_2.mp4,17,0,4:2:0,4,2,0,1,118.708495534692,275.1592356687898,168.09338521400778,0.47993698559670783
clip_2.mp4,18,1,4:2:0,4,2,0,1,1.0,1.0,1.0,0.3725950038580247
clip_2.mp4,19,0,4:2:0,4,2,0,1,37.12270399942712,80.84840923268871,74.33323774017781,0.6343420460390946
clip_2.mp4,0,1,4:2:0,4,4,0,1,1.0,1.0,1.0,0.6666666666666666
clip_2.mp4,1,0,4:2:0,4,4,0,1,1036800.0,28800.0,259200.0,0.6668036265432099
clip_2.mp4,2,0,4:2:0,4,4,0,1,28021.62162162162,28800.0,259200.0,0.6671059992283951
clip_2.mp4,3,0,4:2:0,4,4,0,1,76.5335498634384,115.97315436241611,35.62396921385377,1.1321330054012346
clip_2.mp4,4,1,4:2:0,4,4,0,1,1.0,1.0,1.0,0.6567629565329218
clip_2.mp4,5,0,4:2:0,4,4,0,1,5544.385026737968,9600.0,17280.0,0.6590461033950618
clip_2.mp4,6,0,4:2:0,4,4,0,1,10.730364405990292,17.78265642151482,6.097675731626988,4.179832175925926
clip_2.mp4,7,0,4:2:0,4,4,0,1,10.73369705879308,17.741273100616016,6.119847003824904,4.186423128858024
clip_2.mp4,8,1,4:2:0,4,4,0,1,1.0,1.0,1.0,0.47836291152263377
clip_2.mp4,9,0,4:2:0,4,4,0,1,234.83578708946771,356.5337001375516,336.6233766233766,0.5493446180555556
clip_2.mp4,10,0,4:2:0,4,4,0,1,46.34778721502012,91.10720562390158,67.94233289646134,0.777587287808642
clip_2.mp4,11,0,4:2:0,4,4,0,1,2.1968103026335024,2.4849007765314925,1.3500070312866213,12.54211467978395
clip_2.mp4,12,1,4:2:0,4,4,0,1,1.0,1.0,1.0,0.3911080568415638
clip_2.mp4,13,0,4:2:0,4,4,0,1,1.8429411691513546,2.0521265478037813,1.374089506663698,13.373799029063786
clip_2.mp4,14,0,4:2:0,4,4,0,1,1.8427577381428457,2.051087266166556,1.3735652284506057,13.375811631944444
clip_2.mp4,15,0,4:2:0,4,4,0,1,1.8424531923060519,2.0518016591729467,1.373295963294003,13.371608957047325
clip_2.mp4,16,1,4:2:0,4,4,0,1,1.0,1.0,1.0,0.37026539994855967
clip_2.mp4,17,0,4:2:0,4,4,0,1,118.708495534692,275.1592356687898,168.09338521400778,0.47993698559670783
clip_2.mp4,18,0,4:2:0,4,4,0,1,1.8229867232130141,1.9510432661909494,1.5681719181065776,13.359843589248971
clip_2.mp4,19,0,4:2:0,4,4,0,1,1.8248123794370679,1.9509551551280315,1.567783026571261,13.355064943415638
clip_2.mp4,0,1,4:2:0,4,6,0,1,1.0,1.0,1.0,0.6666666666666666
clip_2.mp4,1,0,4:2:0,4,6,0,1,1036800.0,28800.0,259200.0,0.6668036265432099
clip_2.mp4,2,0,4:2:0,4,6,0,1,28021.62162162162,28800.0,259200.0,0.6671059992283951
clip_2.mp4,3,0,4:2:0,4,6,0,1,76.5335498634384,115.97315436241611,35.62396921385377,1.1321330054012346
clip_2.mp4,4,0,4:2:0,4,6,0,1,76.73179396092362,113.7340939008337,35.419513528286416,1.1312373006687242
clip_2.mp4,5,0,4:2:0,4,6,0,1,76.3082358136454,112.54884932696483,35.429196282121374,1.1319695216049384
clip_2.mp4,6,1,4:2:0,4,6,0,1,1.0,1.0,1.0,0.5830033114711934
clip_2.mp4,7,0,4:2:0,4,6,0,1,82.87107345535928,212.45901639344262,151.31348511383538,0.7431423611111111
clip_2.mp4,8,0,4:2:0,4,6,0,1,3.776278791940442,5.020239778427689,2.2247972190034764,8.82399241255144
clip_2.mp4,9,0,4:2:0,4,6,0,1,3.7763613185212166,5.019267636180555,2.226517201391573,8.826075424382717
clip_2.mp4,10,0,4:2:0,4,6,0,1,3.7861386717109564,5.013442680025531,2.2285846939565115,8.837552083333334
clip_2.mp4,11,0,4:2:0,4,6,0,1,2.586974801448187,3.0247158494176953,1.6882364052027903,12.574936181841563
clip_2.mp4,12,1,4:2:0,4,6,0,1,1.0,1.0,1.0,0.3911080568415638
clip_2.mp4,13,0,4:2:0,4,6,0,1,1.8429411691513546,2.0521265478037813,1.374089506663698,13.373799029063786
clip_2.mp4,14,0,4:2:0,4,6,0,1,1.8427577381428457,2.051087266166556,1.3735652284506057,13.375811631944444
clip_2.mp4,15,0,4:2:0,4,6,0,1,1.8424531923060519,2.0518016591729467,1.373295963294003,13.371608957047325
clip_2.mp4,16,0,4:2:0,4,6,0,1,1.8148496289955836,2.013516662782568,1.3798684014394924,13.521250803755144
clip_2.mp4,17,0,4:2:0,4,6,0,1,1.8139859577051538,2.014392962059157,1.3797068123023857,13.52089988425926
clip_2.mp4,18,1,4:2:0,4,6,0,1,1.0,1.0,1.0,0.3725950038580247
clip_2.mp4,19,0,4:2:0,4,6,0,1,37.12270399942712,80.84840923268871,74.33323774017781,0.6343420460390946
clip_2.mp4,0,1,4:2:0,4,8,0,1,1.0,1.0,1.0,0.6666666666666666
clip_2.mp4,1,0,4:2:0,4,8,0,1,1036800.0,28800.0,259200.0,0.6668036265432099
clip_2.mp4,2,0,4:2:0,4,8,0,1,28021.62162162162,28800.0,259200.0,0.6671059992283951
clip_2.mp4,3,0,4:2:0,4,8,0,1,76.5335498634384,115.97315436241611,35.62396921385377,1.1321330054012346
clip_2.mp4,4,0,4:2:0,4,8,0,1,76.73179396092362,113.7340939008337,35.419513528286416,1.1312373006687242
clip_2.mp4,5,0,4:2:0,4,8,0,1,76.3082358136454,112.54884932696483,35.429196282121374,1.1319695216049384
clip_2.mp4,6,0,4:2:0,4,8,0,1,11.834400575283361,19.56374065967243,7.010710808179162,4.220704732510288
clip_2.mp4,7,0,4:2:0,4,8,0,1,11.838589600127886,19.51954213419685,7.036785665806977,4.227841595936214
clip_2.mp4,8,1,4:2:0,4,8,0,1,1.0,1.0,1.0,0.47836291152263377
clip_2.mp4,9,0,4:2:0,4,8,0,1,234.83578708946771,356.5337001375516,336.6233766233766,0.5493446180555556
clip_2.mp4,10,0,4:2:0,4,8,0,1,46.34778721502012,91.10720562390158,67.94233289646134,0.777587287808642
clip_2.mp4,11,0,4:2:0,4,8,0,1,2.1968103026335024,2.4849007765314925,1.3500070312866213,12.54211467978395
clip_2.mp4,12,0,4:2:0,4,8,0,1,2.1951870185854085,2.4849007765314925,1.3497609798264891,12.553428980195473
clip_2.mp4,13,0,4:2:0,4,8,0,1,2.109074635366871,2.361214859620675,1.4318385204335289,13.084456340020576
clip_2.mp4,14,0,4:2:0,4,8,0,1,2.1095638444196663,2.361838808146157,1.4322895081478044,13.08315747170782
clip_2.mp4,15,0,4:2:0,4,8,0,1,2.108667134445834,2.3622477808359004,1.4319888181120066,13.081513310185185
clip_2.mp4,16,1,4:2:0,4,8,0,1,1.0,1.0,1.0,0.37026539994855967
clip_2.mp4,17,0,4:2:0,4,8,0,1,118.708495534692,275.1592356687898,168.09338521400778,0.47993698559670783
clip_2.mp4,18,0,4:2:0,4,8,0,1,1.8229867232130141,1.9510432661909494,1.5681719181065776,13.359843589248971
clip_2.mp4,19,0,4:2:0,4,8,0,1,1.8248123794370679,1.9509551551280315,1.567783026571261,13.355064943415638
clip_2.mp4,0,1,4:2:0,4,10,0,1,1.0,1.0,1.0,0.6666666666666666
clip_2.mp4,1,0,4:2:0,4,10,0,1,1036800.0,28800.0,259200.0,0.6668036265432099
clip_2.mp4,2,0,4:2:0,4,10,0,1,28021.62162162162,28800.0,259200.0,0.6671059992283951
clip_2.mp4,3,0,4:2:0,4,10,0,1,76.5335498634384,115.97315436241611,35.62396921385377,1.1321330054012346
clip_2.mp4,4,0,4:2:0,4,10,0,1,76.73179396092362,113.7340939008337,35.419513528286416,1.1312373006687242
clip_2.mp4,5,0,4:2:0,4,10,0,1,76.3082358136454,112.54884932696483,35.429196282121374,1.1319695216049384
clip_2.mp4,6,0,4:2:0,4,10,0,1,11.834400575283361,19.56374065967243,7.010710808179162,4.220704732510288
clip_2.mp4,7,0,4:2:0,4,10,0,1,11.838589600127886,19.51954213419685,7.036785665806977,4.227841595936214
clip_2.mp4,8,0,4:2:0,4,10,0,1,4.801333703806613,5.512899589510178,2.9446849118980265,8.948403420781894
clip_2.mp4,9,0,4:2:0,4,10,0,1,4.801400408452466,5.515010957679951,2.9471960704052393,8.950764531893004
clip_2.mp4,10,1,4:2:0,4,10,0,1,1.0,1.0,1.0,0.47780719521604936
clip_2.mp4,11,0,4:2:0,4,10,0,1,2.198622468021579,2.4851628491164823,1.3520774106048357,12.540371977880659
clip_2.mp4,12,0,4:2:0,4,10,0,1,2.19700581672547,2.4852105046166235,1.3517742036422804,12.551338091563785
clip_2.mp4,13,0,4:2:0,4,10,0,1,2.1113853522641186,2.362333898397769,1.4331210191082802,13.092872942386832
clip_2.mp4,14,0,4:2:0,4,10,0,1,2.111746590409151,2.3628938156359394,1.4335093880485579,13.091685956790123
clip_2.mp4,15,0,4:2:0,4,10,0,1,2.1108952981273132,2.363367799113737,1.433184411907816,13.089831854423869
clip_2.mp4,16,0,4:2:0,4,10,0,1,2.057922744532154,2.348528092636386,1.4728611691971998,13.383567065329219
clip_2.mp4,17,0,4:2:0,4,10,0,1,2.056832699830978,2.3483791472629423,1.472601766894867,13.382352269804526
clip_2.mp4,18,0,4:2:0,4,10,0,1,2.0419055421743693,2.236449291618492,1.5323858396197414,13.343197016460906
clip_2.mp4,19,0,4:2:0,4,10,0,1,2.0446518195389674,2.236063424144654,1.532639545884579,13.344906121399177
clip_2.mp4,0,1,4:2:0,8,1,0,1,1.0,1.0,1.0,0.6666666666666666
clip_2.mp4,1,1,4:2:0,8,1,0,1,1.0,1.0,1.0,0.6666628086419754
clip_2.mp4,2,1,4:2:0,8,1,0,1,1.0,1.0,1.0,0.6666628086419754
clip_2.mp4,3,1,4:2:0,8,1,0,1,1.0,1.0,1.0,0.6572247942386831
clip_2.mp4,4,1,4:2:0,8,1,0,1,1.0,1.0,1.0,0.6567629565329218
clip_2.mp4,5,1,4:2:0,8,1,0,1,1.0,1.0,1.0,0.6567449524176955
clip_2.mp4,6,1,4:2:0,8,1,0,1,1.0,1.0,1.0,0.5830033114711934
clip_2.mp4,7,1,4:2:0,8,1,0,1,1.0,1.0,1.0,0.5825366512345679
clip_2.mp4,8,1,4:2:0,8,1,0,1,1.0,1.0,1.0,0.47836291152263377
clip_2.mp4,9,1,4:2:0,8,1,0,1,1.0,1.0,1.0,0.4778694058641975
clip_2.mp4,10,1,4:2:0,8,1,0,1,1.0,1.0,1.0,0.47780719521604936
clip_2.mp4,11,1,4:2:0,8,1,0,1,1.0,1.0,1.0,0.39067756558641975
clip_2.mp4,12,1,4:2:0,8,1,0,1,1.0,1.0,1.0,0.3911080568415638
clip_2.mp4,13,1,4:2:0,8,1,0,1,1.0,1.0,1.0,0.3728168402777778
clip_2.mp4,14,1,4:2:0,8,1,0,1,1.0,1.0,1.0,0.3729412615740741
clip_2.mp4,15,1,4:2:0,8,1,0,1,1.0,1.0,1.0,0.3730147247942387
clip_2.mp4,16,1,4:2:0,8,1,0,1,1.0,1.0,1.0,0.37026539994855967
clip_2.mp4,17,1,4:2:0,8,1,0,1,1.0,1.0,1.0,0.37023067772633744
clip_2.mp4,18,1,4:2:0,8,1,0,1,1.0,1.0,1.0,0.3725950038580247
clip_2.mp4,19,1,4:2:0,8,1,0,1,1.0,1.0,1.0,0.37240371013374485
clip_2.mp4,0,1,4:2:0,8,2,0,1,1.0,1.0,1.0,0.6666666666666666
clip_2.mp4,1,0,4:2:0,8,2,0,1,1036800.0,28800.0,259200.0,0.6668627829218107
clip_2.mp4,2,1,4:2:0,8,2,0,1,1.0,1.0,1.0,0.6666628086419754
clip_2.mp4,3,0,4:2:0,8,2,0,1,142.82959085273453,137.79904306220095,64.15841584158416,2.6402023855452676
clip_2.mp4,4,1,4:2:0,8,2,0,1,1.0,1.0,1.0,0.6567629565329218
clip_2.mp4,5,0,4:2:0,8,2,0,1,5544.385026737968,9600.0,17280.0,0.6653853202160493
clip_2.mp4,6,1,4:2:0,8,2,0,1,1.0,1.0,1.0,0.5830033114711934
clip_2.mp4,7,0,4:2:0,8,2,0,1,83.13687755592976,214.39205955334987,190.16874541452677,1.2638478973765432
clip_2.mp4,8,1,4:2:0,8,2,0,1,1.0,1.0,1.0,0.47836291152263377
clip_2.mp4,9,0,4:2:0,8,2,0,1,236.33462502849326,356.5337001375516,347.91946308724835,0.7103181262860082
clip_2.mp4,10,1,4:2:0,8,2,0,1,1.0,1.0,1.0,0.47780719521604936
clip_2.mp4,11,0,4:2:0,8,2,0,1,4.281060190021595,4.547527983438015,2.258351194521407,60.149785718878604
clip_2.mp4,12,1,4:2:0,8,2,0,1,1.0,1.0,1.0,0.3911080568415638
clip_2.mp4,13,0,4:2:0,8,2,0,1,3.5436704058404938,3.7407995381728965,2.2798237358500524,64.81282439557613
clip_2.mp4,14,1,4:2:0,8,2,0,1,1.0,1.0,1.0,0.3729412615740741
clip_2.mp4,15,0,4:2:0,8,2,0,1,76.20727673649394,88.85841618100788,73.03465765004226,1.3449998392489713
clip_2.mp4,16,1,4:2:0,8,2,0,1,1.0,1.0,1.0,0.37026539994855967
clip_2.mp4,17,0,4:2:0,8,2,0,1,127.16791365141665,287.04318936877075,181.1320754716981,0.8947743055555556
clip_2.mp4,18,1,4:2:0,8,2,0,1,1.0,1.0,1.0,0.3725950038580247
clip_2.mp4,19,0,4:2:0,8,2,0,1,37.37024221453287,81.68925307280176,75.72304995617878,1.5495058513374487
clip_2.mp4,0,1,4:2:0,8,4,0,1,1.0,1.0,1.0,0.6666666666666666
clip_2.mp4,1,0,4:2:0,8,4,0,1,1036800.0,28800.0,259200.0,0.6668627829218107
clip_2.mp4,2,0,4:2:0,8,4,0,1,28021.62162162162,28800.0,259200.0,0.6685955182613169
clip_2.mp4,3,0,4:2:0,8,4,0,1,142.5546542004675,137.36089030206676,64.15841584158416,2.6411564429012344
clip_2.mp4,4,1,4:2:0,8,4,0,1,1.0,1.0,1.0,0.6567629565329218
clip_2.mp4,5,0,4:2:0,8,4,0,1,5544.385026737968,9600.0,17280.0,0.6653853202160493
clip_2.mp4,6,0,4:2:0,8,4,0,1,20.628320168719284,34.458920499867055,10.708531295186944,18.469127604166665
clip_2.mp4,7,0,4:2:0,8,4,0,1,20.646394647231016,34.26758328926494,10.775754552257421,18.51182114840535
clip_2.mp4,8,1,4:2:0,8,4,0,1,1.0,1.0,1.0,0.47836291152263377
clip_2.mp4,9,0,4:2:0,8,4,0,1,236.33462502849326,356.5337001375516,347.91946308724835,0.7103181262860082
clip_2.mp4,10,0,4:2:0,8,4,0,1,47.26692500569865,91.68730102582242,72.48322147651007,1.7505869020061728
clip_2.mp4,11,0,4:2:0,8,4,0,1,4.277563010301963,4.544179523141655,2.2554820744865993,60.161866962448556
clip_2.mp4,12,1,4:2:0,8,4,0,1,1.0,1.0,1.0,0.3911080568415638
clip_2.mp4,13,0,4:2:0,8,4,0,1,3.5436704058404938,3.7407995381728965,2.2798237358500524,64.81282439557613
clip_2.mp4,14,0,4:2:0,8,4,0,1,3.5432223228474276,3.740097831262716,2.2788415888589966,64.82305571630658
clip_2.mp4,15,0,4:2:0,8,4,0,1,3.542665404683234,3.740637582439785,2.2792022792022792,64.80105645576131
clip_2.mp4,16,1,4:2:0,8,4,0,1,1.0,1.0,1.0,0.37026539994855967
clip_2.mp4,17,0,4:2:0,8,4,0,1,127.16791365141665,287.04318936877075,181.1320754716981,0.8947743055555556
clip_2.mp4,18,0,4:2:0,8,4,0,1,3.4474044715176824,3.4893582650135295,2.7307206068268015,65.11112766846708
clip_2.mp4,19,0,4:2:0,8,4,0,1,3.451685393258427,3.485604400037653,2.731152204836415,65.09755594135802
clip_2.mp4,0,1,4:2:0,8,6,0,1,1.0,1.0,1.0,0.6666666666666666
clip_2.mp4,1,0,4:2:0,8,6,0,1,1036800.0,28800.0,259200.0,0.6668627829218107
clip_2.mp4,2,0,4:2:0,8,6,0,1,28021.62162162162,28800.0,259200.0,0.6685955182613169
clip_2.mp4,3,0,4:2:0,8,6,0,1,142.5546542004675,137.36089030206676,64.15841584158416,2.6411564429012344
clip_2.mp4,4,0,4:2:0,8,6,0,1,144.66303892842194,134.23096841015018,63.56056890632663,2.662318833590535
clip_2.mp4,5,0,4:2:0,8,6,0,1,143.1846430051098,132.58312020460357,63.59175662414132,2.664472254372428
clip_2.mp4,6,1,4:2:0,8,6,0,1,1.0,1.0,1.0,0.5830033114711934
clip_2.mp4,7,0,4:2:0,8,6,0,1,83.13687755592976,214.39205955334987,190.16874541452677,1.2638478973765432
clip_2.mp4,8,0,4:2:0,8,6,0,1,7.3597160603371785,9.537827494848395,3.8142888676329925,41.12042824074074
clip_2.mp4,9,0,4:2:0,8,6,0,1,7.358828038497572,9.53431913484882,3.819628647214854,41.127866673096705
clip_2.mp4,10,0,4:2:0,8,6,0,1,7.382249279077219,9.51681597885152,3.8202479034326227,41.157926311728396
clip_2.mp4,11,0,4:2:0,8,6,0,1,5.087989635576668,5.585604999461265,2.862190812720848,59.789759516460904
clip_2.mp4,12,1,4:2:0,8,6,0,1,1.0,1.0,1.0,0.3911080568415638
clip_2.mp4,13,0,4:2:0,8,6,0,1,3.5436704058404938,3.7407995381728965,2.2798237358500524,64.81282439557613
clip_2.mp4,14,0,4:2:0,8,6,0,1,3.5432223228474276,3.740097831262716,2.2788415888589966,64.82305571630658
clip_2.mp4,15,0,4:2:0,8,6,0,1,3.542665404683234,3.740637582439785,2.2792022792022792,64.80105645576131
clip_2.mp4,16,0,4:2:0,8,6,0,1,3.4972323696380325,3.788033788326075,2.326082274391557,66.3249654385288
clip_2.mp4,17,0,4:2:0,8,6,0,1,3.495805572788822,3.7896953038189367,2.326311916066092,66.31980179398148
clip_2.mp4,18,1,4:2:0,8,6,0,1,1.0,1.0,1.0,0.3725950038580247
clip_2.mp4,19,0,4:2:0,8,6,0,1,37.37024221453287,81.68925307280176,75.72304995617878,1.5495058513374487
clip_2.mp4,0,1,4:2:0,8,8,0,1,1.0,1.0,1.0,0.6666666666666666
clip_2.mp4,1,0,4:2:0,8,8,0,1,1036800.0,28800.0,259200.0,0.6668627829218107
clip_2.mp4,2,0,4:2:0,8,8,0,1,28021.62162162162,28800.0,259200.0,0.6685955182613169
clip_2.mp4,3,0,4:2:0,8,8,0,1,142.5546542004675,137.36089030206676,64.15841584158416,2.6411564429012344
clip_2.mp4,4,0,4:2:0,8,8,0,1,144.66303892842194,134.23096841015018,63.56056890632663,2.662318833590535
clip_2.mp4,5,0,4:2:0,8,8,0,1,143.1846430051098,132.58312020460357,63.59175662414132,2.664472254372428
clip_2.mp4,6,0,4:2:0,8,8,0,1,22.752309684215145,37.15596330275229,12.303018796278717,18.721078317901235
clip_2.mp4,7,0,4:2:0,8,8,0,1,22.776301047868017,36.975748930099854,12.387096774193548,18.767184606481482
clip_2.mp4,8,1,4:2:0,8,8,0,1,1.0,1.0,1.0,0.47836291152263377
clip_2.mp4,9,0,4:2:0,8,8,0,1,236.33462502849326,356.5337001375516,347.91946308724835,0.7103181262860082
clip_2.mp4,10,0,4:2:0,8,8,0,1,47.26692500569865,91.68730102582242,72.48322147651007,1.7505869020061728
clip_2.mp4,11,0,4:2:0,8,8,0,1,4.277563010301963,4.544179523141655,2.2554820744865993,60.161866962448556
clip_2.mp4,12,0,4:2:0,8,8,0,1,4.274723553034113,4.543064465243454,2.255933575289172,60.169018454218104
clip_2.mp4,13,0,4:2:0,8,8,0,1,4.108530510832049,4.35915978540556,2.449095289837955,63.13993827160494
clip_2.mp4,14,0,4:2:0,8,8,0,1,4.109572751883753,4.364665072576028,2.450878420545018,63.1389263438786
clip_2.mp4,15,0,4:2:0,8,8,0,1,4.107911930298624,4.36224103401269,2.4497202479963707,63.12272055041152
clip_2.mp4,16,1,4:2:0,8,8,0,1,1.0,1.0,1.0,0.37026539994855967
clip_2.mp4,17,0,4:2:0,8,8,0,1,127.16791365141665,287.04318936877075,181.1320754716981,0.8947743055555556
clip_2.mp4,18,0,4:2:0,8,8,0,1,3.4474044715176824,3.4893582650135295,2.7307206068268015,65.11112766846708
clip_2.mp4,19,0,4:2:0,8,8,0,1,3.451685393258427,3.485604400037653,2.731152204836415,65.09755594135802
clip_2.mp4,0,1,4:2:0,8,10,0,1,1.0,1.0,1.0,0.6666666666666666
clip_2.mp4,1,0,4:2:0,8,10,0,1,1036800.0,28800.0,259200.0,0.6668627829218107
clip_2.mp4,2,0,4:2:0,8,10,0,1,28021.62162162162,28800.0,259200.0,0.6685955182613169
clip_2.mp4,3,0,4:2:0,8,10,0,1,142.5546542004675,137.36089030206676,64.15841584158416,2.6411564429012344
clip_2.mp4,4,0,4:2:0,8,10,0,1,144.66303892842194,134.23096841015018,63.56056890632663,2.662318833590535
clip_2.mp4,5,0,4:2:0,8,10,0,1,143.1846430051098,132.58312020460357,63.59175662414132,2.664472254372428
clip_2.mp4,6,0,4:2:0,8,10,0,1,22.752309684215145,37.15596330275229,12.303018796278717,18.721078317901235
clip_2.mp4,7,0,4:2:0,8,10,0,1,22.776301047868017,36.975748930099854,12.387096774193548,18.767184606481482
clip_2.mp4,8,0,4:2:0,8,10,0,1,9.351071025930102,10.438144329896907,5.111518665325682,42.09855436599794
clip_2.mp4,9,0,4:2:0,8,10,0,1,9.34955317287836,10.438985098670962,5.119494370926328,42.107792566872426
clip_2.mp4,10,1,4:2:0,8,10,0,1,1.0,1.0,1.0,0.47780719521604936
clip_2.mp4,11,0,4:2:0,8,10,0,1,4.281060190021595,4.547527983438015,2.258351194521407,60.149785718878604
clip_2.mp4,12,0,4:2:0,8,10,0,1,4.278286704629859,4.546570777056656,2.258705427167207,60.154516943158434
clip_2.mp4,13,0,4:2:0,8,10,0,1,4.1123600853568565,4.364297620851644,2.4509942980340984,63.17882362397119
clip_2.mp4,14,0,4:2:0,8,10,0,1,4.113012638945088,4.369963246451091,2.45271056690544,63.17856561856996
clip_2.mp4,15,0,4:2:0,8,10,0,1,4.111577294321994,4.367533320976629,2.4515274756455123,63.162835648148146
clip_2.mp4,16,0,4:2:0,8,10,0,1,3.970861961991865,4.378970131098797,2.5476955739686846,65.57490097736626
clip_2.mp4,17,0,4:2:0,8,10,0,1,3.9686883959501618,4.380228136882129,2.5474702205448754,65.58019515174897
clip_2.mp4,18,0,4:2:0,8,10,0,1,3.944379981358544,4.214565616819239,2.6857042202443244,66.12888519161523
clip_2.mp4,19,0,4:2:0,8,10,0,1,3.9517767368112118,4.212100037375888,2.687514256682496,66.15635866769547
clip_2.mp4,0,1,4:2:0,16,1,0,1,1.0,1.0,1.0,0.6666666666666666
clip_2.mp4,1,1,4:2:0,16,1,0,1,1.0,1.0,1.0,0.6666628086419754
clip_2.mp4,2,1,4:2:0,16,1,0,1,1.0,1.0,1.0,0.6666628086419754
clip_2.mp4,3,1,4:2:0,16,1,0,1,1.0,1.0,1.0,0.6572247942386831
clip_2.mp4,4,1,4:2:0,16,1,0,1,1.0,1.0,1.0,0.6567629565329218
clip_2.mp4,5,1,4:2:0,16,1,0,1,1.0,1.0,1.0,0.6567449524176955
clip_2.mp4,6,1,4:2:0,16,1,0,1,1.0,1.0,1.0,0.5830033114711934
clip_2.mp4,7,1,4:2:0,16,1,0,1,1.0,1.0,1.0,0.5825366512345679
clip_2.mp4,8,1,4:2:0,16,1,0,1,1.0,1.0,1.0,0.47836291152263377
clip_2.mp4,9,1,4:2:0,16,1,0,1,1.0,1.0,1.0,0.4778694058641975
clip_2.mp4,10,1,4:2:0,16,1,0,1,1.0,1.0,1.0,0.47780719521604936
clip_2.mp4,11,1,4:2:0,16,1,0,1,1.0,1.0,1.0,0.39067756558641975
clip_2.mp4,12,1,4:2:0,16,1,0,1,1.0,1.0,1.0,0.3911080568415638
clip_2.mp4,13,1,4:2:0,16,1,0,1,1.0,1.0,1.0,0.3728168402777778
clip_2.mp4,14,1,4:2:0,16,1,0,1,1.0,1.0,1.0,0.3729412615740741
clip_2.mp4,15,1,4:2:0,16,1,0,1,1.0,1.0,1.0,0.3730147247942387
clip_2.mp4,16,1,4:2:0,16,1,0,1,1.0,1.0,1.0,0.37026539994855967
clip_2.mp4,17,1,4:2:0,16,1,0,1,1.0,1.0,1.0,0.37023067772633744
clip_2.mp4,18,1,4:2:0,16,1,0,1,1.0,1.0,1.0,0.3725950038580247
clip_2.mp4,19,1,4:2:0,16,1,0,1,1.0,1.0,1.0,0.37240371013374485
clip_2.mp4,0,1,4:2:0,16,2,0,1,1.0,1.0,1.0,0.6666666666666666
clip_2.mp4,1,0,4:2:0,16,2,0,1,1036800.0,28800.0,259200.0,0.6669039351851852
clip_2.mp4,2,1,4:2:0,16,2,0,1,1.0,1.0,1.0,0.6666628086419754
clip_2.mp4,3,0,4:2:0,16,2,0,1,234.09347482501693,147.69230769230768,117.33816206428249,8.437416730967078
clip_2.mp4,4,1,4:2:0,16,2,0,1,1.0,1.0,1.0,0.6567629565329218
clip_2.mp4,5,0,4:2:0,16,2,0,1,5544.385026737968,9600.0,17280.0,0.6834764017489712
clip_2.mp4,6,1,4:2:0,16,2,0,1,1.0,1.0,1.0,0.5830033114711934
clip_2.mp4,7,0,4:2:0,16,2,0,1,83.13687755592976,214.39205955334987,193.866866118175,3.1565412808641975
clip_2.mp4,8,1,4:2:0,16,2,0,1,1.0,1.0,1.0,0.47836291152263377
clip_2.mp4,9,0,4:2:0,16,2,0,1,236.33462502849326,356.5337001375516,348.8559892328398,1.2745322145061728
clip_2.mp4,10,1,4:2:0,16,2,0,1,1.0,1.0,1.0,0.47780719521604936
clip_2.mp4,11,0,4:2:0,16,2,0,1,8.144092626485582,7.42395600618663,4.254411161263849,253.82765335648148
clip_2.mp4,12,1,4:2:0,16,2,0,1,1.0,1.0,1.0,0.3911080568415638
clip_2.mp4,13,0,4:2:0,16,2,0,1,6.830714497479988,6.171869419244231,4.198522741998186,269.4174811921296
clip_2.mp4,14,1,4:2:0,16,2,0,1,1.0,1.0,1.0,0.3729412615740741
clip_2.mp4,15,0,4:2:0,16,2,0,1,76.20727673649394,88.85841618100788,73.03465765004226,4.624610821759259
clip_2.mp4,16,1,4:2:0,16,2,0,1,1.0,1.0,1.0,0.37026539994855967
clip_2.mp4,17,0,4:2:0,16,2,0,1,127.48063445223166,287.6803551609323,181.1320754716981,2.7109596836419754
clip_2.mp4,18,1,4:2:0,16,2,0,1,1.0,1.0,1.0,0.3725950038580247
clip_2.mp4,19,0,4:2:0,16,2,0,1,37.37024221453287,81.68925307280176,75.85601404741001,5.5131124614197535
clip_2.mp4,0,1,4:2:0,16,4,0,1,1.0,1.0,1.0,0.6666666666666666
clip_2.mp4,1,0,4:2:0,16,4,0,1,1036800.0,28800.0,259200.0,0.6669039351851852
clip_2.mp4,2,0,4:2:0,16,4,0,1,28021.62162162162,28800.0,259200.0,0.6725085198045267
clip_2.mp4,3,0,4:2:0,16,4,0,1,233.35584064821066,147.18909710391821,117.33816206428249,8.440529031635803
clip_2.mp4,4,1,4:2:0,16,4,0,1,1.0,1.0,1.0,0.6567629565329218
clip_2.mp4,5,0,4:2:0,16,4,0,1,5544.385026737968,9600.0,17280.0,0.6834764017489712
clip_2.mp4,6,0,4:2:0,16,4,0,1,37.607457651710256,48.34918858421936,20.50632911392405,71.91351208847736
clip_2.mp4,7,0,4:2:0,16,4,0,1,37.64022508622254,47.973348139922265,20.78088671530506,72.10189541538065
clip_2.mp4,8,1,4:2:0,16,4,0,1,1.0,1.0,1.0,0.47836291152263377
clip_2.mp4,9,0,4:2:0,16,4,0,1,236.33462502849326,356.5337001375516,348.8559892328398,1.2745322145061728
clip_2.mp4,10,0,4:2:0,16,4,0,1,47.27123512515388,91.68730102582242,72.70687237026648,5.489464538323046
clip_2.mp4,11,0,4:2:0,16,4,0,1,8.141342756183745,7.424381301558204,4.249598321146342,253.80638438786008
clip_2.mp4,12,1,4:2:0,16,4,0,1,1.0,1.0,1.0,0.3911080568415638
clip_2.mp4,13,0,4:2:0,16,4,0,1,6.830714497479988,6.171869419244231,4.198522741998186,269.4174811921296
clip_2.mp4,14,0,4:2:0,16,4,0,1,6.83111954459203,6.176281363928801,4.197978750971754,269.4304181134259
clip_2.mp4,15,0,4:2:0,16,4,0,1,6.828510083380534,6.173339366946912,4.196687337078834,269.41045010288065
clip_2.mp4,16,1,4:2:0,16,4,0,1,1.0,1.0,1.0,0.37026539994855967
clip_2.mp4,17,0,4:2:0,16,4,0,1,127.48063445223166,287.6803551609323,181.1320754716981,2.7109596836419754
clip_2.mp4,18,0,4:2:0,16,4,0,1,6.637941521066885,5.742517225336199,4.99066176329014,271.3842140882202
clip_2.mp4,19,0,4:2:0,16,4,0,1,6.640832666132907,5.739592559787423,4.991046155623592,271.39976819701644
clip_2.mp4,0,1,4:2:0,16,6,0,1,1.0,1.0,1.0,0.6666666666666666
clip_2.mp4,1,0,4:2:0,16,6,0,1,1036800.0,28800.0,259200.0,0.6669039351851852
clip_2.mp4,2,0,4:2:0,16,6,0,1,28021.62162162162,28800.0,259200.0,0.6725085198045267
clip_2.mp4,3,0,4:2:0,16,6,0,1,233.35584064821066,147.18909710391821,117.33816206428249,8.440529031635803
clip_2.mp4,4,0,4:2:0,16,6,0,1,239.05925755130275,143.601108033241,115.35380507343125,8.547238136574075
clip_2.mp4,5,0,4:2:0,16,6,0,1,235.1553640281243,141.7167851284855,115.456570155902,8.551915187757201
clip_2.mp4,6,1,4:2:0,16,6,0,1,1.0,1.0,1.0,0.5830033114711934
clip_2.mp4,7,0,4:2:0,16,6,0,1,83.13687755592976,214.39205955334987,193.866866118175,3.1565412808641975
clip_2.mp4,8,0,4:2:0,16,6,0,1,14.135740190330761,16.11639619473979,7.313976127994582,168.03757233796296
clip_2.mp4,9,0,4:2:0,16,6,0,1,14.128420364112069,16.102379325340124,7.335087868240088,168.0982060185185
clip_2.mp4,10,0,4:2:0,16,6,0,1,14.17439094413912,16.060474626680712,7.329902154855494,168.19523807227367
clip_2.mp4,11,0,4:2:0,16,6,0,1,9.3870529651426,8.624762918843377,5.474706938430669,259.0490671617798
clip_2.mp4,12,1,4:2:0,16,6,0,1,1.0,1.0,1.0,0.3911080568415638
clip_2.mp4,13,0,4:2:0,16,6,0,1,6.830714497479988,6.171869419244231,4.198522741998186,269.4174811921296
clip_2.mp4,14,0,4:2:0,16,6,0,1,6.83111954459203,6.176281363928801,4.197978750971754,269.4304181134259
clip_2.mp4,15,0,4:2:0,16,6,0,1,6.828510083380534,6.173339366946912,4.196687337078834,269.41045010288065
clip_2.mp4,16,0,4:2:0,16,6,0,1,6.932844753224695,6.844287185445328,4.478153452773794,283.1933831661523
clip_2.mp4,17,0,4:2:0,16,6,0,1,6.928443505920718,6.848989298454221,4.480011061755708,283.1737651105967
clip_2.mp4,18,1,4:2:0,16,6,0,1,1.0,1.0,1.0,0.3725950038580247
clip_2.mp4,19,0,4:2:0,16,6,0,1,37.37024221453287,81.68925307280176,75.85601404741001,5.5131124614197535
clip_2.mp4,0,1,4:2:0,16,8,0,1,1.0,1.0,1.0,0.6666666666666666
clip_2.mp4,1,0,4:2:0,16,8,0,1,1036800.0,28800.0,259200.0,0.6669039351851852
clip_2.mp4,2,0,4:2:0,16,8,0,1,28021.62162162162,28800.0,259200.0,0.6725085198045267
clip_2.mp4,3,0,4:2:0,16,8,0,1,233.35584064821066,147.18909710391821,117.33816206428249,8.440529031635803
clip_2.mp4,4,0,4:2:0,16,8,0,1,239.05925755130275,143.601108033241,115.35380507343125,8.547238136574075
clip_2.mp4,5,0,4:2:0,16,8,0,1,235.1553640281243,141.7167851284855,115.456570155902,8.551915187757201
clip_2.mp4,6,0,4:2:0,16,8,0,1,41.12490579508945,50.43782837127846,23.68204659661946,72.55757941100823
clip_2.mp4,7,0,4:2:0,16,8,0,1,41.1837140019861,50.10632128358786,24.04898868064576,72.74704973636831
clip_2.mp4,8,1,4:2:0,16,8,0,1,1.0,1.0,1.0,0.47836291152263377
clip_2.mp4,9,0,4:2:0,16,8,0,1,236.33462502849326,356.5337001375516,348.8559892328398,1.2745322145061728
clip_2.mp4,10,0,4:2:0,16,8,0,1,47.27123512515388,91.68730102582242,72.70687237026648,5.489464538323046
clip_2.mp4,11,0,4:2:0,16,8,0,1,8.141342756183745,7.424381301558204,4.249598321146342,253.80638438786008
clip_2.mp4,12,0,4:2:0,16,8,0,1,8.13291288181861,7.420980302336234,4.250086083919524,253.77096225565845
clip_2.mp4,13,0,4:2:0,16,8,0,1,7.898586055582642,7.151331218099048,4.648493543758967,268.7462450167181
clip_2.mp4,14,0,4:2:0,16,8,0,1,7.898766579562856,7.163981095049888,4.653166738474796,268.74825472608023
clip_2.mp4,15,0,4:2:0,16,8,0,1,7.896119721259662,7.158836689038031,4.6506620734201745,268.70394499099797
clip_2.mp4,16,1,4:2:0,16,8,0,1,1.0,1.0,1.0,0.37026539994855967
clip_2.mp4,17,0,4:2:0,16,8,0,1,127.48063445223166,287.6803551609323,181.1320754716981,2.7109596836419754
clip_2.mp4,18,0,4:2:0,16,8,0,1,6.637941521066885,5.742517225336199,4.99066176329014,271.3842140882202
clip_2.mp4,19,0,4:2:0,16,8,0,1,6.640832666132907,5.739592559787423,4.991046155623592,271.39976819701644
clip_2.mp4,0,1,4:2:0,16,10,0,1,1.0,1.0,1.0,0.6666666666666666
clip_2.mp4,1,0,4:2:0,16,10,0,1,1036800.0,28800.0,259200.0,0.6669039351851852
clip_2.mp4,2,0,4:2:0,16,10,0,1,28021.62162162162,28800.0,259200.0,0.6725085198045267
clip_2.mp4,3,0,4:2:0,16,10,0,1,233.35584064821066,147.18909710391821,117.33816206428249,8.440529031635803
clip_2.mp4,4,0,4:2:0,16,10,0,1,239.05925755130275,143.601108033241,115.35380507343125,8.547238136574075
clip_2.mp4,5,0,4:2:0,16,10,0,1,235.1553640281243,141.7167851284855,115.456570155902,8.551915187757201
clip_2.mp4,6,0,4:2:0,16,10,0,1,41.12490579508945,50.43782837127846,23.68204659661946,72.55757941100823
clip_2.mp4,7,0,4:2:0,16,10,0,1,41.1837140019861,50.10632128358786,24.04898868064576,72.74704973636831
clip_2.mp4,8,0,4:2:0,16,10,0,1,17.82331402245105,16.697803259679187,9.72097209720972,165.97806825488684
clip_2.mp4,9,0,4:2:0,16,10,0,1,17.809230980641395,16.697803259679187,9.750959295764051,166.04392811213992
clip_2.mp4,10,1,4:2:0,16,10,0,1,1.0,1.0,1.0,0.47780719521604936
clip_2.mp4,11,0,4:2:0,16,10,0,1,8.144092626485582,7.42395600618663,4.254411161263849,253.82765335648148
clip_2.mp4,12,0,4:2:0,16,10,0,1,8.135784740695403,7.420980302336234,4.254900029547917,253.78786040380658
clip_2.mp4,13,0,4:2:0,16,10,0,1,7.909914858555342,7.159232150255489,4.652331550418207,268.83767650462966
clip_2.mp4,14,0,4:2:0,16,10,0,1,7.90925110804275,7.17191001909189,4.656677805324997,268.8404976851852
clip_2.mp4,15,0,4:2:0,16,10,0,1,7.907200219644451,7.167150559933638,4.6538351048549265,268.7988305362654
clip_2.mp4,16,0,4:2:0,16,10,0,1,7.785888077858881,7.620839703634012,4.882367345401119,273.3784440907922
clip_2.mp4,17,0,4:2:0,16,10,0,1,7.783374747573326,7.623080995235575,4.882735235942357,273.3747188464506
clip_2.mp4,18,0,4:2:0,16,10,0,1,7.6843829443460345,7.33446519524618,5.1316570976044344,278.6678327546296
clip_2.mp4,19,0,4:2:0,16,10,0,1,7.705055699645514,7.329902154855494,5.135927716572878,278.74161024305556
clip_2.mp4,0,1,4:2:0,32,1,0,1,1.0,1.0,1.0,0.6666666666666666
clip_2.mp4,1,1,4:2:0,32,1,0,1,1.0,1.0,1.0,0.6666628086419754
clip_2.mp4,2,1,4:2:0,32,1,0,1,1.0,1.0,1.0,0.6666628086419754
clip_2.mp4,3,1,4:2:0,32,1,0,1,1.0,1.0,1.0,0.6572247942386831
clip_2.mp4,4,1,4:2:0,32,1,0,1,1.0,1.0,1.0,0.6567629565329218
clip_2.mp4,5,1,4:2:0,32,1,0,1,1.0,1.0,1.0,0.6567449524176955
clip_2.mp4,6,1,4:2:0,32,1,0,1,1.0,1.0,1.0,0.5830033114711934
clip_2.mp4,7,1,4:2:0,32,1,0,1,1.0,1.0,1.0,0.5825366512345679
clip_2.mp4,8,1,4:2:0,32,1,0,1,1.0,1.0,1.0,0.47836291152263377
clip_2.mp4,9,1,4:2:0,32,1,0,1,1.0,1.0,1.0,0.4778694058641975
clip_2.mp4,10,1,4:2:0,32,1,0,1,1.0,1.0,1.0,0.47780719521604936
clip_2.mp4,11,1,4:2:0,32,1,0,1,1.0,1.0,1.0,0.39067756558641975
clip_2.mp4,12,1,4:2:0,32,1,0,1,1.0,1.0,1.0,0.3911080568415638
clip_2.mp4,13,1,4:2:0,32,1,0,1,1.0,1.0,1.0,0.3728168402777778
clip_2.mp4,14,1,4:2:0,32,1,0,1,1.0,1.0,1.0,0.3729412615740741
clip_2.mp4,15,1,4:2:0,32,1,0,1,1.0,1.0,1.0,0.3730147247942387
clip_2.mp4,16,1,4:2:0,32,1,0,1,1.0,1.0,1.0,0.37026539994855967
clip_2.mp4,17,1,4:2:0,32,1,0,1,1.0,1.0,1.0,0.37023067772633744
clip_2.mp4,18,1,4:2:0,32,1,0,1,1.0,1.0,1.0,0.3725950038580247
clip_2.mp4,19,1,4:2:0,32,1,0,1,1.0,1.0,1.0,0.37240371013374485
clip_2.mp4,0,1,4:2:0,32,2,0,1,1.0,1.0,1.0,0.6666666666666666
clip_2.mp4,1,0,4:2:0,32,2,0,1,1036800.0,28800.0,259200.0,0.6671508487654321
clip_2.mp4,2,1,4:2:0,32,2,0,1,1.0,1.0,1.0,0.6666628086419754
clip_2.mp4,3,0,4:2:0,32,2,0,1,338.4916748285994,147.69230769230768,185.27519656897783,27.27326742541152
clip_2.mp4,4,1,4:2:0,32,2,0,1,1.0,1.0,1.0,0.6567629565329218
clip_2.mp4,5,0,4:2:0,32,2,0,1,5544.385026737968,9600.0,17280.0,0.7377888695987654
clip_2.mp4,6,1,4:2:0,32,2,0,1,1.0,1.0,1.0,0.5830033114711934
clip_2.mp4,7,0,4:2:0,32,2,0,1,83.13687755592976,214.39205955334987,193.866866118175,10.14424688143004
clip_2.mp4,8,1,4:2:0,32,2,0,1,1.0,1.0,1.0,0.47836291152263377
clip_2.mp4,9,0,4:2:0,32,2,0,1,236.33462502849326,356.5337001375516,348.8559892328398,3.2649247685185183
clip_2.mp4,10,1,4:2:0,32,2,0,1,1.0,1.0,1.0,0.47780719521604936
clip_2.mp4,11,0,4:2:0,32,2,0,1,14.849187935034802,9.855888056580097,7.726473306107849,995.4647543724279
clip_2.mp4,12,1,4:2:0,32,2,0,1,1.0,1.0,1.0,0.3911080568415638
clip_2.mp4,13,0,4:2:0,32,2,0,1,12.328473923279983,8.304764345903688,7.555089192025184,1043.4169823816871
clip_2.mp4,14,1,4:2:0,32,2,0,1,1.0,1.0,1.0,0.3729412615740741
clip_2.mp4,15,0,4:2:0,32,2,0,1,76.20727673649394,88.85841618100788,73.03465765004226,17.630698945473252
clip_2.mp4,16,1,4:2:0,32,2,0,1,1.0,1.0,1.0,0.37026539994855967
clip_2.mp4,17,0,4:2:0,32,2,0,1,127.48063445223166,287.6803551609323,181.1320754716981,10.146252089763374
clip_2.mp4,18,1,4:2:0,32,2,0,1,1.0,1.0,1.0,0.3725950038580247
clip_2.mp4,19,0,4:2:0,32,2,0,1,37.37024221453287,81.68925307280176,75.85601404741001,21.508149112654323
clip_2.mp4,0,1,4:2:0,32,4,0,1,1.0,1.0,1.0,0.6666666666666666
clip_2.mp4,1,0,4:2:0,32,4,0,1,1036800.0,28800.0,259200.0,0.6671508487654321
clip_2.mp4,2,0,4:2:0,32,4,0,1,28021.62162162162,28800.0,259200.0,0.6819085969650206
clip_2.mp4,3,0,4:2:0,32,4,0,1,336.95157621059474,147.18909710391821,185.27519656897783,27.281230549125514
clip_2.mp4,4,1,4:2:0,32,4,0,1,1.0,1.0,1.0,0.6567629565329218
clip_2.mp4,5,0,4:2:0,32,4,0,1,5544.385026737968,9600.0,17280.0,0.7377888695987654
clip_2.mp4,6,0,4:2:0,32,4,0,1,72.17542638357118,54.124034245145126,35.98500624739692,266.9287644675926
clip_2.mp4,7,0,4:2:0,32,4,0,1,72.18547657174685,53.65348789070586,36.83387807304249,267.41566020447533
clip_2.mp4,8,1,4:2:0,32,4,0,1,1.0,1.0,1.0,0.47836291152263377
clip_2.mp4,9,0,4:2:0,32,4,0,1,236.33462502849326,356.5337001375516,348.8559892328398,3.2649247685185183
clip_2.mp4,10,0,4:2:0,32,4,0,1,47.27123512515388,91.68730102582242,72.70687237026648,19.273318704989713
clip_2.mp4,11,0,4:2:0,32,4,0,1,14.849187935034802,9.860387263666452,7.718650427324976,995.37067499357
clip_2.mp4,12,1,4:2:0,32,4,0,1,1.0,1.0,1.0,0.3911080568415638
clip_2.mp4,13,0,4:2:0,32,4,0,1,12.328473923279983,8.304764345903688,7.555089192025184,1043.4169823816871
clip_2.mp4,14,0,4:2:0,32,4,0,1,12.327740984269289,8.306361160070502,7.551787431168604,1043.4268111818415
clip_2.mp4,15,0,4:2:0,32,4,0,1,12.327154695804154,8.301572558690708,7.549148099606815,1043.4084567901234
clip_2.mp4,16,1,4:2:0,32,4,0,1,1.0,1.0,1.0,0.37026539994855967
clip_2.mp4,17,0,4:2:0,32,4,0,1,127.48063445223166,287.6803551609323,181.1320754716981,10.146252089763374
clip_2.mp4,18,0,4:2:0,32,4,0,1,11.662542182227222,7.894255954193824,8.031481424100642,1105.1294370498972
clip_2.mp4,19,0,4:2:0,32,4,0,1,11.662410996501727,7.894255954193824,8.030486104656566,1105.1583050411523
clip_2.mp4,0,1,4:2:0,32,6,0,1,1.0,1.0,1.0,0.6666666666666666
clip_2.mp4,1,0,4:2:0,32,6,0,1,1036800.0,28800.0,259200.0,0.6671508487654321
clip_2.mp4,2,0,4:2:0,32,6,0,1,28021.62162162162,28800.0,259200.0,0.6819085969650206
clip_2.mp4,3,0,4:2:0,32,6,0,1,336.95157621059474,147.18909710391821,185.27519656897783,27.281230549125514
clip_2.mp4,4,0,4:2:0,32,6,0,1,348.5042016806723,143.601108033241,180.3757828810021,27.607879533179013
clip_2.mp4,5,0,4:2:0,32,6,0,1,340.4926108374384,141.7167851284855,180.62717770034843,27.62271444187243
clip_2.mp4,6,1,4:2:0,32,6,0,1,1.0,1.0,1.0,0.5830033114711934
clip_2.mp4,7,0,4:2:0,32,6,0,1,83.13687755592976,214.39205955334987,193.866866118175,10.14424688143004
clip_2.mp4,8,0,4:2:0,32,6,0,1,26.464507236388698,20.324629498941427,12.954170623219552,661.040831082819
clip_2.mp4,9,0,4:2:0,32,6,0,1,26.441559766392086,20.30234197540534,13.012701440835384,661.1404549254115
clip_2.mp4,10,0,4:2:0,32,6,0,1,26.553976181329237,20.226297307842373,12.978819287967553,661.3144704861111
clip_2.mp4,11,0,4:2:0,32,6,0,1,18.311550688802544,11.48478000797554,9.209778283115407,1009.3960667438272
clip_2.mp4,12,1,4:2:0,32,6,0,1,1.0,1.0,1.0,0.3911080568415638
clip_2.mp4,13,0,4:2:0,32,6,0,1,12.328473923279983,8.304764345903688,7.555089192025184,1043.4169823816871
clip_2.mp4,14,0,4:2:0,32,6,0,1,12.327740984269289,8.306361160070502,7.551787431168604,1043.4268111818415
clip_2.mp4,15,0,4:2:0,32,6,0,1,12.327154695804154,8.301572558690708,7.549148099606815,1043.4084567901234
clip_2.mp4,16,0,4:2:0,32,6,0,1,13.610050013783326,10.883896703758136,9.433687581889648,1057.7681426826132
clip_2.mp4,17,0,4:2:0,32,6,0,1,13.603978323907995,10.895792172853,9.437122260249035,1057.6710442386832
clip_2.mp4,18,1,4:2:0,32,6,0,1,1.0,1.0,1.0,0.3725950038580247
clip_2.mp4,19,0,4:2:0,32,6,0,1,37.37024221453287,81.68925307280176,75.85601404741001,21.508149112654323
clip_2.mp4,0,1,4:2:0,32,8,0,1,1.0,1.0,1.0,0.6666666666666666
clip_2.mp4,1,0,4:2:0,32,8,0,1,1036800.0,28800.0,259200.0,0.6671508487654321
clip_2.mp4,2,0,4:2:0,32,8,0,1,28021.62162162162,28800.0,259200.0,0.6819085969650206
clip_2.mp4,3,0,4:2:0,32,8,0,1,336.95157621059474,147.18909710391821,185.27519656897783,27.281230549125514
clip_2.mp4,4,0,4:2:0,32,8,0,1,348.5042016806723,143.601108033241,180.3757828810021,27.607879533179013
clip_2.mp4,5,0,4:2:0,32,8,0,1,340.4926108374384,141.7167851284855,180.62717770034843,27.62271444187243
clip_2.mp4,6,0,4:2:0,32,8,0,1,78.46817528191932,53.96627108057464,41.46536554151336,265.5212995113169
clip_2.mp4,7,0,4:2:0,32,8,0,1,78.52760736196319,53.58693405003101,42.582552981764415,266.0017677790638
clip_2.mp4,8,1,4:2:0,32,8,0,1,1.0,1.0,1.0,0.47836291152263377
clip_2.mp4,9,0,4:2:0,32,8,0,1,236.33462502849326,356.5337001375516,348.8559892328398,3.2649247685185183
clip_2.mp4,10,0,4:2:0,32,8,0,1,47.27123512515388,91.68730102582242,72.70687237026648,19.273318704989713
clip_2.mp4,11,0,4:2:0,32,8,0,1,14.849187935034802,9.860387263666452,7.718650427324976,995.37067499357
clip_2.mp4,12,0,4:2:0,32,8,0,1,14.821168196243246,9.855138587886392,7.719110158134549,995.3859434477881
clip_2.mp4,13,0,4:2:0,32,8,0,1,14.877100342942418,10.166699352814277,8.710848232289287,1028.4267999292695
clip_2.mp4,14,0,4:2:0,32,8,0,1,14.876886873672731,10.184275666967899,8.723160799623074,1028.4807209683643
clip_2.mp4,15,0,4:2:0,32,8,0,1,14.874325720188224,10.172285232133747,8.717879725548231,1028.3390997942388
clip_2.mp4,16,1,4:2:0,32,8,0,1,1.0,1.0,1.0,0.37026539994855967
clip_2.mp4,17,0,4:2:0,32,8,0,1,127.48063445223166,287.6803551609323,181.1320754716981,10.146252089763374
clip_2.mp4,18,0,4:2:0,32,8,0,1,11.662542182227222,7.894255954193824,8.031481424100642,1105.1294370498972
clip_2.mp4,19,0,4:2:0,32,8,0,1,11.662410996501727,7.894255954193824,8.030486104656566,1105.1583050411523
clip_2.mp4,0,1,4:2:0,32,10,0,1,1.0,1.0,1.0,0.6666666666666666
clip_2.mp4,1,0,4:2:0,32,10,0,1,1036800.0,28800.0,259200.0,0.6671508487654321
clip_2.mp4,2,0,4:2:0,32,10,0,1,28021.62162162162,28800.0,259200.0,0.6819085969650206
clip_2.mp4,3,0,4:2:0,32,10,0,1,336.95157621059474,147.18909710391821,185.27519656897783,27.281230549125514
clip_2.mp4,4,0,4:2:0,32,10,0,1,348.5042016806723,143.601108033241,180.3757828810021,27.607879533179013
clip_2.mp4,5,0,4:2:0,32,10,0,1,340.4926108374384,141.7167851284855,180.62717770034843,27.62271444187243
clip_2.mp4,6,0,4:2:0,32,10,0,1,78.46817528191932,53.96627108057464,41.46536554151336,265.5212995113169
clip_2.mp4,7,0,4:2:0,32,10,0,1,78.52760736196319,53.58693405003101,42.582552981764415,266.0017677790638
clip_2.mp4,8,0,4:2:0,32,10,0,1,32.439535684115015,21.023602887501013,17.64345517663876,635.7876708783436
clip_2.mp4,9,0,4:2:0,32,10,0,1,32.407089050729844,21.00656455142232,17.735203557988367,635.9201144547325
clip_2.mp4,10,1,4:2:0,32,10,0,1,1.0,1.0,1.0,0.47780719521604936
clip_2.mp4,11,0,4:2:0,32,10,0,1,14.849187935034802,9.855888056580097,7.726473306107849,995.4647543724279
clip_2.mp4,12,0,4:2:0,32,10,0,1,14.821168196243246,9.851392953517541,7.726933969294977,995.4778499549897
clip_2.mp4,13,0,4:2:0,32,10,0,1,14.899334645839021,10.178676614961713,8.722573697671288,1028.8681376993313
clip_2.mp4,14,0,4:2:0,32,10,0,1,14.899120538023798,10.196294402265844,8.734330772341286,1028.9229592656893
clip_2.mp4,15,0,4:2:0,32,10,0,1,14.895695649675305,10.185076034421785,8.727860461983973,1028.7817623135288
clip_2.mp4,16,0,4:2:0,32,10,0,1,15.67489114658926,12.08222626206125,9.311013722250161,1056.5675012860083
clip_2.mp4,17,0,4:2:0,32,10,0,1,15.668258477906063,12.088988386735693,9.315029109465968,1056.4934297839507
clip_2.mp4,18,0,4:2:0,32,10,0,1,15.076779897626803,11.801666439011065,9.573760803723129,1099.6898894032922
clip_2.mp4,19,0,4:2:0,32,10,0,1,15.109737969628961,11.795221843003413,9.58013010053223,1099.9973476080247
clip_2.mp4,0,1,4:1:1,1,1,0,1,1.0,1.0,1.0,0.6666666666666666
clip_2.mp4,1,1,4:1:1,1,1,0,1,1.0,1.0,1.0,0.666676311728395
clip_2.mp4,2,1,4:1:1,1,1,0,1,1.0,1.0,1.0,0.666676311728395
clip_2.mp4,3,1,4:1:1,1,1,0,1,1.0,1.0,1.0,0.7254568544238683
clip_2.mp4,4,1,4:1:1,1,1,0,1,1.0,1.0,1.0,0.726303208590535
clip_2.mp4,5,1,4:1:1,1,1,0,1,1.0,1.0,1.0,0.7262639853395062
clip_2.mp4,6,1,4:1:1,1,1,0,1,1.0,1.0,1.0,1.0557314171810699
clip_2.mp4,7,1,4:1:1,1,1,0,1,1.0,1.0,1.0,1.0528954475308643
clip_2.mp4,8,1,4:1:1,1,1,0,1,1.0,1.0,1.0,1.874554398148148
clip_2.mp4,9,1,4:1:1,1,1,0,1,1.0,1.0,1.0,1.8697172389403292
clip_2.mp4,10,1,4:1:1,1,1,0,1,1.0,1.0,1.0,1.863716885288066
clip_2.mp4,11,1,4:1:1,1,1,0,1,1.0,1.0,1.0,2.337728587962963
clip_2.mp4,12,1,4:1:1,1,1,0,1,1.0,1.0,1.0,2.3447471386316874
clip_2.mp4,13,1,4:1:1,1,1,0,1,1.0,1.0,1.0,2.024083236882716
clip_2.mp4,14,1,4:1:1,1,1,0,1,1.0,1.0,1.0,2.037260963220165
clip_2.mp4,15,1,4:1:1,1,1,0,1,1.0,1.0,1.0,2.0308183834876545
clip_2.mp4,16,1,4:1:1,1,1,0,1,1.0,1.0,1.0,1.8714083397633745
clip_2.mp4,17,1,4:1:1,1,1,0,1,1.0,1.0,1.0,1.8839290766460906
clip_2.mp4,18,1,4:1:1,1,1,0,1,1.0,1.0,1.0,2.2320862268518518
clip_2.mp4,19,1,4:1:1,1,1,0,1,1.0,1.0,1.0,2.2485210905349793
clip_2.mp4,0,1,4:1:1,1,2,0,1,1.0,1.0,1.0,0.6666666666666666
clip_2.mp4,1,0,4:1:1,1,2,0,1,31418.18181818182,259200.0,259200.0,0.666676311728395
clip_2.mp4,2,1,4:1:1,1,2,0,1,1.0,1.0,1.0,0.666676311728395
clip_2.mp4,3,0,4:1:1,1,2,0,1,27.53784860557769,30.802139037433154,17.090861136753265,0.7254568544238683
clip_2.mp4,4,1,4:1:1,1,2,0,1,1.0,1.0,1.0,0.726303208590535
clip_2.mp4,5,0,4:1:1,1,2,0,1,2005.4158607350096,4890.566037735849,2073.6,0.7262639853395062
clip_2.mp4,6,1,4:1:1,1,2,0,1,1.0,1.0,1.0,1.0557314171810699
clip_2.mp4,7,0,4:1:1,1,2,0,1,49.91334488734835,77.39623768289042,41.58511150328894,1.0528954475308643
clip_2.mp4,8,1,4:1:1,1,2,0,1,1.0,1.0,1.0,1.874554398148148
clip_2.mp4,9,0,4:1:1,1,2,0,1,72.34161317331845,103.84615384615384,48.95184135977337,1.8697172389403292
clip_2.mp4,10,1,4:1:1,1,2,0,1,1.0,1.0,1.0,1.863716885288066
clip_2.mp4,11,0,4:1:1,1,2,0,1,0.9027568564418076,0.8565819998810302,0.6713634479900539,2.337728587962963
clip_2.mp4,12,1,4:1:1,1,2,0,1,1.0,1.0,1.0,2.3447471386316874
clip_2.mp4,13,0,4:1:1,1,2,0,1,0.804040676641176,0.7342651399692923,0.6422232022953533,2.024083236882716
clip_2.mp4,14,1,4:1:1,1,2,0,1,1.0,1.0,1.0,2.037260963220165
clip_2.mp4,15,0,4:1:1,1,2,0,1,35.73077850914981,39.16591115140526,32.35551117213831,2.0308183834876545
clip_2.mp4,16,1,4:1:1,1,2,0,1,1.0,1.0,1.0,1.8714083397633745
clip_2.mp4,17,0,4:1:1,1,2,0,1,45.90657516050476,99.73066564063102,48.721804511278194,1.8839290766460906
clip_2.mp4,18,1,4:1:1,1,2,0,1,1.0,1.0,1.0,2.2320862268518518
clip_2.mp4,19,0,4:1:1,1,2,0,1,17.33402437597178,25.632911392405063,22.554820744865992,2.2485210905349793
clip_2.mp4,0,1,4:1:1,1,4,0,1,1.0,1.0,1.0,0.6666666666666666
clip_2.mp4,1,0,4:1:1,1,4,0,1,31418.18181818182,259200.0,259200.0,0.666676311728395
clip_2.mp4,2,0,4:1:1,1,4,0,1,15474.626865671642,259200.0,259200.0,0.666676311728395
clip_2.mp4,3,0,4:1:1,1,4,0,1,27.504974134500596,30.802139037433154,17.090861136753265,0.7254568544238683
clip_2.mp4,4,1,4:1:1,1,4,0,1,1.0,1.0,1.0,0.726303208590535
clip_2.mp4,5,0,4:1:1,1,4,0,1,2005.4158607350096,4890.566037735849,2073.6,0.7262639853395062
clip_2.mp4,6,0,4:1:1,1,4,0,1,3.914373088685015,4.4189852700491,2.6889919392487007,1.0557314171810699
clip_2.mp4,7,0,4:1:1,1,4,0,1,3.9119804400977993,4.4069640914037,2.6889919392487007,1.0528954475308643
clip_2.mp4,8,1,4:1:1,1,4,0,1,1.0,1.0,1.0,1.874554398148148
clip_2.mp4,9,0,4:1:1,1,4,0,1,72.34161317331845,103.84615384615384,48.95184135977337,1.8697172389403292
clip_2.mp4,10,0,4:1:1,1,4,0,1,23.19774466371325,34.7779417684154,20.308704849956907,1.863716885288066
clip_2.mp4,11,0,4:1:1,1,4,0,1,0.9023726447403807,0.8561066962604784,0.6714573629755509,2.337728587962963
clip_2.mp4,12,1,4:1:1,1,4,0,1,1.0,1.0,1.0,2.3447471386316874
clip_2.mp4,13,0,4:1:1,1,4,0,1,0.804040676641176,0.7342651399692923,0.6422232022953533,2.024083236882716
clip_2.mp4,14,0,4:1:1,1,4,0,1,0.8038293537267818,0.7336458121051559,0.6416556299587826,2.037260963220165
clip_2.mp4,15,0,4:1:1,1,4,0,1,0.803896042471267,0.734146597066246,0.6420943373323854,2.0308183834876545
clip_2.mp4,16,1,4:1:1,1,4,0,1,1.0,1.0,1.0,1.8714083397633745
clip_2.mp4,17,0,4:1:1,1,4,0,1,45.90657516050476,99.73066564063102,48.721804511278194,1.8839290766460906
clip_2.mp4,18,0,4:1:1,1,4,0,1,0.81062189898813,0.7122033516421618,0.6571008467271713,2.2320862268518518
clip_2.mp4,19,0,4:1:1,1,4,0,1,0.8105870423345657,0.7121583453308569,0.6570442136002068,2.2485210905349793
clip_2.mp4,0,1,4:1:1,1,6,0,1,1.0,1.0,1.0,0.6666666666666666
clip_2.mp4,1,0,4:1:1,1,6,0,1,31418.18181818182,259200.0,259200.0,0.666676311728395
clip_2.mp4,2,0,4:1:1,1,6,0,1,15474.626865671642,259200.0,259200.0,0.666676311728395
clip_2.mp4,3,0,4:1:1,1,6,0,1,27.504974134500596,30.802139037433154,17.090861136753265,0.7254568544238683
clip_2.mp4,4,0,4:1:1,1,6,0,1,27.192614351657575,29.616087751371115,16.802800466744458,0.726303208590535
clip_2.mp4,5,0,4:1:1,1,6,0,1,27.154867604305807,29.46793997271487,16.755009696186168,0.7262639853395062
clip_2.mp4,6,1,4:1:1,1,6,0,1,1.0,1.0,1.0,1.0557314171810699
clip_2.mp4,7,0,4:1:1,1,6,0,1,49.91334488734835,77.39623768289042,41.58511150328894,1.0528954475308643
clip_2.mp4,8,0,4:1:1,1,6,0,1,1.4795491713211768,1.499696242080597,1.0512696758179583,1.874554398148148
clip_2.mp4,9,0,4:1:1,1,6,0,1,1.4784078027078476,1.4980753892568575,1.0510991528757214,1.8697172389403292
clip_2.mp4,10,0,4:1:1,1,6,0,1,1.4795491713211768,1.4982139347768286,1.0507412347020264,1.863716885288066
clip_2.mp4,11,0,4:1:1,1,6,0,1,1.0258175968085674,0.9510670149998532,0.7663900132758147,2.337728587962963
clip_2.mp4,12,1,4:1:1,1,6,0,1,1.0,1.0,1.0,2.3447471386316874
clip_2.mp4,13,0,4:1:1,1,6,0,1,0.804040676641176,0.7342651399692923,0.6422232022953533,2.024083236882716
clip_2.mp4,14,0,4:1:1,1,6,0,1,0.8038293537267818,0.7336458121051559,0.6416556299587826,2.037260963220165
clip_2.mp4,15,0,4:1:1,1,6,0,1,0.803896042471267,0.734146597066246,0.6420943373323854,2.0308183834876545
clip_2.mp4,16,0,4:1:1,1,6,0,1,0.7917435080926908,0.7223154222145433,0.637680731561506,1.8714083397633745
clip_2.mp4,17,0,4:1:1,1,6,0,1,0.7916111210367907,0.7221986938011279,0.6376368077815306,1.8839290766460906
clip_2.mp4,18,1,4:1:1,1,6,0,1,1.0,1.0,1.0,2.2320862268518518
clip_2.mp4,19,0,4:1:1,1,6,0,1,17.33402437597178,25.632911392405063,22.554820744865992,2.2485210905349793
clip_2.mp4,0,1,4:1:1,1,8,0,1,1.0,1.0,1.0,0.6666666666666666
clip_2.mp4,1,0,4:1:1,1,8,0,1,31418.18181818182,259200.0,259200.0,0.666676311728395
clip_2.mp4,2,0,4:1:1,1,8,0,1,15474.626865671642,259200.0,259200.0,0.666676311728395
clip_2.mp4,3,0,4:1:1,1,8,0,1,27.504974134500596,30.802139037433154,17.090861136753265,0.7254568544238683
clip_2.mp4,4,0,4:1:1,1,8,0,1,27.192614351657575,29.616087751371115,16.802800466744458,0.726303208590535
clip_2.mp4,5,0,4:1:1,1,8,0,1,27.154867604305807,29.46793997271487,16.755009696186168,0.7262639853395062
clip_2.mp4,6,0,4:1:1,1,8,0,1,4.212202712255527,4.675409008098992,2.885289697779262,1.0557314171810699
clip_2.mp4,7,0,4:1:1,1,8,0,1,4.20958606549057,4.6616189773933066,2.8854181741269715,1.0528954475308643
clip_2.mp4,8,1,4:1:1,1,8,0,1,1.0,1.0,1.0,1.874554398148148
clip_2.mp4,9,0,4:1:1,1,8,0,1,72.34161317331845,103.84615384615384,48.95184135977337,1.8697172389403292
clip_2.mp4,10,0,4:1:1,1,8,0,1,23.19774466371325,34.7779417684154,20.308704849956907,1.863716885288066
clip_2.mp4,11,0,4:1:1,1,8,0,1,0.9023726447403807,0.8561066962604784,0.6714573629755509,2.337728587962963
clip_2.mp4,12,0,4:1:1,1,8,0,1,0.9021724186539463,0.8558607641330943,0.6710366895523315,2.3447471386316874
clip_2.mp4,13,0,4:1:1,1,8,0,1,0.8798878414572463,0.82949574211387,0.6668433252636372,2.024083236882716
clip_2.mp4,14,0,4:1:1,1,8,0,1,0.8796608961545379,0.8282155661070673,0.6662913636609009,2.037260963220165
clip_2.mp4,15,0,4:1:1,1,8,0,1,0.8797071715479894,0.8287637287973014,0.6666786696262536,2.0308183834876545
clip_2.mp4,16,1,4:1:1,1,8,0,1,1.0,1.0,1.0,1.8714083397633745
clip_2.mp4,17,0,4:1:1,1,8,0,1,45.90657516050476,99.73066564063102,48.721804511278194,1.8839290766460906
clip_2.mp4,18,0,4:1:1,1,8,0,1,0.81062189898813,0.7122033516421618,0.6571008467271713,2.2320862268518518
clip_2.mp4,19,0,4:1:1,1,8,0,1,0.8105870423345657,0.7121583453308569,0.6570442136002068,2.2485210905349793
clip_2.mp4,0,1,4:1:1,1,10,0,1,1.0,1.0,1.0,0.6666666666666666
clip_2.mp4,1,0,4:1:1,1,10,0,1,31418.18181818182,259200.0,259200.0,0.666676311728395
clip_2.mp4,2,0,4:1:1,1,10,0,1,15474.626865671642,259200.0,259200.0,0.666676311728395
clip_2.mp4,3,0,4:1:1,1,10,0,1,27.504974134500596,30.802139037433154,17.090861136753265,0.7254568544238683
clip_2.mp4,4,0,4:1:1,1,10,0,1,27.192614351657575,29.616087751371115,16.802800466744458,0.726303208590535
clip_2.mp4,5,0,4:1:1,1,10,0,1,27.154867604305807,29.46793997271487,16.755009696186168,0.7262639853395062
clip_2.mp4,6,0,4:1:1,1,10,0,1,4.212202712255527,4.675409008098992,2.885289697779262,1.0557314171810699
clip_2.mp4,7,0,4:1:1,1,10,0,1,4.20958606549057,4.6616189773933066,2.8854181741269715,1.0528954475308643
clip_2.mp4,8,0,4:1:1,1,10,0,1,1.7824846130041605,1.614892901199955,1.2057384217479485,1.874554398148148
clip_2.mp4,9,0,4:1:1,1,10,0,1,1.7809169798616216,1.6128530449445893,1.2054804714023941,1.8697172389403292
clip_2.mp4,10,1,4:1:1,1,10,0,1,1.0,1.0,1.0,1.863716885288066
clip_2.mp4,11,0,4:1:1,1,10,0,1,0.9027568564418076,0.8565819998810302,0.6713634479900539,2.337728587962963
clip_2.mp4,12,0,4:1:1,1,10,0,1,0.9025478172758516,0.8562848732916423,0.6709533128319821,2.3447471386316874
clip_2.mp4,13,0,4:1:1,1,10,0,1,0.8801881266289169,0.8291507922036794,0.6668621972491935,2.024083236882716
clip_2.mp4,14,0,4:1:1,1,10,0,1,0.8799445960809875,0.827861103303779,0.6662759492889971,2.037260963220165
clip_2.mp4,15,0,4:1:1,1,10,0,1,0.8799946358351673,0.8284511606945949,0.6666872434334393,2.0308183834876545
clip_2.mp4,16,0,4:1:1,1,10,0,1,0.8817128769369322,0.8027327599822853,0.6659609672877507,1.8714083397633745
clip_2.mp4,17,0,4:1:1,1,10,0,1,0.8816678897881123,0.802660671485108,0.6658514781286285,1.8839290766460906
clip_2.mp4,18,0,4:1:1,1,10,0,1,0.8806576392463447,0.7560003150001312,0.6720126935731008,2.2320862268518518
clip_2.mp4,19,0,4:1:1,1,10,0,1,0.8803959064307623,0.7558173441418324,0.6721887107565754,2.2485210905349793
clip_2.mp4,0,1,4:1:1,2,1,0,1,1.0,1.0,1.0,0.6666666666666666
clip_2.mp4,1,1,4:1:1,2,1,0,1,1.0,1.0,1.0,0.666676311728395
clip_2.mp4,2,1,4:1:1,2,1,0,1,1.0,1.0,1.0,0.666676311728395
clip_2.mp4,3,1,4:1:1,2,1,0,1,1.0,1.0,1.0,0.7254568544238683
clip_2.mp4,4,1,4:1:1,2,1,0,1,1.0,1.0,1.0,0.726303208590535
clip_2.mp4,5,1,4:1:1,2,1,0,1,1.0,1.0,1.0,0.7262639853395062
clip_2.mp4,6,1,4:1:1,2,1,0,1,1.0,1.0,1.0,1.0557314171810699
clip_2.mp4,7,1,4:1:1,2,1,0,1,1.0,1.0,1.0,1.0528954475308643
clip_2.mp4,8,1,4:1:1,2,1,0,1,1.0,1.0,1.0,1.874554398148148
clip_2.mp4,9,1,4:1:1,2,1,0,1,1.0,1.0,1.0,1.8697172389403292
clip_2.mp4,10,1,4:1:1,2,1,0,1,1.0,1.0,1.0,1.863716885288066
clip_2.mp4,11,1,4:1:1,2,1,0,1,1.0,1.0,1.0,2.337728587962963
clip_2.mp4,12,1,4:1:1,2,1,0,1,1.0,1.0,1.0,2.3447471386316874
clip_2.mp4,13,1,4:1:1,2,1,0,1,1.0,1.0,1.0,2.024083236882716
clip_2.mp4,14,1,4:1:1,2,1,0,1,1.0,1.0,1.0,2.037260963220165
clip_2.mp4,15,1,4:1:1,2,1,0,1,1.0,1.0,1.0,2.0308183834876545
clip_2.mp4,16,1,4:1:1,2,1,0,1,1.0,1.0,1.0,1.8714083397633745
clip_2.mp4,17,1,4:1:1,2,1,0,1,1.0,1.0,1.0,1.8839290766460906
clip_2.mp4,18,1,4:1:1,2,1,0,1,1.0,1.0,1.0,2.2320862268518518
clip_2.mp4,19,1,4:1:1,2,1,0,1,1.0,1.0,1.0,2.2485210905349793
clip_2.mp4,0,1,4:1:1,2,2,0,1,1.0,1.0,1.0,0.6666666666666666
clip_2.mp4,1,0,4:1:1,2,2,0,1,1036800.0,259200.0,259200.0,0.6666775977366255
clip_2.mp4,2,1,4:1:1,2,2,0,1,1.0,1.0,1.0,0.666676311728395
clip_2.mp4,3,0,4:1:1,2,2,0,1,41.83175307645754,41.75930401159981,19.0490188873374,0.7849971064814815
clip_2.mp4,4,1,4:1:1,2,2,0,1,1.0,1.0,1.0,0.726303208590535
clip_2.mp4,5,0,4:1:1,2,2,0,1,4527.510917030568,5289.7959183673465,5760.0,0.7269036136831276
clip_2.mp4,6,1,4:1:1,2,2,0,1,1.0,1.0,1.0,1.0557314171810699
clip_2.mp4,7,0,4:1:1,2,2,0,1,68.84462151394422,131.5068493150685,61.965096820463785,1.077104391718107
clip_2.mp4,8,1,4:1:1,2,2,0,1,1.0,1.0,1.0,1.874554398148148
clip_2.mp4,9,0,4:1:1,2,2,0,1,146.33733239237827,225.98081952920663,101.84675834970531,1.8832627636316872
clip_2.mp4,10,1,4:1:1,2,2,0,1,1.0,1.0,1.0,1.863716885288066
clip_2.mp4,11,0,4:1:1,2,2,0,1,1.2723829813867356,1.0874535881353444,0.7613855336748602,3.946457047325103
clip_2.mp4,12,1,4:1:1,2,2,0,1,1.0,1.0,1.0,2.3447471386316874
clip_2.mp4,13,0,4:1:1,2,2,0,1,1.099643527980561,0.9153996927477883,0.7392154961470674,3.7784878150720163
clip_2.mp4,14,1,4:1:1,2,2,0,1,1.0,1.0,1.0,2.037260963220165
clip_2.mp4,15,0,4:1:1,2,2,0,1,58.46067098956865,58.51015801354402,46.26093164376227,2.0596090534979425
clip_2.mp4,16,1,4:1:1,2,2,0,1,1.0,1.0,1.0,1.8714083397633745
clip_2.mp4,17,0,4:1:1,2,2,0,1,77.53514807059527,160.29684601113172,72.26094229160859,1.900368280606996
clip_2.mp4,18,1,4:1:1,2,2,0,1,1.0,1.0,1.0,2.2320862268518518
clip_2.mp4,19,0,4:1:1,2,2,0,1,28.529759775460224,46.14562933950507,39.20738163666616,2.292277359825103
clip_2.mp4,0,1,4:1:1,2,4,0,1,1.0,1.0,1.0,0.6666666666666666
clip_2.mp4,1,0,4:1:1,2,4,0,1,1036800.0,259200.0,259200.0,0.6666775977366255
clip_2.mp4,2,0,4:1:1,2,4,0,1,28021.62162162162,259200.0,259200.0,0.6667147312242798
clip_2.mp4,3,0,4:1:1,2,4,0,1,41.80813742489617,41.75930401159981,19.0490188873374,0.7850146283436213
clip_2.mp4,4,1,4:1:1,2,4,0,1,1.0,1.0,1.0,0.726303208590535
clip_2.mp4,5,0,4:1:1,2,4,0,1,4527.510917030568,5289.7959183673465,5760.0,0.7269036136831276
clip_2.mp4,6,0,4:1:1,2,4,0,1,5.8788174323266915,6.404427752520261,3.153860193465961,1.5605883487654322
clip_2.mp4,7,0,4:1:1,2,4,0,1,5.876984644336997,6.385180075873282,3.1573946621514626,1.558665927211934
clip_2.mp4,8,1,4:1:1,2,4,0,1,1.0,1.0,1.0,1.874554398148148
clip_2.mp4,9,0,4:1:1,2,4,0,1,146.33733239237827,225.98081952920663,101.84675834970531,1.8832627636316872
clip_2.mp4,10,0,4:1:1,2,4,0,1,35.511713933415535,58.142664872139974,31.831020508412134,1.9065496399176955
clip_2.mp4,11,0,4:1:1,2,4,0,1,1.2714951104832124,1.087184477421628,0.7612513656708527,3.946895736882716
clip_2.mp4,12,1,4:1:1,2,4,0,1,1.0,1.0,1.0,2.3447471386316874
clip_2.mp4,13,0,4:1:1,2,4,0,1,1.099643527980561,0.9153996927477883,0.7392154961470674,3.7784878150720163
clip_2.mp4,14,0,4:1:1,2,4,0,1,1.099528076780317,0.9152380784237566,0.7389752420486035,3.792290541409465
clip_2.mp4,15,0,4:1:1,2,4,0,1,1.0994662795346357,0.9153867615014886,0.7390532021361831,3.785038419495885
clip_2.mp4,16,1,4:1:1,2,4,0,1,1.0,1.0,1.0,1.8714083397633745
clip_2.mp4,17,0,4:1:1,2,4,0,1,77.53514807059527,160.29684601113172,72.26094229160859,1.900368280606996
clip_2.mp4,18,0,4:1:1,2,4,0,1,1.106555015037963,0.8831797195768097,0.7741658005089423,3.922533275462963
clip_2.mp4,19,0,4:1:1,2,4,0,1,1.1071765715969912,0.8833573030338143,0.774260613971939,3.939697305812757
clip_2.mp4,0,1,4:1:1,2,6,0,1,1.0,1.0,1.0,0.6666666666666666
clip_2.mp4,1,0,4:1:1,2,6,0,1,1036800.0,259200.0,259200.0,0.6666775977366255
clip_2.mp4,2,0,4:1:1,2,6,0,1,28021.62162162162,259200.0,259200.0,0.6667147312242798
clip_2.mp4,3,0,4:1:1,2,6,0,1,41.80813742489617,41.75930401159981,19.0490188873374,0.7850146283436213
clip_2.mp4,4,0,4:1:1,2,6,0,1,41.405750798722046,40.48102451975637,18.907287183602012,0.7855820794753087
clip_2.mp4,5,0,4:1:1,2,6,0,1,41.26895673287426,40.20474639367148,18.912805545421378,0.7857960390946502
clip_2.mp4,6,1,4:1:1,2,6,0,1,1.0,1.0,1.0,1.0557314171810699
clip_2.mp4,7,0,4:1:1,2,6,0,1,68.84462151394422,131.5068493150685,61.965096820463785,1.077104391718107
clip_2.mp4,8,0,4:1:1,2,6,0,1,2.139624533866038,1.9805611589950487,1.20202006149223,3.021448849022634
clip_2.mp4,9,0,4:1:1,2,6,0,1,2.1392183847333097,1.9759410876823857,1.2022765328793874,3.017184445730453
clip_2.mp4,10,0,4:1:1,2,6,0,1,2.142781854969547,1.9758205906118032,1.2020702320663366,3.0105740419238685
clip_2.mp4,11,0,4:1:1,2,6,0,1,1.4752838726201656,1.2210058223888753,0.8813208932894486,4.010672582304527
clip_2.mp4,12,1,4:1:1,2,6,0,1,1.0,1.0,1.0,2.3447471386316874
clip_2.mp4,13,0,4:1:1,2,6,0,1,1.099643527980561,0.9153996927477883,0.7392154961470674,3.7784878150720163
clip_2.mp4,14,0,4:1:1,2,6,0,1,1.099528076780317,0.9152380784237566,0.7389752420486035,3.792290541409465
clip_2.mp4,15,0,4:1:1,2,6,0,1,1.0994662795346357,0.9153867615014886,0.7390532021361831,3.785038419495885
clip_2.mp4,16,0,4:1:1,2,6,0,1,1.083667537321623,0.8904676672976436,0.7315255921067485,3.606479070216049
clip_2.mp4,17,0,4:1:1,2,6,0,1,1.0832984179956262,0.890440135764638,0.7315441734707989,3.6180330504115226
clip_2.mp4,18,1,4:1:1,2,6,0,1,1.0,1.0,1.0,2.2320862268518518
clip_2.mp4,19,0,4:1:1,2,6,0,1,28.529759775460224,46.14562933950507,39.20738163666616,2.292277359825103
clip_2.mp4,0,1,4:1:1,2,8,0,1,1.0,1.0,1.0,0.6666666666666666
clip_2.mp4,1,0,4:1:1,2,8,0,1,1036800.0,259200.0,259200.0,0.6666775977366255
clip_2.mp4,2,0,4:1:1,2,8,0,1,28021.62162162162,259200.0,259200.0,0.6667147312242798
clip_2.mp4,3,0,4:1:1,2,8,0,1,41.80813742489617,41.75930401159981,19.0490188873374,0.7850146283436213
clip_2.mp4,4,0,4:1:1,2,8,0,1,41.405750798722046,40.48102451975637,18.907287183602012,0.7855820794753087
clip_2.mp4,5,0,4:1:1,2,8,0,1,41.26895673287426,40.20474639367148,18.912805545421378,0.7857960390946502
clip_2.mp4,6,0,4:1:1,2,8,0,1,6.421126298252894,6.855147972812144,3.464360657052353,1.5675528870884774
clip_2.mp4,7,0,4:1:1,2,8,0,1,6.419814241486068,6.830579492449996,3.4676977002421503,1.5655680941358026
clip_2.mp4,8,1,4:1:1,2,8,0,1,1.0,1.0,1.0,1.874554398148148
clip_2.mp4,9,0,4:1:1,2,8,0,1,146.33733239237827,225.98081952920663,101.84675834970531,1.8832627636316872
clip_2.mp4,10,0,4:1:1,2,8,0,1,35.511713933415535,58.142664872139974,31.831020508412134,1.9065496399176955
clip_2.mp4,11,0,4:1:1,2,8,0,1,1.2714951104832124,1.087184477421628,0.7612513656708527,3.946895736882716
clip_2.mp4,12,0,4:1:1,2,8,0,1,1.2708670161714395,1.0864553555710177,0.7607821497965964,3.955034079218107
clip_2.mp4,13,0,4:1:1,2,8,0,1,1.230889046654589,1.0360126304008954,0.7632958360327463,3.7489739261831274
clip_2.mp4,14,0,4:1:1,2,8,0,1,1.2307443938097167,1.0354084110954878,0.7631542531422699,3.762292470421811
clip_2.mp4,15,0,4:1:1,2,8,0,1,1.2305048416710085,1.0355283711602152,0.7632711114252144,3.7551916152263374
clip_2.mp4,16,1,4:1:1,2,8,0,1,1.0,1.0,1.0,1.8714083397633745
clip_2.mp4,17,0,4:1:1,2,8,0,1,77.53514807059527,160.29684601113172,72.26094229160859,1.900368280606996
clip_2.mp4,18,0,4:1:1,2,8,0,1,1.106555015037963,0.8831797195768097,0.7741658005089423,3.922533275462963
clip_2.mp4,19,0,4:1:1,2,8,0,1,1.1071765715969912,0.8833573030338143,0.774260613971939,3.939697305812757
clip_2.mp4,0,1,4:1:1,2,10,0,1,1.0,1.0,1.0,0.6666666666666666
clip_2.mp4,1,0,4:1:1,2,10,0,1,1036800.0,259200.0,259200.0,0.6666775977366255
clip_2.mp4,2,0,4:1:1,2,10,0,1,28021.62162162162,259200.0,259200.0,0.6667147312242798
clip_2.mp4,3,0,4:1:1,2,10,0,1,41.80813742489617,41.75930401159981,19.0490188873374,0.7850146283436213
clip_2.mp4,4,0,4:1:1,2,10,0,1,41.405750798722046,40.48102451975637,18.907287183602012,0.7855820794753087
clip_2.mp4,5,0,4:1:1,2,10,0,1,41.26895673287426,40.20474639367148,18.912805545421378,0.7857960390946502
clip_2.mp4,6,0,4:1:1,2,10,0,1,6.421126298252894,6.855147972812144,3.464360657052353,1.5675528870884774
clip_2.mp4,7,0,4:1:1,2,10,0,1,6.419814241486068,6.830579492449996,3.4676977002421503,1.5655680941358026
clip_2.mp4,8,0,4:1:1,2,10,0,1,2.665384704373154,2.137291280148423,1.4368070953436807,3.0563636509773664
clip_2.mp4,9,0,4:1:1,2,10,0,1,2.6650284418785777,2.1327540667966725,1.437221372014106,3.0521313978909466
clip_2.mp4,10,1,4:1:1,2,10,0,1,1.0,1.0,1.0,1.863716885288066
clip_2.mp4,11,0,4:1:1,2,10,0,1,1.2723829813867356,1.0874535881353444,0.7613855336748602,3.946457047325103
clip_2.mp4,12,0,4:1:1,2,10,0,1,1.2717758495065246,1.0866694336490208,0.7609474265180783,3.954454893261317
clip_2.mp4,13,0,4:1:1,2,10,0,1,1.231602580093368,1.0354870024808542,0.7634712019369547,3.7503679591049384
clip_2.mp4,14,0,4:1:1,2,10,0,1,1.2314372825713855,1.0348503419557553,0.7632845973762092,3.763798225308642
clip_2.mp4,15,0,4:1:1,2,10,0,1,1.2312076950480941,1.035011500127779,0.7634284771781421,3.756705729166667
clip_2.mp4,16,0,4:1:1,2,10,0,1,1.222364747604316,1.0006949270326615,0.7639527481078022,3.5692250192901236
clip_2.mp4,17,0,4:1:1,2,10,0,1,1.2219786436602786,1.0007567450695742,0.7638919587993458,3.5810524369855967
clip_2.mp4,18,0,4:1:1,2,10,0,1,1.2176131118893438,0.9447372449537472,0.7816552273193327,3.8999173739711934
clip_2.mp4,19,0,4:1:1,2,10,0,1,1.2181223902832181,0.9445719908166612,0.7816622989677353,3.9193042695473252
clip_2.mp4,0,1,4:1:1,4,1,0,1,1.0,1.0,1.0,0.6666666666666666
clip_2.mp4,1,1,4:1:1,4,1,0,1,1.0,1.0,1.0,0.666676311728395
clip_2.mp4,2,1,4:1:1,4,1,0,1,1.0,1.0,1.0,0.666676311728395
clip_2.mp4,3,1,4:1:1,4,1,0,1,1.0,1.0,1.0,0.7254568544238683
clip_2.mp4,4,1,4:1:1,4,1,0,1,1.0,1.0,1.0,0.726303208590535
clip_2.mp4,5,1,4:1:1,4,1,0,1,1.0,1.0,1.0,0.7262639853395062
clip_2.mp4,6,1,4:1:1,4,1,0,1,1.0,1.0,1.0,1.0557314171810699
clip_2.mp4,7,1,4:1:1,4,1,0,1,1.0,1.0,1.0,1.0528954475308643
clip_2.mp4,8,1,4:1:1,4,1,0,1,1.0,1.0,1.0,1.874554398148148
clip_2.mp4,9,1,4:1:1,4,1,0,1,1.0,1.0,1.0,1.8697172389403292
clip_2.mp4,10,1,4:1:1,4,1,0,1,1.0,1.0,1.0,1.863716885288066
clip_2.mp4,11,1,4:1:1,4,1,0,1,1.0,1.0,1.0,2.337728587962963
clip_2.mp4,12,1,4:1:1,4,1,0,1,1.0,1.0,1.0,2.3447471386316874
clip_2.mp4,13,1,4:1:1,4,1,0,1,1.0,1.0,1.0,2.024083236882716
clip_2.mp4,14,1,4:1:1,4,1,0,1,1.0,1.0,1.0,2.037260963220165
clip_2.mp4,15,1,4:1:1,4,1,0,1,1.0,1.0,1.0,2.0308183834876545
clip_2.mp4,16,1,4:1:1,4,1,0,1,1.0,1.0,1.0,1.8714083397633745
clip_2.mp4,17,1,4:1:1,4,1,0,1,1.0,1.0,1.0,1.8839290766460906
clip_2.mp4,18,1,4:1:1,4,1,0,1,1.0,1.0,1.0,2.2320862268518518
clip_2.mp4,19,1,4:1:1,4,1,0,1,1.0,1.0,1.0,2.2485210905349793
clip_2.mp4,0,1,4:1:1,4,2,0,1,1.0,1.0,1.0,0.6666666666666666
clip_2.mp4,1,0,4:1:1,4,2,0,1,1036800.0,259200.0,259200.0,0.6666775977366255
clip_2.mp4,2,1,4:1:1,4,2,0,1,1.0,1.0,1.0,0.666676311728395
clip_2.mp4,3,0,4:1:1,4,2,0,1,76.61272445134117,72.70687237026648,22.863191320455147,1.2056209812242797
clip_2.mp4,4,1,4:1:1,4,2,0,1,1.0,1.0,1.0,0.726303208590535
clip_2.mp4,5,0,4:1:1,4,2,0,1,5544.385026737968,5289.7959183673465,8937.931034482759,0.729005111882716
clip_2.mp4,6,1,4:1:1,4,2,0,1,1.0,1.0,1.0,1.0557314171810699
clip_2.mp4,7,0,4:1:1,4,2,0,1,82.87107345535928,153.46358792184725,102.89797538705835,1.218601144547325
clip_2.mp4,8,1,4:1:1,4,2,0,1,1.0,1.0,1.0,1.874554398148148
clip_2.mp4,9,0,4:1:1,4,2,0,1,234.83578708946771,308.20451843044,293.54473386183463,1.9336077353395063
clip_2.mp4,10,1,4:1:1,4,2,0,1,1.0,1.0,1.0,1.863716885288066
clip_2.mp4,11,0,4:1:1,4,2,0,1,2.198622468021579,1.5603742008500188,0.9611961552153792,14.48887120627572
clip_2.mp4,12,1,4:1:1,4,2,0,1,1.0,1.0,1.0,2.3447471386316874
clip_2.mp4,13,0,4:1:1,4,2,0,1,1.8429411691513546,1.3108121776069586,0.967832272277505,15.100189364711934
clip_2.mp4,14,1,4:1:1,4,2,0,1,1.0,1.0,1.0,2.037260963220165
clip_2.mp4,15,0,4:1:1,4,2,0,1,75.14677103718199,72.06005004170142,61.031316223216386,2.236539834104938
clip_2.mp4,16,1,4:1:1,4,2,0,1,1.0,1.0,1.0,1.8714083397633745
clip_2.mp4,17,0,4:1:1,4,2,0,1,118.708495534692,212.98274445357436,120.5020920502092,2.0012469457304527
clip_2.mp4,18,1,4:1:1,4,2,0,1,1.0,1.0,1.0,2.2320862268518518
clip_2.mp4,19,0,4:1:1,4,2,0,1,37.12270399942712,67.65857478465152,62.024407753050966,2.5085932677469134
clip_2.mp4,0,1,4:1:1,4,4,0,1,1.0,1.0,1.0,0.6666666666666666
clip_2.mp4,1,0,4:1:1,4,4,0,1,1036800.0,259200.0,259200.0,0.6666775977366255
clip_2.mp4,2,0,4:1:1,4,4,0,1,28021.62162162162,259200.0,259200.0,0.6670002250514403
clip_2.mp4,3,0,4:1:1,4,4,0,1,76.5335498634384,72.70687237026648,22.863191320455147,1.205767103909465
clip_2.mp4,4,1,4:1:1,4,4,0,1,1.0,1.0,1.0,0.726303208590535
clip_2.mp4,5,0,4:1:1,4,4,0,1,5544.385026737968,5289.7959183673465,8937.931034482759,0.729005111882716
clip_2.mp4,6,0,4:1:1,4,4,0,1,10.730364405990292,10.20592983423239,4.06747744213417,4.674743602109054
clip_2.mp4,7,0,4:1:1,4,4,0,1,10.73369705879308,10.173882325234525,4.0769460654010095,4.67630931712963
clip_2.mp4,8,1,4:1:1,4,4,0,1,1.0,1.0,1.0,1.874554398148148
clip_2.mp4,9,0,4:1:1,4,4,0,1,234.83578708946771,308.20451843044,293.54473386183463,1.9336077353395063
clip_2.mp4,10,0,4:1:1,4,4,0,1,46.34778721502012,74.4186046511628,53.082121646528776,2.157091210133745
clip_2.mp4,11,0,4:1:1,4,4,0,1,2.1968103026335024,1.5605808828841847,0.9608113518081935,14.490442226080248
clip_2.mp4,12,1,4:1:1,4,4,0,1,1.0,1.0,1.0,2.3447471386316874
clip_2.mp4,13,0,4:1:1,4,4,0,1,1.8429411691513546,1.3108121776069586,0.967832272277505,15.100189364711934
clip_2.mp4,14,0,4:1:1,4,4,0,1,1.8427577381428457,1.3108453232862165,0.9679370840895342,15.118691165123456
clip_2.mp4,15,0,4:1:1,4,4,0,1,1.8424531923060519,1.310580204778157,0.9674710262583281,15.103984053497943
clip_2.mp4,16,1,4:1:1,4,4,0,1,1.0,1.0,1.0,1.8714083397633745
clip_2.mp4,17,0,4:1:1,4,4,0,1,118.708495534692,212.98274445357436,120.5020920502092,2.0012469457304527
clip_2.mp4,18,0,4:1:1,4,4,0,1,1.8229867232130141,1.2570624893911104,1.063786126455934,15.24951646090535
clip_2.mp4,19,0,4:1:1,4,4,0,1,1.8248123794370679,1.2579654156575928,1.063943322031672,15.267079314557613
clip_2.mp4,0,1,4:1:1,4,6,0,1,1.0,1.0,1.0,0.6666666666666666
clip_2.mp4,1,0,4:1:1,4,6,0,1,1036800.0,259200.0,259200.0,0.6666775977366255
clip_2.mp4,2,0,4:1:1,4,6,0,1,28021.62162162162,259200.0,259200.0,0.6670002250514403
clip_2.mp4,3,0,4:1:1,4,6,0,1,76.5335498634384,72.70687237026648,22.863191320455147,1.205767103909465
clip_2.mp4,4,0,4:1:1,4,6,0,1,76.73179396092362,70.56901715219166,22.722889453844132,1.2046894290123458
clip_2.mp4,5,0,4:1:1,4,6,0,1,76.3082358136454,69.73365617433414,22.734847820366635,1.2058291538065844
clip_2.mp4,6,1,4:1:1,4,6,0,1,1.0,1.0,1.0,1.0557314171810699
clip_2.mp4,7,0,4:1:1,4,6,0,1,82.87107345535928,153.46358792184725,102.89797538705835,1.218601144547325
clip_2.mp4,8,0,4:1:1,4,6,0,1,3.776278791940442,2.996150778513715,1.5385985219481793,10.282773919753087
clip_2.mp4,9,0,4:1:1,4,6,0,1,3.7763613185212166,2.9902746853405016,1.5397135610034276,10.280232124485597
clip_2.mp4,10,0,4:1:1,4,6,0,1,3.7861386717109564,2.988068476569255,1.5386715897825558,10.28404899691358
clip_2.mp4,11,0,4:1:1,4,6,0,1,2.586974801448187,1.8128916741271262,1.1606819006166122,14.518627829218106
clip_2.mp4,12,1,4:1:1,4,6,0,1,1.0,1.0,1.0,2.3447471386316874
clip_2.mp4,13,0,4:1:1,4,6,0,1,1.8429411691513546,1.3108121776069586,0.967832272277505,15.100189364711934
clip_2.mp4,14,0,4:1:1,4,6,0,1,1.8427577381428457,1.3108453232862165,0.9679370840895342,15.118691165123456
clip_2.mp4,15,0,4:1:1,4,6,0,1,1.8424531923060519,1.310580204778157,0.9674710262583281,15.103984053497943
clip_2.mp4,16,0,4:1:1,4,6,0,1,1.8148496289955836,1.2727219161535515,0.9606546683665905,15.054287872942387
clip_2.mp4,17,0,4:1:1,4,6,0,1,1.8139859577051538,1.2732595838327472,0.960551427671441,15.06418225951646
clip_2.mp4,18,1,4:1:1,4,6,0,1,1.0,1.0,1.0,2.2320862268518518
clip_2.mp4,19,0,4:1:1,4,6,0,1,37.12270399942712,67.65857478465152,62.024407753050966,2.5085932677469134
clip_2.mp4,0,1,4:1:1,4,8,0,1,1.0,1.0,1.0,0.6666666666666666
clip_2.mp4,1,0,4:1:1,4,8,0,1,1036800.0,259200.0,259200.0,0.6666775977366255
clip_2.mp4,2,0,4:1:1,4,8,0,1,28021.62162162162,259200.0,259200.0,0.6670002250514403
clip_2.mp4,3,0,4:1:1,4,8,0,1,76.5335498634384,72.70687237026648,22.863191320455147,1.205767103909465
clip_2.mp4,4,0,4:1:1,4,8,0,1,76.73179396092362,70.56901715219166,22.722889453844132,1.2046894290123458
clip_2.mp4,5,0,4:1:1,4,8,0,1,76.3082358136454,69.73365617433414,22.734847820366635,1.2058291538065844
clip_2.mp4,6,0,4:1:1,4,8,0,1,11.834400575283361,11.01244848536347,4.602681346000177,4.716805073302469
clip_2.mp4,7,0,4:1:1,4,8,0,1,11.838589600127886,10.975145022653173,4.613659422224596,4.718922485853909
clip_2.mp4,8,1,4:1:1,4,8,0,1,1.0,1.0,1.0,1.874554398148148
clip_2.mp4,9,0,4:1:1,4,8,0,1,234.83578708946771,308.20451843044,293.54473386183463,1.9336077353395063
clip_2.mp4,10,0,4:1:1,4,8,0,1,46.34778721502012,74.4186046511628,53.082121646528776,2.157091210133745
clip_2.mp4,11,0,4:1:1,4,8,0,1,2.1968103026335024,1.5605808828841847,0.9608113518081935,14.490442226080248
clip_2.mp4,12,0,4:1:1,4,8,0,1,2.1951870185854085,1.5593603734764352,0.9603770369107872,14.50196116255144
clip_2.mp4,13,0,4:1:1,4,8,0,1,2.109074635366871,1.483474030619545,0.9865078307865041,14.821645447530864
clip_2.mp4,14,0,4:1:1,4,8,0,1,2.1095638444196663,1.482778149616434,0.986744428624725,14.833210841049382
clip_2.mp4,15,0,4:1:1,4,8,0,1,2.108667134445834,1.4834400700513366,0.9871615677283477,14.824076967592593
clip_2.mp4,16,1,4:1:1,4,8,0,1,1.0,1.0,1.0,1.8714083397633745
clip_2.mp4,17,0,4:1:1,4,8,0,1,118.708495534692,212.98274445357436,120.5020920502092,2.0012469457304527
clip_2.mp4,18,0,4:1:1,4,8,0,1,1.8229867232130141,1.2570624893911104,1.063786126455934,15.24951646090535
clip_2.mp4,19,0,4:1:1,4,8,0,1,1.8248123794370679,1.2579654156575928,1.063943322031672,15.267079314557613
clip_2.mp4,0,1,4:1:1,4,10,0,1,1.0,1.0,1.0,0.6666666666666666
clip_2.mp4,1,0,4:1:1,4,10,0,1,1036800.0,259200.0,259200.0,0.6666775977366255
clip_2.mp4,2,0,4:1:1,4,10,0,1,28021.62162162162,259200.0,259200.0,0.6670002250514403
clip_2.mp4,3,0,4:1:1,4,10,0,1,76.5335498634384,72.70687237026648,22.863191320455147,1.205767103909465
clip_2.mp4,4,0,4:1:1,4,10,0,1,76.73179396092362,70.56901715219166,22.722889453844132,1.2046894290123458
clip_2.mp4,5,0,4:1:1,4,10,0,1,76.3082358136454,69.73365617433414,22.734847820366635,1.2058291538065844
clip_2.mp4,6,0,4:1:1,4,10,0,1,11.834400575283361,11.01244848536347,4.602681346000177,4.716805073302469
clip_2.mp4,7,0,4:1:1,4,10,0,1,11.838589600127886,10.975145022653173,4.613659422224596,4.718922485853909
clip_2.mp4,8,0,4:1:1,4,10,0,1,4.801333703806613,3.225886745488488,1.9510726383138879,10.403571084104938
clip_2.mp4,9,0,4:1:1,4,10,0,1,4.801400408452466,3.220275810659709,1.9533663918489155,10.40080680941358
clip_2.mp4,10,1,4:1:1,4,10,0,1,1.0,1.0,1.0,1.863716885288066
clip_2.mp4,11,0,4:1:1,4,10,0,1,2.198622468021579,1.5603742008500188,0.9611961552153792,14.48887120627572
clip_2.mp4,12,0,4:1:1,4,10,0,1,2.19700581672547,1.5590789885234464,0.9607472478594462,14.499855484825103
clip_2.mp4,13,0,4:1:1,4,10,0,1,2.1113853522641186,1.4829478164852077,0.9870262407323491,14.832488747427984
clip_2.mp4,14,0,4:1:1,4,10,0,1,2.111746590409151,1.4822863351728477,0.9871653273412804,14.84416634516461
clip_2.mp4,15,0,4:1:1,4,10,0,1,2.1108952981273132,1.4829138800052635,0.9876731381103893,14.834701967592592
clip_2.mp4,16,0,4:1:1,4,10,0,1,2.057922744532154,1.4423959799889816,1.0048030516240827,14.935574202674896
clip_2.mp4,17,0,4:1:1,4,10,0,1,2.056832699830978,1.4428938036840553,1.0046628449168014,14.945220228909465
clip_2.mp4,18,0,4:1:1,4,10,0,1,2.0419055421743693,1.372140051455252,1.043453056689452,15.245700070730452
clip_2.mp4,19,0,4:1:1,4,10,0,1,2.0446518195389674,1.3725324070151657,1.0436000982401328,15.271305459104939
clip_2.mp4,0,1,4:1:1,8,1,0,1,1.0,1.0,1.0,0.6666666666666666
clip_2.mp4,1,1,4:1:1,8,1,0,1,1.0,1.0,1.0,0.666676311728395
clip_2.mp4,2,1,4:1:1,8,1,0,1,1.0,1.0,1.0,0.666676311728395
clip_2.mp4,3,1,4:1:1,8,1,0,1,1.0,1.0,1.0,0.7254568544238683
clip_2.mp4,4,1,4:1:1,8,1,0,1,1.0,1.0,1.0,0.726303208590535
clip_2.mp4,5,1,4:1:1,8,1,0,1,1.0,1.0,1.0,0.7262639853395062
clip_2.mp4,6,1,4:1:1,8,1,0,1,1.0,1.0,1.0,1.0557314171810699
clip_2.mp4,7,1,4:1:1,8,1,0,1,1.0,1.0,1.0,1.0528954475308643
clip_2.mp4,8,1,4:1:1,8,1,0,1,1.0,1.0,1.0,1.874554398148148
clip_2.mp4,9,1,4:1:1,8,1,0,1,1.0,1.0,1.0,1.8697172389403292
clip_2.mp4,10,1,4:1:1,8,1,0,1,1.0,1.0,1.0,1.863716885288066
clip_2.mp4,11,1,4:1:1,8,1,0,1,1.0,1.0,1.0,2.337728587962963
clip_2.mp4,12,1,4:1:1,8,1,0,1,1.0,1.0,1.0,2.3447471386316874
clip_2.mp4,13,1,4:1:1,8,1,0,1,1.0,1.0,1.0,2.024083236882716
clip_2.mp4,14,1,4:1:1,8,1,0,1,1.0,1.0,1.0,2.037260963220165
clip_2.mp4,15,1,4:1:1,8,1,0,1,1.0,1.0,1.0,2.0308183834876545
clip_2.mp4,16,1,4:1:1,8,1,0,1,1.0,1.0,1.0,1.8714083397633745
clip_2.mp4,17,1,4:1:1,8,1,0,1,1.0,1.0,1.0,1.8839290766460906
clip_2.mp4,18,1,4:1:1,8,1,0,1,1.0,1.0,1.0,2.2320862268518518
clip_2.mp4,19,1,4:1:1,8,1,0,1,1.0,1.0,1.0,2.2485210905349793
clip_2.mp4,0,1,4:1:1,8,2,0,1,1.0,1.0,1.0,0.6666666666666666
clip_2.mp4,1,0,4:1:1,8,2,0,1,1036800.0,259200.0,259200.0,0.6666775977366255
clip_2.mp4,2,1,4:1:1,8,2,0,1,1.0,1.0,1.0,0.666676311728395
clip_2.mp4,3,0,4:1:1,8,2,0,1,142.82959085273453,89.84402079722703,34.39034098447658,2.7256719393004114
clip_2.mp4,4,1,4:1:1,8,2,0,1,1.0,1.0,1.0,0.726303208590535
clip_2.mp4,5,0,4:1:1,8,2,0,1,5544.385026737968,5289.7959183673465,8937.931034482759,0.7356380208333333
clip_2.mp4,6,1,4:1:1,8,2,0,1,1.0,1.0,1.0,1.0557314171810699
clip_2.mp4,7,0,4:1:1,8,2,0,1,83.13687755592976,154.93126120741184,126.37737688932228,1.753790670010288
clip_2.mp4,8,1,4:1:1,8,2,0,1,1.0,1.0,1.0,1.874554398148148
clip_2.mp4,9,0,4:1:1,8,2,0,1,236.33462502849326,308.20451843044,299.6531791907515,2.0865581597222222
clip_2.mp4,10,1,4:1:1,8,2,0,1,1.0,1.0,1.0,1.863716885288066
clip_2.mp4,11,0,4:1:1,8,2,0,1,4.281060190021595,2.686483629240384,1.3746652170454243,62.03280542695473
clip_2.mp4,12,1,4:1:1,8,2,0,1,1.0,1.0,1.0,2.3447471386316874
clip_2.mp4,13,0,4:1:1,8,2,0,1,3.5436704058404938,2.177291321914874,1.4395761248076955,66.6221211098251
clip_2.mp4,14,1,4:1:1,8,2,0,1,1.0,1.0,1.0,2.037260963220165
clip_2.mp4,15,0,4:1:1,8,2,0,1,76.20727673649394,72.62538526197814,61.67023554603854,3.023045267489712
clip_2.mp4,16,1,4:1:1,8,2,0,1,1.0,1.0,1.0,1.8714083397633745
clip_2.mp4,17,0,4:1:1,8,2,0,1,127.16791365141665,221.7279726261762,132.31240428790198,2.4637937242798356
clip_2.mp4,18,1,4:1:1,8,2,0,1,1.0,1.0,1.0,2.2320862268518518
clip_2.mp4,19,0,4:1:1,8,2,0,1,37.37024221453287,68.01364471267384,62.86684453068154,3.4455590920781893
clip_2.mp4,0,1,4:1:1,8,4,0,1,1.0,1.0,1.0,0.6666666666666666
clip_2.mp4,1,0,4:1:1,8,4,0,1,1036800.0,259200.0,259200.0,0.6666775977366255
clip_2.mp4,2,0,4:1:1,8,4,0,1,28021.62162162162,259200.0,259200.0,0.6684276941872428
clip_2.mp4,3,0,4:1:1,8,4,0,1,142.5546542004675,89.84402079722703,34.39034098447658,2.7265729488168726
clip_2.mp4,4,1,4:1:1,8,4,0,1,1.0,1.0,1.0,0.726303208590535
clip_2.mp4,5,0,4:1:1,8,4,0,1,5544.385026737968,5289.7959183673465,8937.931034482759,0.7356380208333333
clip_2.mp4,6,0,4:1:1,8,4,0,1,20.628320168719284,21.023602887501013,6.086078564887647,18.971147440843623
clip_2.mp4,7,0,4:1:1,8,4,0,1,20.646394647231016,20.86788503341116,6.117969174121368,19.010538676697532
clip_2.mp4,8,1,4:1:1,8,4,0,1,1.0,1.0,1.0,1.874554398148148
clip_2.mp4,9,0,4:1:1,8,4,0,1,236.33462502849326,308.20451843044,299.6531791907515,2.0865581597222222
clip_2.mp4,10,0,4:1:1,8,4,0,1,47.26692500569865,74.93495229835213,56.043243243243246,3.121129597479424
clip_2.mp4,11,0,4:1:1,8,4,0,1,4.277563010301963,2.6842023507482007,1.3734706097425273,62.046525688014405
clip_2.mp4,12,1,4:1:1,8,4,0,1,1.0,1.0,1.0,2.3447471386316874
clip_2.mp4,13,0,4:1:1,8,4,0,1,3.5436704058404938,2.177291321914874,1.4395761248076955,66.6221211098251
clip_2.mp4,14,0,4:1:1,8,4,0,1,3.5432223228474276,2.1781695644501213,1.4395601344033768,66.6557527970679
clip_2.mp4,15,0,4:1:1,8,4,0,1,3.542665404683234,2.1769255965128878,1.4388569081229912,66.61254951131687
clip_2.mp4,16,1,4:1:1,8,4,0,1,1.0,1.0,1.0,1.8714083397633745
clip_2.mp4,17,0,4:1:1,8,4,0,1,127.16791365141665,221.7279726261762,132.31240428790198,2.4637937242798356
clip_2.mp4,18,0,4:1:1,8,4,0,1,3.4474044715176824,2.0314594060802706,1.6837182110494007,67.03331548996914
clip_2.mp4,19,0,4:1:1,8,4,0,1,3.451685393258427,2.030981876307562,1.6842980791724067,67.05011702674896
clip_2.mp4,0,1,4:1:1,8,6,0,1,1.0,1.0,1.0,0.6666666666666666
clip_2.mp4,1,0,4:1:1,8,6,0,1,1036800.0,259200.0,259200.0,0.6666775977366255
clip_2.mp4,2,0,4:1:1,8,6,0,1,28021.62162162162,259200.0,259200.0,0.6684276941872428
clip_2.mp4,3,0,4:1:1,8,6,0,1,142.5546542004675,89.84402079722703,34.39034098447658,2.7265729488168726
clip_2.mp4,4,0,4:1:1,8,6,0,1,144.66303892842194,86.60207150016706,34.0470248259556,2.746027842078189
clip_2.mp4,5,0,4:1:1,8,6,0,1,143.1846430051098,85.34738228514982,34.06492311736102,2.749267939814815
clip_2.mp4,6,1,4:1:1,8,6,0,1,1.0,1.0,1.0,1.0557314171810699
clip_2.mp4,7,0,4:1:1,8,6,0,1,83.13687755592976,154.93126120741184,126.37737688932228,1.753790670010288
clip_2.mp4,8,0,4:1:1,8,6,0,1,7.3597160603371785,5.53066188708232,2.2561299363722616,42.63434333204732
clip_2.mp4,9,0,4:1:1,8,6,0,1,7.358828038497572,5.510907003444317,2.2604191193783847,42.63220791538066
clip_2.mp4,10,0,4:1:1,8,6,0,1,7.382249279077219,5.503184713375796,2.258174119860955,42.650479198816875
clip_2.mp4,11,0,4:1:1,8,6,0,1,5.087989635576668,3.2302688151942274,1.7087931648273407,61.680044528034976
clip_2.mp4,12,1,4:1:1,8,6,0,1,1.0,1.0,1.0,2.3447471386316874
clip_2.mp4,13,0,4:1:1,8,6,0,1,3.5436704058404938,2.177291321914874,1.4395761248076955,66.6221211098251
clip_2.mp4,14,0,4:1:1,8,6,0,1,3.5432223228474276,2.1781695644501213,1.4395601344033768,66.6557527970679
clip_2.mp4,15,0,4:1:1,8,6,0,1,3.542665404683234,2.1769255965128878,1.4388569081229912,66.61254951131687
clip_2.mp4,16,0,4:1:1,8,6,0,1,3.4972323696380325,2.175810892485394,1.4404081156327626,67.90607237011316
clip_2.mp4,17,0,4:1:1,8,6,0,1,3.495805572788822,2.1767244999076234,1.4403440821974138,67.91103668338478
clip_2.mp4,18,1,4:1:1,8,6,0,1,1.0,1.0,1.0,2.2320862268518518
clip_2.mp4,19,0,4:1:1,8,6,0,1,37.37024221453287,68.01364471267384,62.86684453068154,3.4455590920781893
clip_2.mp4,0,1,4:1:1,8,8,0,1,1.0,1.0,1.0,0.6666666666666666
clip_2.mp4,1,0,4:1:1,8,8,0,1,1036800.0,259200.0,259200.0,0.6666775977366255
clip_2.mp4,2,0,4:1:1,8,8,0,1,28021.62162162162,259200.0,259200.0,0.6684276941872428
clip_2.mp4,3,0,4:1:1,8,8,0,1,142.5546542004675,89.84402079722703,34.39034098447658,2.7265729488168726
clip_2.mp4,4,0,4:1:1,8,8,0,1,144.66303892842194,86.60207150016706,34.0470248259556,2.746027842078189
clip_2.mp4,5,0,4:1:1,8,8,0,1,143.1846430051098,85.34738228514982,34.06492311736102,2.749267939814815
clip_2.mp4,6,0,4:1:1,8,8,0,1,22.752309684215145,22.533252195079545,6.992365588497127,19.233700649434155
clip_2.mp4,7,0,4:1:1,8,8,0,1,22.776301047868017,22.369897298696817,7.033348709738692,19.276077031893003
clip_2.mp4,8,1,4:1:1,8,8,0,1,1.0,1.0,1.0,1.874554398148148
clip_2.mp4,9,0,4:1:1,8,8,0,1,236.33462502849326,308.20451843044,299.6531791907515,2.0865581597222222
clip_2.mp4,10,0,4:1:1,8,8,0,1,47.26692500569865,74.93495229835213,56.043243243243246,3.121129597479424
clip_2.mp4,11,0,4:1:1,8,8,0,1,4.277563010301963,2.6842023507482007,1.3734706097425273,62.046525688014405
clip_2.mp4,12,0,4:1:1,8,8,0,1,4.274723553034113,2.681813949157277,1.3733687272496067,62.04769209747943
clip_2.mp4,13,0,4:1:1,8,8,0,1,4.108530510832049,2.5480963007382793,1.4725766682952879,64.94081774048354
clip_2.mp4,14,0,4:1:1,8,8,0,1,4.109572751883753,2.5492490927151668,1.4732043900581437,64.95387988683127
clip_2.mp4,15,0,4:1:1,8,8,0,1,4.107911930298624,2.547194842716615,1.4730620595589907,64.93212255658436
clip_2.mp4,16,1,4:1:1,8,8,0,1,1.0,1.0,1.0,1.8714083397633745
clip_2.mp4,17,0,4:1:1,8,8,0,1,127.16791365141665,221.7279726261762,132.31240428790198,2.4637937242798356
clip_2.mp4,18,0,4:1:1,8,8,0,1,3.4474044715176824,2.0314594060802706,1.6837182110494007,67.03331548996914
clip_2.mp4,19,0,4:1:1,8,8,0,1,3.451685393258427,2.030981876307562,1.6842980791724067,67.05011702674896
clip_2.mp4,0,1,4:1:1,8,10,0,1,1.0,1.0,1.0,0.6666666666666666
clip_2.mp4,1,0,4:1:1,8,10,0,1,1036800.0,259200.0,259200.0,0.6666775977366255
clip_2.mp4,2,0,4:1:1,8,10,0,1,28021.62162162162,259200.0,259200.0,0.6684276941872428
clip_2.mp4,3,0,4:1:1,8,10,0,1,142.5546542004675,89.84402079722703,34.39034098447658,2.7265729488168726
clip_2.mp4,4,0,4:1:1,8,10,0,1,144.66303892842194,86.60207150016706,34.0470248259556,2.746027842078189
clip_2.mp4,5,0,4:1:1,8,10,0,1,143.1846430051098,85.34738228514982,34.06492311736102,2.749267939814815
clip_2.mp4,6,0,4:1:1,8,10,0,1,22.752309684215145,22.533252195079545,6.992365588497127,19.233700649434155
clip_2.mp4,7,0,4:1:1,8,10,0,1,22.776301047868017,22.369897298696817,7.033348709738692,19.276077031893003
clip_2.mp4,8,0,4:1:1,8,10,0,1,9.351071025930102,5.96547756041427,2.9593432815372145,43.58223733281893
clip_2.mp4,9,0,4:1:1,8,10,0,1,9.34955317287836,5.94604514589833,2.967066930711203,43.582412712191356
clip_2.mp4,10,1,4:1:1,8,10,0,1,1.0,1.0,1.0,1.863716885288066
clip_2.mp4,11,0,4:1:1,8,10,0,1,4.281060190021595,2.686483629240384,1.3746652170454243,62.03280542695473
clip_2.mp4,12,0,4:1:1,8,10,0,1,4.278286704629859,2.684091167973159,1.3745340000954538,62.031240676440326
clip_2.mp4,13,0,4:1:1,8,10,0,1,4.1123600853568565,2.5508798173444083,1.473380248064483,64.99632073045268
clip_2.mp4,14,0,4:1:1,8,10,0,1,4.113012638945088,2.552135641283157,1.4738913118883663,65.00919479809671
clip_2.mp4,15,0,4:1:1,8,10,0,1,4.111577294321994,2.550076738420369,1.4738494080720548,64.98753359696502
clip_2.mp4,16,0,4:1:1,8,10,0,1,3.970861961991865,2.48659330960581,1.5195305401016537,67.12662101337449
clip_2.mp4,17,0,4:1:1,8,10,0,1,3.9686883959501618,2.4884553719722353,1.519316776375562,67.14050025720165
clip_2.mp4,18,0,4:1:1,8,10,0,1,3.944379981358544,2.37824347634602,1.5986677768526227,68.01303160365227
clip_2.mp4,19,0,4:1:1,8,10,0,1,3.9517767368112118,2.378767299291509,1.599585292701892,68.07698222093622
clip_2.mp4,0,1,4:1:1,16,1,0,1,1.0,1.0,1.0,0.6666666666666666
clip_2.mp4,1,1,4:1:1,16,1,0,1,1.0,1.0,1.0,0.666676311728395
clip_2.mp4,2,1,4:1:1,16,1,0,1,1.0,1.0,1.0,0.666676311728395
clip_2.mp4,3,1,4:1:1,16,1,0,1,1.0,1.0,1.0,0.7254568544238683
clip_2.mp4,4,1,4:1:1,16,1,0,1,1.0,1.0,1.0,0.726303208590535
clip_2.mp4,5,1,4:1:1,16,1,0,1,1.0,1.0,1.0,0.7262639853395062
clip_2.mp4,6,1,4:1:1,16,1,0,1,1.0,1.0,1.0,1.0557314171810699
clip_2.mp4,7,1,4:1:1,16,1,0,1,1.0,1.0,1.0,1.0528954475308643
clip_2.mp4,8,1,4:1:1,16,1,0,1,1.0,1.0,1.0,1.874554398148148
clip_2.mp4,9,1,4:1:1,16,1,0,1,1.0,1.0,1.0,1.8697172389403292
clip_2.mp4,10,1,4:1:1,16,1,0,1,1.0,1.0,1.0,1.863716885288066
clip_2.mp4,11,1,4:1:1,16,1,0,1,1.0,1.0,1.0,2.337728587962963
clip_2.mp4,12,1,4:1:1,16,1,0,1,1.0,1.0,1.0,2.3447471386316874
clip_2.mp4,13,1,4:1:1,16,1,0,1,1.0,1.0,1.0,2.024083236882716
clip_2.mp4,14,1,4:1:1,16,1,0,1,1.0,1.0,1.0,2.037260963220165
clip_2.mp4,15,1,4:1:1,16,1,0,1,1.0,1.0,1.0,2.0308183834876545
clip_2.mp4,16,1,4:1:1,16,1,0,1,1.0,1.0,1.0,1.8714083397633745
clip_2.mp4,17,1,4:1:1,16,1,0,1,1.0,1.0,1.0,1.8839290766460906
clip_2.mp4,18,1,4:1:1,16,1,0,1,1.0,1.0,1.0,2.2320862268518518
clip_2.mp4,19,1,4:1:1,16,1,0,1,1.0,1.0,1.0,2.2485210905349793
clip_2.mp4,0,1,4:1:1,16,2,0,1,1.0,1.0,1.0,0.6666666666666666
clip_2.mp4,1,0,4:1:1,16,2,0,1,1036800.0,259200.0,259200.0,0.6666775977366255
clip_2.mp4,2,1,4:1:1,16,2,0,1,1.0,1.0,1.0,0.666676311728395
clip_2.mp4,3,0,4:1:1,16,2,0,1,234.09347482501693,97.99621928166351,62.50301422715216,8.529525141460905
clip_2.mp4,4,1,4:1:1,16,2,0,1,1.0,1.0,1.0,0.726303208590535
clip_2.mp4,5,0,4:1:1,16,2,0,1,5544.385026737968,5289.7959183673465,8937.931034482759,0.7540359760802469
clip_2.mp4,6,1,4:1:1,16,2,0,1,1.0,1.0,1.0,1.0557314171810699
clip_2.mp4,7,0,4:1:1,16,2,0,1,83.13687755592976,154.93126120741184,129.01941264310602,3.679494759516461
clip_2.mp4,8,1,4:1:1,16,2,0,1,1.0,1.0,1.0,1.874554398148148
clip_2.mp4,9,0,4:1:1,16,2,0,1,236.33462502849326,308.20451843044,301.0452961672474,2.6297059863683128
clip_2.mp4,10,1,4:1:1,16,2,0,1,1.0,1.0,1.0,1.863716885288066
clip_2.mp4,11,0,4:1:1,16,2,0,1,8.144092626485582,4.438736193167223,2.3216860886934247,255.73788596322015
clip_2.mp4,12,1,4:1:1,16,2,0,1,1.0,1.0,1.0,2.3447471386316874
clip_2.mp4,13,0,4:1:1,16,2,0,1,6.830714497479988,3.5467494971333178,2.375148904975717,271.30577481995886
clip_2.mp4,14,1,4:1:1,16,2,0,1,1.0,1.0,1.0,2.037260963220165
clip_2.mp4,15,0,4:1:1,16,2,0,1,76.20727673649394,72.62538526197814,61.67023554603854,6.321871141975309
clip_2.mp4,16,1,4:1:1,16,2,0,1,1.0,1.0,1.0,1.8714083397633745
clip_2.mp4,17,0,4:1:1,16,2,0,1,127.48063445223166,222.10796915167094,132.31240428790198,4.431019804526749
clip_2.mp4,18,1,4:1:1,16,2,0,1,1.0,1.0,1.0,2.2320862268518518
clip_2.mp4,19,0,4:1:1,16,2,0,1,37.37024221453287,68.01364471267384,62.98906439854192,7.482545171039095
clip_2.mp4,0,1,4:1:1,16,4,0,1,1.0,1.0,1.0,0.6666666666666666
clip_2.mp4,1,0,4:1:1,16,4,0,1,1036800.0,259200.0,259200.0,0.6666775977366255
clip_2.mp4,2,0,4:1:1,16,4,0,1,28021.62162162162,259200.0,259200.0,0.6722937564300412
clip_2.mp4,3,0,4:1:1,16,4,0,1,233.35584064821066,97.99621928166351,62.50301422715216,8.532681005658436
clip_2.mp4,4,1,4:1:1,16,4,0,1,1.0,1.0,1.0,0.726303208590535
clip_2.mp4,5,0,4:1:1,16,4,0,1,5544.385026737968,5289.7959183673465,8937.931034482759,0.7540359760802469
clip_2.mp4,6,0,4:1:1,16,4,0,1,37.607457651710256,31.30056756430383,10.856544502617801,72.43445119598765
clip_2.mp4,7,0,4:1:1,16,4,0,1,37.64022508622254,30.956646363310643,10.98537825810553,72.63374356995885
clip_2.mp4,8,1,4:1:1,16,4,0,1,1.0,1.0,1.0,1.874554398148148
clip_2.mp4,9,0,4:1:1,16,4,0,1,236.33462502849326,308.20451843044,301.0452961672474,2.6297059863683128
clip_2.mp4,10,0,4:1:1,16,4,0,1,47.27123512515388,74.93495229835213,56.23779561727056,6.840510706018518
clip_2.mp4,11,0,4:1:1,16,4,0,1,8.141342756183745,4.437216468372849,2.31931780559607,255.72862959747943
clip_2.mp4,12,1,4:1:1,16,4,0,1,1.0,1.0,1.0,2.3447471386316874
clip_2.mp4,13,0,4:1:1,16,4,0,1,6.830714497479988,3.5467494971333178,2.375148904975717,271.30577481995886
clip_2.mp4,14,0,4:1:1,16,4,0,1,6.83111954459203,3.5500527303356937,2.374191657354315,271.357667341821
clip_2.mp4,15,0,4:1:1,16,4,0,1,6.828510083380534,3.5446153846153847,2.3733655642237115,271.27411040380656
clip_2.mp4,16,1,4:1:1,16,4,0,1,1.0,1.0,1.0,1.8714083397633745
clip_2.mp4,17,0,4:1:1,16,4,0,1,127.48063445223166,222.10796915167094,132.31240428790198,4.431019804526749
clip_2.mp4,18,0,4:1:1,16,4,0,1,6.637941521066885,3.2744637307663154,2.8638985260645704,273.2637532150206
clip_2.mp4,19,0,4:1:1,16,4,0,1,6.640832666132907,3.275787983722165,2.8645315297394074,273.334642811214
clip_2.mp4,0,1,4:1:1,16,6,0,1,1.0,1.0,1.0,0.6666666666666666
clip_2.mp4,1,0,4:1:1,16,6,0,1,1036800.0,259200.0,259200.0,0.6666775977366255
clip_2.mp4,2,0,4:1:1,16,6,0,1,28021.62162162162,259200.0,259200.0,0.6722937564300412
clip_2.mp4,3,0,4:1:1,16,6,0,1,233.35584064821066,97.99621928166351,62.50301422715216,8.532681005658436
clip_2.mp4,4,0,4:1:1,16,6,0,1,239.05925755130275,94.15183436251363,61.320085166784956,8.637354038065844
clip_2.mp4,5,0,4:1:1,16,6,0,1,235.1553640281243,92.67071862710047,61.37816717973005,8.643421103395061
clip_2.mp4,6,1,4:1:1,16,6,0,1,1.0,1.0,1.0,1.0557314171810699
clip_2.mp4,7,0,4:1:1,16,6,0,1,83.13687755592976,154.93126120741184,129.01941264310602,3.679494759516461
clip_2.mp4,8,0,4:1:1,16,6,0,1,14.135740190330761,9.757199322416714,3.9151121516501775,169.6611701067387
clip_2.mp4,9,0,4:1:1,16,6,0,1,14.128420364112069,9.69443093839997,3.9315020704090764,169.71235355581277
clip_2.mp4,10,0,4:1:1,16,6,0,1,14.17439094413912,9.684289183635345,3.9231712300776462,169.79045171039095
clip_2.mp4,11,0,4:1:1,16,6,0,1,9.3870529651426,5.129524450337416,2.951122041192745,260.86206934799384
clip_2.mp4,12,1,4:1:1,16,6,0,1,1.0,1.0,1.0,2.3447471386316874
clip_2.mp4,13,0,4:1:1,16,6,0,1,6.830714497479988,3.5467494971333178,2.375148904975717,271.30577481995886
clip_2.mp4,14,0,4:1:1,16,6,0,1,6.83111954459203,3.5500527303356937,2.374191657354315,271.357667341821
clip_2.mp4,15,0,4:1:1,16,6,0,1,6.828510083380534,3.5446153846153847,2.3733655642237115,271.27411040380656
clip_2.mp4,16,0,4:1:1,16,6,0,1,6.932844753224695,3.876119693140524,2.489267913221355,284.8696772119342
clip_2.mp4,17,0,4:1:1,16,6,0,1,6.928443505920718,3.8784396462719397,2.490224523715738,284.8638715277778
clip_2.mp4,18,1,4:1:1,16,6,0,1,1.0,1.0,1.0,2.2320862268518518
clip_2.mp4,19,0,4:1:1,16,6,0,1,37.37024221453287,68.01364471267384,62.98906439854192,7.482545171039095
clip_2.mp4,0,1,4:1:1,16,8,0,1,1.0,1.0,1.0,0.6666666666666666
clip_2.mp4,1,0,4:1:1,16,8,0,1,1036800.0,259200.0,259200.0,0.6666775977366255
clip_2.mp4,2,0,4:1:1,16,8,0,1,28021.62162162162,259200.0,259200.0,0.6722937564300412
clip_2.mp4,3,0,4:1:1,16,8,0,1,233.35584064821066,97.99621928166351,62.50301422715216,8.532681005658436
clip_2.mp4,4,0,4:1:1,16,8,0,1,239.05925755130275,94.15183436251363,61.320085166784956,8.637354038065844
clip_2.mp4,5,0,4:1:1,16,8,0,1,235.1553640281243,92.67071862710047,61.37816717973005,8.643421103395061
clip_2.mp4,6,0,4:1:1,16,8,0,1,41.12490579508945,32.67364174965335,12.496986644809796,73.12284223894034
clip_2.mp4,7,0,4:1:1,16,8,0,1,41.1837140019861,32.331295996008485,12.670479542454906,73.32067370756172
clip_2.mp4,8,1,4:1:1,16,8,0,1,1.0,1.0,1.0,1.874554398148148
clip_2.mp4,9,0,4:1:1,16,8,0,1,236.33462502849326,308.20451843044,301.0452961672474,2.6297059863683128
clip_2.mp4,10,0,4:1:1,16,8,0,1,47.27123512515388,74.93495229835213,56.23779561727056,6.840510706018518
clip_2.mp4,11,0,4:1:1,16,8,0,1,8.141342756183745,4.437216468372849,2.31931780559607,255.72862959747943
clip_2.mp4,12,0,4:1:1,16,8,0,1,8.13291288181861,4.430844971708918,2.3192762998953103,255.68281507201647
clip_2.mp4,13,0,4:1:1,16,8,0,1,7.898586055582642,4.196143821534377,2.530582756499751,270.73282053755145
clip_2.mp4,14,0,4:1:1,16,8,0,1,7.898766579562856,4.200495891876124,2.5321154691544963,270.74642827289097
clip_2.mp4,15,0,4:1:1,16,8,0,1,7.896119721259662,4.195600446753751,2.5320659978313325,270.7005975115741
clip_2.mp4,16,1,4:1:1,16,8,0,1,1.0,1.0,1.0,1.8714083397633745
clip_2.mp4,17,0,4:1:1,16,8,0,1,127.48063445223166,222.10796915167094,132.31240428790198,4.431019804526749
clip_2.mp4,18,0,4:1:1,16,8,0,1,6.637941521066885,3.2744637307663154,2.8638985260645704,273.2637532150206
clip_2.mp4,19,0,4:1:1,16,8,0,1,6.640832666132907,3.275787983722165,2.8645315297394074,273.334642811214
clip_2.mp4,0,1,4:1:1,16,10,0,1,1.0,1.0,1.0,0.6666666666666666
clip_2.mp4,1,0,4:1:1,16,10,0,1,1036800.0,259200.0,259200.0,0.6666775977366255
clip_2.mp4,2,0,4:1:1,16,10,0,1,28021.62162162162,259200.0,259200.0,0.6722937564300412
clip_2.mp4,3,0,4:1:1,16,10,0,1,233.35584064821066,97.99621928166351,62.50301422715216,8.532681005658436
clip_2.mp4,4,0,4:1:1,16,10,0,1,239.05925755130275,94.15183436251363,61.320085166784956,8.637354038065844
clip_2.mp4,5,0,4:1:1,16,10,0,1,235.1553640281243,92.67071862710047,61.37816717973005,8.643421103395061
clip_2.mp4,6,0,4:1:1,16,10,0,1,41.12490579508945,32.67364174965335,12.496986644809796,73.12284223894034
clip_2.mp4,7,0,4:1:1,16,10,0,1,41.1837140019861,32.331295996008485,12.670479542454906,73.32067370756172
clip_2.mp4,8,0,4:1:1,16,10,0,1,17.82331402245105,10.042230056952462,5.126075348561257,167.56172678755144
clip_2.mp4,9,0,4:1:1,16,10,0,1,17.809230980641395,9.981131348916016,5.154618673560704,167.61726385673867
clip_2.mp4,10,1,4:1:1,16,10,0,1,1.0,1.0,1.0,1.863716885288066
clip_2.mp4,11,0,4:1:1,16,10,0,1,8.144092626485582,4.438736193167223,2.3216860886934247,255.73788596322015
clip_2.mp4,12,0,4:1:1,16,10,0,1,8.135784740695403,4.432360334479044,2.3216444981862154,255.68493409207818
clip_2.mp4,13,0,4:1:1,16,10,0,1,7.909914858555342,4.2019940017832536,2.5332043275573928,270.83830295138887
clip_2.mp4,14,0,4:1:1,16,10,0,1,7.90925110804275,4.206358222034696,2.5344923681663065,270.84964104295267
clip_2.mp4,15,0,4:1:1,16,10,0,1,7.907200219644451,4.201721538685989,2.5344428039229108,270.80868618184155
clip_2.mp4,16,0,4:1:1,16,10,0,1,7.785888077858881,4.295729130413165,2.637201636041756,274.7781065136317
clip_2.mp4,17,0,4:1:1,16,10,0,1,7.783374747573326,4.300004976857612,2.6375236583430004,274.7700462962963
clip_2.mp4,18,0,4:1:1,16,10,0,1,7.6843829443460345,4.131138134931387,2.7876363167064593,280.6052895126029
clip_2.mp4,19,0,4:1:1,16,10,0,1,7.705055699645514,4.134432871293446,2.7906976744186047,280.73216660236625
clip_2.mp4,0,1,4:1:1,32,1,0,1,1.0,1.0,1.0,0.6666666666666666
clip_2.mp4,1,1,4:1:1,32,1,0,1,1.0,1.0,1.0,0.666676311728395
clip_2.mp4,2,1,4:1:1,32,1,0,1,1.0,1.0,1.0,0.666676311728395
clip_2.mp4,3,1,4:1:1,32,1,0,1,1.0,1.0,1.0,0.7254568544238683
clip_2.mp4,4,1,4:1:1,32,1,0,1,1.0,1.0,1.0,0.726303208590535
clip_2.mp4,5,1,4:1:1,32,1,0,1,1.0,1.0,1.0,0.7262639853395062
clip_2.mp4,6,1,4:1:1,32,1,0,1,1.0,1.0,1.0,1.0557314171810699
clip_2.mp4,7,1,4:1:1,32,1,0,1,1.0,1.0,1.0,1.0528954475308643
clip_2.mp4,8,1,4:1:1,32,1,0,1,1.0,1.0,1.0,1.874554398148148
clip_2.mp4,9,1,4:1:1,32,1,0,1,1.0,1.0,1.0,1.8697172389403292
clip_2.mp4,10,1,4:1:1,32,1,0,1,1.0,1.0,1.0,1.863716885288066
clip_2.mp4,11,1,4:1:1,32,1,0,1,1.0,1.0,1.0,2.337728587962963
clip_2.mp4,12,1,4:1:1,32,1,0,1,1.0,1.0,1.0,2.3447471386316874
clip_2.mp4,13,1,4:1:1,32,1,0,1,1.0,1.0,1.0,2.024083236882716
clip_2.mp4,14,1,4:1:1,32,1,0,1,1.0,1.0,1.0,2.037260963220165
clip_2.mp4,15,1,4:1:1,32,1,0,1,1.0,1.0,1.0,2.0308183834876545
clip_2.mp4,16,1,4:1:1,32,1,0,1,1.0,1.0,1.0,1.8714083397633745
clip_2.mp4,17,1,4:1:1,32,1,0,1,1.0,1.0,1.0,1.8839290766460906
clip_2.mp4,18,1,4:1:1,32,1,0,1,1.0,1.0,1.0,2.2320862268518518
clip_2.mp4,19,1,4:1:1,32,1,0,1,1.0,1.0,1.0,2.2485210905349793
clip_2.mp4,0,1,4:1:1,32,2,0,1,1.0,1.0,1.0,0.6666666666666666
clip_2.mp4,1,0,4:1:1,32,2,0,1,1036800.0,259200.0,259200.0,0.6666775977366255
clip_2.mp4,2,1,4:1:1,32,2,0,1,1.0,1.0,1.0,0.666676311728395
clip_2.mp4,3,0,4:1:1,32,2,0,1,338.4916748285994,97.99621928166351,99.96143463170073,27.403496334876543
clip_2.mp4,4,1,4:1:1,32,2,0,1,1.0,1.0,1.0,0.726303208590535
clip_2.mp4,5,0,4:1:1,32,2,0,1,5544.385026737968,5289.7959183673465,8937.931034482759,0.8090152391975308
clip_2.mp4,6,1,4:1:1,32,2,0,1,1.0,1.0,1.0,1.0557314171810699
clip_2.mp4,7,0,4:1:1,32,2,0,1,83.13687755592976,154.93126120741184,129.01941264310602,10.725997620884774
clip_2.mp4,8,1,4:1:1,32,2,0,1,1.0,1.0,1.0,1.874554398148148
clip_2.mp4,9,0,4:1:1,32,2,0,1,236.33462502849326,308.20451843044,301.0452961672474,4.543133519804527
clip_2.mp4,10,1,4:1:1,32,2,0,1,1.0,1.0,1.0,1.863716885288066
clip_2.mp4,11,0,4:1:1,32,2,0,1,14.849187935034802,6.046045112080427,4.211141979821611,997.5994259580762
clip_2.mp4,12,1,4:1:1,32,2,0,1,1.0,1.0,1.0,2.3447471386316874
clip_2.mp4,13,0,4:1:1,32,2,0,1,12.328473923279983,4.850571701255684,4.158177588834523,1046.033448591821
clip_2.mp4,14,1,4:1:1,32,2,0,1,1.0,1.0,1.0,2.037260963220165
clip_2.mp4,15,0,4:1:1,32,2,0,1,76.20727673649394,72.62538526197814,61.67023554603854,19.29845084233539
clip_2.mp4,16,1,4:1:1,32,2,0,1,1.0,1.0,1.0,1.8714083397633745
clip_2.mp4,17,0,4:1:1,32,2,0,1,127.48063445223166,222.10796915167094,132.31240428790198,12.33848331404321
clip_2.mp4,18,1,4:1:1,32,2,0,1,1.0,1.0,1.0,2.2320862268518518
clip_2.mp4,19,0,4:1:1,32,2,0,1,37.37024221453287,68.01364471267384,62.98906439854192,23.754510030864196
clip_2.mp4,0,1,4:1:1,32,4,0,1,1.0,1.0,1.0,0.6666666666666666
clip_2.mp4,1,0,4:1:1,32,4,0,1,1036800.0,259200.0,259200.0,0.6666775977366255
clip_2.mp4,2,0,4:1:1,32,4,0,1,28021.62162162162,259200.0,259200.0,0.681429558899177
clip_2.mp4,3,0,4:1:1,32,4,0,1,336.95157621059474,97.99621928166351,99.96143463170073,27.411909400720166
clip_2.mp4,4,1,4:1:1,32,4,0,1,1.0,1.0,1.0,0.726303208590535
clip_2.mp4,5,0,4:1:1,32,4,0,1,5544.385026737968,5289.7959183673465,8937.931034482759,0.8090152391975308
clip_2.mp4,6,0,4:1:1,32,4,0,1,72.17542638357118,35.59950556242274,19.06863826969764,267.6643325617284
clip_2.mp4,7,0,4:1:1,32,4,0,1,72.18547657174685,35.15529635155296,19.475542865729956,268.1936154513889
clip_2.mp4,8,1,4:1:1,32,4,0,1,1.0,1.0,1.0,1.874554398148148
clip_2.mp4,9,0,4:1:1,32,4,0,1,236.33462502849326,308.20451843044,301.0452961672474,4.543133519804527
clip_2.mp4,10,0,4:1:1,32,4,0,1,47.27123512515388,74.93495229835213,56.23779561727056,20.52686422968107
clip_2.mp4,11,0,4:1:1,32,4,0,1,14.849187935034802,6.046045112080427,4.2075872928266485,997.5304168274176
clip_2.mp4,12,1,4:1:1,32,4,0,1,1.0,1.0,1.0,2.3447471386316874
clip_2.mp4,13,0,4:1:1,32,4,0,1,12.328473923279983,4.850571701255684,4.158177588834523,1046.033448591821
clip_2.mp4,14,0,4:1:1,32,4,0,1,12.327740984269289,4.854750800696746,4.156710553746973,1046.0730656828703
clip_2.mp4,15,0,4:1:1,32,4,0,1,12.327154695804154,4.844950372904166,4.153513340277222,1045.9678993055556
clip_2.mp4,16,1,4:1:1,32,4,0,1,1.0,1.0,1.0,1.8714083397633745
clip_2.mp4,17,0,4:1:1,32,4,0,1,127.48063445223166,222.10796915167094,132.31240428790198,12.33848331404321
clip_2.mp4,18,0,4:1:1,32,4,0,1,11.662542182227222,4.552000280987672,4.512142048916354,1107.2667785493827
clip_2.mp4,19,0,4:1:1,32,4,0,1,11.662410996501727,4.555520404935147,4.511749347258486,1107.346719232253
clip_2.mp4,0,1,4:1:1,32,6,0,1,1.0,1.0,1.0,0.6666666666666666
clip_2.mp4,1,0,4:1:1,32,6,0,1,1036800.0,259200.0,259200.0,0.6666775977366255
clip_2.mp4,2,0,4:1:1,32,6,0,1,28021.62162162162,259200.0,259200.0,0.681429558899177
clip_2.mp4,3,0,4:1:1,32,6,0,1,336.95157621059474,97.99621928166351,99.96143463170073,27.411909400720166
clip_2.mp4,4,0,4:1:1,32,6,0,1,348.5042016806723,94.15183436251363,96.96969696969697,27.731824524176954
clip_2.mp4,5,0,4:1:1,32,6,0,1,340.4926108374384,92.67071862710047,97.11502435369052,27.748953189300412
clip_2.mp4,6,1,4:1:1,32,6,0,1,1.0,1.0,1.0,1.0557314171810699
clip_2.mp4,7,0,4:1:1,32,6,0,1,83.13687755592976,154.93126120741184,129.01941264310602,10.725997620884774
clip_2.mp4,8,0,4:1:1,32,6,0,1,26.464507236388698,12.71273726028741,6.923261839258527,663.364184992284
clip_2.mp4,9,0,4:1:1,32,6,0,1,26.441559766392086,12.606390739750012,6.971677559912854,663.469894225823
clip_2.mp4,10,0,4:1:1,32,6,0,1,26.553976181329237,12.581913499344692,6.936601814435197,663.6291229423869
clip_2.mp4,11,0,4:1:1,32,6,0,1,18.311550688802544,7.04137350248567,5.002798633494818,1011.4770521476338
clip_2.mp4,12,1,4:1:1,32,6,0,1,1.0,1.0,1.0,2.3447471386316874
clip_2.mp4,13,0,4:1:1,32,6,0,1,12.328473923279983,4.850571701255684,4.158177588834523,1046.033448591821
clip_2.mp4,14,0,4:1:1,32,6,0,1,12.327740984269289,4.854750800696746,4.156710553746973,1046.0730656828703
clip_2.mp4,15,0,4:1:1,32,6,0,1,12.327154695804154,4.844950372904166,4.153513340277222,1045.9678993055556
clip_2.mp4,16,0,4:1:1,32,6,0,1,13.610050013783326,6.279221880375009,5.078469405748545,1060.2528716563786
clip_2.mp4,17,0,4:1:1,32,6,0,1,13.603978323907995,6.285922153510367,5.080858571008527,1060.1053526877572
clip_2.mp4,18,1,4:1:1,32,6,0,1,1.0,1.0,1.0,2.2320862268518518
clip_2.mp4,19,0,4:1:1,32,6,0,1,37.37024221453287,68.01364471267384,62.98906439854192,23.754510030864196
clip_2.mp4,0,1,4:1:1,32,8,0,1,1.0,1.0,1.0,0.6666666666666666
clip_2.mp4,1,0,4:1:1,32,8,0,1,1036800.0,259200.0,259200.0,0.6666775977366255
clip_2.mp4,2,0,4:1:1,32,8,0,1,28021.62162162162,259200.0,259200.0,0.681429558899177
clip_2.mp4,3,0,4:1:1,32,8,0,1,336.95157621059474,97.99621928166351,99.96143463170073,27.411909400720166
clip_2.mp4,4,0,4:1:1,32,8,0,1,348.5042016806723,94.15183436251363,96.96969696969697,27.731824524176954
clip_2.mp4,5,0,4:1:1,32,8,0,1,340.4926108374384,92.67071862710047,97.11502435369052,27.748953189300412
clip_2.mp4,6,0,4:1:1,32,8,0,1,78.46817528191932,35.61907379414594,21.9122495561755,266.2808286715535
clip_2.mp4,7,0,4:1:1,32,8,0,1,78.52760736196319,35.21260698274691,22.451277609354698,266.80322579089506
clip_2.mp4,8,1,4:1:1,32,8,0,1,1.0,1.0,1.0,1.874554398148148
clip_2.mp4,9,0,4:1:1,32,8,0,1,236.33462502849326,308.20451843044,301.0452961672474,4.543133519804527
clip_2.mp4,10,0,4:1:1,32,8,0,1,47.27123512515388,74.93495229835213,56.23779561727056,20.52686422968107
clip_2.mp4,11,0,4:1:1,32,8,0,1,14.849187935034802,6.046045112080427,4.2075872928266485,997.5304168274176
clip_2.mp4,12,0,4:1:1,32,8,0,1,14.821168196243246,6.03366000139668,4.2073141039167625,997.5359088863169
clip_2.mp4,13,0,4:1:1,32,8,0,1,14.877100342942418,6.149320300823231,4.709387888588092,1030.817394386574
clip_2.mp4,14,0,4:1:1,32,8,0,1,14.876886873672731,6.156915841231383,4.715899787129524,1030.8221518132716
clip_2.mp4,15,0,4:1:1,32,8,0,1,14.874325720188224,6.142325647527192,4.713327150728275,1030.7024535429528
clip_2.mp4,16,1,4:1:1,32,8,0,1,1.0,1.0,1.0,1.8714083397633745
clip_2.mp4,17,0,4:1:1,32,8,0,1,127.48063445223166,222.10796915167094,132.31240428790198,12.33848331404321
clip_2.mp4,18,0,4:1:1,32,8,0,1,11.662542182227222,4.552000280987672,4.512142048916354,1107.2667785493827
clip_2.mp4,19,0,4:1:1,32,8,0,1,11.662410996501727,4.555520404935147,4.511749347258486,1107.346719232253
clip_2.mp4,0,1,4:1:1,32,10,0,1,1.0,1.0,1.0,0.6666666666666666
clip_2.mp4,1,0,4:1:1,32,10,0,1,1036800.0,259200.0,259200.0,0.6666775977366255
clip_2.mp4,2,0,4:1:1,32,10,0,1,28021.62162162162,259200.0,259200.0,0.681429558899177
clip_2.mp4,3,0,4:1:1,32,10,0,1,336.95157621059474,97.99621928166351,99.96143463170073,27.411909400720166
clip_2.mp4,4,0,4:1:1,32,10,0,1,348.5042016806723,94.15183436251363,96.96969696969697,27.731824524176954
clip_2.mp4,5,0,4:1:1,32,10,0,1,340.4926108374384,92.67071862710047,97.11502435369052,27.748953189300412
clip_2.mp4,6,0,4:1:1,32,10,0,1,78.46817528191932,35.61907379414594,21.9122495561755,266.2808286715535
clip_2.mp4,7,0,4:1:1,32,10,0,1,78.52760736196319,35.21260698274691,22.451277609354698,266.80322579089506
clip_2.mp4,8,0,4:1:1,32,10,0,1,32.439535684115015,13.183459640913483,9.242289178106615,637.7545193544239
clip_2.mp4,9,0,4:1:1,32,10,0,1,32.407089050729844,13.069127212222055,9.328774518625158,637.8985968042696
clip_2.mp4,10,1,4:1:1,32,10,0,1,1.0,1.0,1.0,1.863716885288066
clip_2.mp4,11,0,4:1:1,32,10,0,1,14.849187935034802,6.046045112080427,4.211141979821611,997.5994259580762
clip_2.mp4,12,0,4:1:1,32,10,0,1,14.821168196243246,6.03366000139668,4.210868329136544,997.6023524305556
clip_2.mp4,13,0,4:1:1,32,10,0,1,14.899334645839021,6.158671323686649,4.71521347619654,1031.254648759002
clip_2.mp4,14,0,4:1:1,32,10,0,1,14.899120538023798,6.166289996431545,4.72139747536385,1031.2544717721194
clip_2.mp4,15,0,4:1:1,32,10,0,1,14.895695649675305,6.152239443640075,4.718818838864716,1031.1343280606995
clip_2.mp4,16,0,4:1:1,32,10,0,1,15.67489114658926,6.973928484946323,4.943263087632307,1058.300150141461
clip_2.mp4,17,0,4:1:1,32,10,0,1,15.668258477906063,6.983699312946248,4.944017395616762,1058.1827149241255
clip_2.mp4,18,0,4:1:1,32,10,0,1,15.076779897626803,6.774522359582865,5.095942120163573,1101.882572659465
clip_2.mp4,19,0,4:1:1,32,10,0,1,15.109737969628961,6.787294770745502,5.100755667506297,1102.3429177919238
clip_2.mp4,0,1,4:1:0,1,1,0,1,1.0,1.0,1.0,0.6666666666666666
clip_2.mp4,1,1,4:1:0,1,1,0,1,1.0,1.0,1.0,0.666676311728395
clip_2.mp4,2,1,4:1:0,1,1,0,1,1.0,1.0,1.0,0.666676311728395
clip_2.mp4,3,1,4:1:0,1,1,0,1,1.0,1.0,1.0,0.7254462448559671
clip_2.mp4,4,1,4:1:0,1,1,0,1,1.0,1.0,1.0,0.726299029063786
clip_2.mp4,5,1,4:1:0,1,1,0,1,1.0,1.0,1.0,0.7262598058127572
clip_2.mp4,6,1,4:1:0,1,1,0,1,1.0,1.0,1.0,1.0557314171810699
clip_2.mp4,7,1,4:1:0,1,1,0,1,1.0,1.0,1.0,1.0528954475308643
clip_2.mp4,8,1,4:1:0,1,1,0,1,1.0,1.0,1.0,1.8745783500514404
clip_2.mp4,9,1,4:1:0,1,1,0,1,1.0,1.0,1.0,1.8697354038065843
clip_2.mp4,10,1,4:1:0,1,1,0,1,1.0,1.0,1.0,1.863726851851852
clip_2.mp4,11,1,4:1:0,1,1,0,1,1.0,1.0,1.0,2.3376813271604937
clip_2.mp4,12,1,4:1:0,1,1,0,1,1.0,1.0,1.0,2.3447010030864197
clip_2.mp4,13,1,4:1:0,1,1,0,1,1.0,1.0,1.0,2.02405172968107
clip_2.mp4,14,1,4:1:0,1,1,0,1,1.0,1.0,1.0,2.037217399691358
clip_2.mp4,15,1,4:1:0,1,1,0,1,1.0,1.0,1.0,2.030779481738683
clip_2.mp4,16,1,4:1:0,1,1,0,1,1.0,1.0,1.0,1.8713999807098765
clip_2.mp4,17,1,4:1:0,1,1,0,1,1.0,1.0,1.0,1.8839338991769548
clip_2.mp4,18,1,4:1:0,1,1,0,1,1.0,1.0,1.0,2.232050379372428
clip_2.mp4,19,1,4:1:0,1,1,0,1,1.0,1.0,1.0,2.248490547839506
clip_2.mp4,0,1,4:1:0,1,2,0,1,1.0,1.0,1.0,0.6666666666666666
clip_2.mp4,1,0,4:1:0,1,2,0,1,31418.18181818182,129600.0,129600.0,0.666676311728395
clip_2.mp4,2,1,4:1:0,1,2,0,1,1.0,1.0,1.0,0.666676311728395
clip_2.mp4,3,0,4:1:0,1,2,0,1,27.53784860557769,30.805799857380556,17.093115273015037,0.7254462448559671
clip_2.mp4,4,1,4:1:0,1,2,0,1,1.0,1.0,1.0,0.726299029063786
clip_2.mp4,5,0,4:1:0,1,2,0,1,2005.4158607350096,4800.0,2057.1428571428573,0.7262598058127572
clip_2.mp4,6,1,4:1:0,1,2,0,1,1.0,1.0,1.0,1.0557314171810699
clip_2.mp4,7,0,4:1:0,1,2,0,1,49.91334488734835,77.3731343283582,41.57844080846968,1.0528954475308643
clip_2.mp4,8,1,4:1:0,1,2,0,1,1.0,1.0,1.0,1.8745783500514404
clip_2.mp4,9,0,4:1:0,1,2,0,1,72.34161317331845,103.84615384615384,48.94259818731118,1.8697354038065843
clip_2.mp4,10,1,4:1:0,1,2,0,1,1.0,1.0,1.0,1.863726851851852
clip_2.mp4,11,0,4:1:0,1,2,0,1,0.9027568564418076,0.8565650156640362,0.6713530146133245,2.3376813271604937
clip_2.mp4,12,1,4:1:0,1,2,0,1,1.0,1.0,1.0,2.3447010030864197
clip_2.mp4,13,0,4:1:0,1,2,0,1,0.804040676641176,0.7342776203966006,0.6422263848006422,2.02405172968107
clip_2.mp4,14,1,4:1:0,1,2,0,1,1.0,1.0,1.0,2.037217399691358
clip_2.mp4,15,0,4:1:0,1,2,0,1,35.73077850914981,39.16591115140526,32.37571821134149,2.030779481738683
clip_2.mp4,16,1,4:1:0,1,2,0,1,1.0,1.0,1.0,1.8713999807098765
clip_2.mp4,17,0,4:1:0,1,2,0,1,45.90657516050476,99.61568024596464,48.70349492671928,1.8839338991769548
clip_2.mp4,18,1,4:1:0,1,2,0,1,1.0,1.0,1.0,2.232050379372428
clip_2.mp4,19,0,4:1:0,1,2,0,1,17.33402437597178,25.617711010081045,22.558746736292427,2.248490547839506
clip_2.mp4,0,1,4:1:0,1,4,0,1,1.0,1.0,1.0,0.6666666666666666
clip_2.mp4,1,0,4:1:0,1,4,0,1,31418.18181818182,129600.0,129600.0,0.666676311728395
clip_2.mp4,2,0,4:1:0,1,4,0,1,15474.626865671642,129600.0,129600.0,0.666676311728395
clip_2.mp4,3,0,4:1:0,1,4,0,1,27.504974134500596,30.805799857380556,17.093115273015037,0.7254462448559671
clip_2.mp4,4,1,4:1:0,1,4,0,1,1.0,1.0,1.0,0.726299029063786
clip_2.mp4,5,0,4:1:0,1,4,0,1,2005.4158607350096,4800.0,2057.1428571428573,0.7262598058127572
clip_2.mp4,6,0,4:1:0,1,4,0,1,3.914373088685015,4.419286639841778,2.68901983567101,1.0557314171810699
clip_2.mp4,7,0,4:1:0,1,4,0,1,3.9119804400977993,4.407263823709447,2.68901983567101,1.0528954475308643
clip_2.mp4,8,1,4:1:0,1,4,0,1,1.0,1.0,1.0,1.8745783500514404
clip_2.mp4,9,0,4:1:0,1,4,0,1,72.34161317331845,103.84615384615384,48.94259818731118,1.8697354038065843
clip_2.mp4,10,0,4:1:0,1,4,0,1,23.19774466371325,34.78260869565217,20.3039323202256,1.863726851851852
clip_2.mp4,11,0,4:1:0,1,4,0,1,0.9023726447403807,0.8560897308866078,0.6714469266796536,2.3376813271604937
clip_2.mp4,12,1,4:1:0,1,4,0,1,1.0,1.0,1.0,2.3447010030864197
clip_2.mp4,13,0,4:1:0,1,4,0,1,0.804040676641176,0.7342776203966006,0.6422263848006422,2.02405172968107
clip_2.mp4,14,0,4:1:0,1,4,0,1,0.8038293537267818,0.7336499651855919,0.6416603952944905,2.037217399691358
clip_2.mp4,15,0,4:1:0,1,4,0,1,0.803896042471267,0.7341528352121452,0.6420991091865754,2.030779481738683
clip_2.mp4,16,1,4:1:0,1,4,0,1,1.0,1.0,1.0,1.8713999807098765
clip_2.mp4,17,0,4:1:0,1,4,0,1,45.90657516050476,99.61568024596464,48.70349492671928,1.8839338991769548
clip_2.mp4,18,0,4:1:0,1,4,0,1,0.81062189898813,0.7122013947277314,0.6570875204072321,2.232050379372428
clip_2.mp4,19,0,4:1:0,1,4,0,1,0.8105870423345657,0.7121544320073853,0.6570275586559325,2.248490547839506
clip_2.mp4,0,1,4:1:0,1,6,0,1,1.0,1.0,1.0,0.6666666666666666
clip_2.mp4,1,0,4:1:0,1,6,0,1,31418.18181818182,129600.0,129600.0,0.666676311728395
clip_2.mp4,2,0,4:1:0,1,6,0,1,15474.626865671642,129600.0,129600.0,0.666676311728395
clip_2.mp4,3,0,4:1:0,1,6,0,1,27.504974134500596,30.805799857380556,17.093115273015037,0.7254462448559671
clip_2.mp4,4,0,4:1:0,1,6,0,1,27.192614351657575,29.622857142857143,16.802800466744458,0.726299029063786
clip_2.mp4,5,0,4:1:0,1,6,0,1,27.154867604305807,29.47464180122811,16.755009696186168,0.7262598058127572
clip_2.mp4,6,1,4:1:0,1,6,0,1,1.0,1.0,1.0,1.0557314171810699
clip_2.mp4,7,0,4:1:0,1,6,0,1,49.91334488734835,77.3731343283582,41.57844080846968,1.0528954475308643
clip_2.mp4,8,0,4:1:0,1,6,0,1,1.4795491713211768,1.4996702114118423,1.0512654120700844,1.8745783500514404
clip_2.mp4,9,0,4:1:0,1,6,0,1,1.4784078027078476,1.4980580728685038,1.051094890510949,1.8697354038065843
clip_2.mp4,10,0,4:1:0,1,6,0,1,1.4795491713211768,1.498196615185425,1.0507284564182808,1.863726851851852
clip_2.mp4,11,0,4:1:0,1,6,0,1,1.0258175968085674,0.9510739944373913,0.7663832152614336,2.3376813271604937
clip_2.mp4,12,1,4:1:0,1,6,0,1,1.0,1.0,1.0,2.3447010030864197
clip_2.mp4,13,0,4:1:0,1,6,0,1,0.804040676641176,0.7342776203966006,0.6422263848006422,2.02405172968107
clip_2.mp4,14,0,4:1:0,1,6,0,1,0.8038293537267818,0.7336499651855919,0.6416603952944905,2.037217399691358
clip_2.mp4,15,0,4:1:0,1,6,0,1,0.803896042471267,0.7341528352121452,0.6420991091865754,2.030779481738683
clip_2.mp4,16,0,4:1:0,1,6,0,1,0.7917435080926908,0.7223436036919784,0.6376572002125525,1.8713999807098765
clip_2.mp4,17,0,4:1:0,1,6,0,1,0.7916111210367907,0.722226866170693,0.6376101427243074,1.8839338991769548
clip_2.mp4,18,1,4:1:0,1,6,0,1,1.0,1.0,1.0,2.232050379372428
clip_2.mp4,19,0,4:1:0,1,6,0,1,17.33402437597178,25.617711010081045,22.558746736292427,2.248490547839506
clip_2.mp4,0,1,4:1:0,1,8,0,1,1.0,1.0,1.0,0.6666666666666666
clip_2.mp4,1,0,4:1:0,1,8,0,1,31418.18181818182,129600.0,129600.0,0.666676311728395
clip_2.mp4,2,0,4:1:0,1,8,0,1,15474.626865671642,129600.0,129600.0,0.666676311728395
clip_2.mp4,3,0,4:1:0,1,8,0,1,27.504974134500596,30.805799857380556,17.093115273015037,0.7254462448559671
clip_2.mp4,4,0,4:1:0,1,8,0,1,27.192614351657575,29.622857142857143,16.802800466744458,0.726299029063786
clip_2.mp4,5,0,4:1:0,1,8,0,1,27.154867604305807,29.47464180122811,16.755009696186168,0.7262598058127572
clip_2.mp4,6,0,4:1:0,1,8,0,1,4.212202712255527,4.675493343915726,2.8852575804799856,1.0557314171810699
clip_2.mp4,7,0,4:1:0,1,8,0,1,4.20958606549057,4.661702816445452,2.8853860539674057,1.0528954475308643
clip_2.mp4,8,1,4:1:0,1,8,0,1,1.0,1.0,1.0,1.8745783500514404
clip_2.mp4,9,0,4:1:0,1,8,0,1,72.34161317331845,103.84615384615384,48.94259818731118,1.8697354038065843
clip_2.mp4,10,0,4:1:0,1,8,0,1,23.19774466371325,34.78260869565217,20.3039323202256,1.863726851851852
clip_2.mp4,11,0,4:1:0,1,8,0,1,0.9023726447403807,0.8560897308866078,0.6714469266796536,2.3376813271604937
clip_2.mp4,12,0,4:1:0,1,8,0,1,0.9021724186539463,0.8558466343963177,0.6710262663290825,2.3447010030864197
clip_2.mp4,13,0,4:1:0,1,8,0,1,0.8798878414572463,0.8294983966871268,0.6668621972491935,2.02405172968107
clip_2.mp4,14,0,4:1:0,1,8,0,1,0.8796608961545379,0.8282102733860763,0.666313630123957,2.037217399691358
clip_2.mp4,15,0,4:1:0,1,8,0,1,0.8797071715479894,0.8287610789241453,0.6667009619836411,2.030779481738683
clip_2.mp4,16,1,4:1:0,1,8,0,1,1.0,1.0,1.0,1.8713999807098765
clip_2.mp4,17,0,4:1:0,1,8,0,1,45.90657516050476,99.61568024596464,48.70349492671928,1.8839338991769548
clip_2.mp4,18,0,4:1:0,1,8,0,1,0.81062189898813,0.7122013947277314,0.6570875204072321,2.232050379372428
clip_2.mp4,19,0,4:1:0,1,8,0,1,0.8105870423345657,0.7121544320073853,0.6570275586559325,2.248490547839506
clip_2.mp4,0,1,4:1:0,1,10,0,1,1.0,1.0,1.0,0.6666666666666666
clip_2.mp4,1,0,4:1:0,1,10,0,1,31418.18181818182,129600.0,129600.0,0.666676311728395
clip_2.mp4,2,0,4:1:0,1,10,0,1,15474.626865671642,129600.0,129600.0,0.666676311728395
clip_2.mp4,3,0,4:1:0,1,10,0,1,27.504974134500596,30.805799857380556,17.093115273015037,0.7254462448559671
clip_2.mp4,4,0,4:1:0,1,10,0,1,27.192614351657575,29.622857142857143,16.802800466744458,0.726299029063786
clip_2.mp4,5,0,4:1:0,1,10,0,1,27.154867604305807,29.47464180122811,16.755009696186168,0.7262598058127572
clip_2.mp4,6,0,4:1:0,1,10,0,1,4.212202712255527,4.675493343915726,2.8852575804799856,1.0557314171810699
clip_2.mp4,7,0,4:1:0,1,10,0,1,4.20958606549057,4.661702816445452,2.8853860539674057,1.0528954475308643
clip_2.mp4,8,0,4:1:0,1,10,0,1,1.7824846130041605,1.614872778926907,1.2057496394845792,1.8745783500514404
clip_2.mp4,9,0,4:1:0,1,10,0,1,1.7809169798616216,1.6128430091469106,1.20549168433977,1.8697354038065843
clip_2.mp4,10,1,4:1:0,1,10,0,1,1.0,1.0,1.0,1.863726851851852
clip_2.mp4,11,0,4:1:0,1,10,0,1,0.9027568564418076,0.8565650156640362,0.6713530146133245,2.3376813271604937
clip_2.mp4,12,0,4:1:0,1,10,0,1,0.9025478172758516,0.8562707295479473,0.6709428921987358,2.3447010030864197
clip_2.mp4,13,0,4:1:0,1,10,0,1,0.8801881266289169,0.8291534445695568,0.6668793545266495,2.02405172968107
clip_2.mp4,14,0,4:1:0,1,10,0,1,0.8799445960809875,0.8278558151122013,0.6662965019433648,2.037217399691358
clip_2.mp4,15,0,4:1:0,1,10,0,1,0.8799946358351673,0.8284485128198572,0.6667078214704611,2.030779481738683
clip_2.mp4,16,0,4:1:0,1,10,0,1,0.8817128769369322,0.8027451903422816,0.6659678115557748,1.8713999807098765
clip_2.mp4,17,0,4:1:0,1,10,0,1,0.8816678897881123,0.802675585284281,0.6658548991199001,1.8839338991769548
clip_2.mp4,18,0,4:1:0,1,10,0,1,0.8806576392463447,0.7559981100047249,0.6720109512895766,2.232050379372428
clip_2.mp4,19,0,4:1:0,1,10,0,1,0.8803959064307623,0.7558129362982662,0.6721921971763778,2.248490547839506
clip_2.mp4,0,1,4:1:0,2,1,0,1,1.0,1.0,1.0,0.6666666666666666
clip_2.mp4,1,1,4:1:0,2,1,0,1,1.0,1.0,1.0,0.666676311728395
clip_2.mp4,2,1,4:1:0,2,1,0,1,1.0,1.0,1.0,0.666676311728395
clip_2.mp4,3,1,4:1:0,2,1,0,1,1.0,1.0,1.0,0.7254462448559671
clip_2.mp4,4,1,4:1:0,2,1,0,1,1.0,1.0,1.0,0.726299029063786
clip_2.mp4,5,1,4:1:0,2,1,0,1,1.0,1.0,1.0,0.7262598058127572
clip_2.mp4,6,1,4:1:0,2,1,0,1,1.0,1.0,1.0,1.0557314171810699
clip_2.mp4,7,1,4:1:0,2,1,0,1,1.0,1.0,1.0,1.0528954475308643
clip_2.mp4,8,1,4:1:0,2,1,0,1,1.0,1.0,1.0,1.8745783500514404
clip_2.mp4,9,1,4:1:0,2,1,0,1,1.0,1.0,1.0,1.8697354038065843
clip_2.mp4,10,1,4:1:0,2,1,0,1,1.0,1.0,1.0,1.863726851851852
clip_2.mp4,11,1,4:1:0,2,1,0,1,1.0,1.0,1.0,2.3376813271604937
clip_2.mp4,12,1,4:1:0,2,1,0,1,1.0,1.0,1.0,2.3447010030864197
clip_2.mp4,13,1,4:1:0,2,1,0,1,1.0,1.0,1.0,2.02405172968107
clip_2.mp4,14,1,4:1:0,2,1,0,1,1.0,1.0,1.0,2.037217399691358
clip_2.mp4,15,1,4:1:0,2,1,0,1,1.0,1.0,1.0,2.030779481738683
clip_2.mp4,16,1,4:1:0,2,1,0,1,1.0,1.0,1.0,1.8713999807098765
clip_2.mp4,17,1,4:1:0,2,1,0,1,1.0,1.0,1.0,1.8839338991769548
clip_2.mp4,18,1,4:1:0,2,1,0,1,1.0,1.0,1.0,2.232050379372428
clip_2.mp4,19,1,4:1:0,2,1,0,1,1.0,1.0,1.0,2.248490547839506
clip_2.mp4,0,1,4:1:0,2,2,0,1,1.0,1.0,1.0,0.6666666666666666
clip_2.mp4,1,0,4:1:0,2,2,0,1,1036800.0,129600.0,129600.0,0.6666775977366255
clip_2.mp4,2,1,4:1:0,2,2,0,1,1.0,1.0,1.0,0.666676311728395
clip_2.mp4,3,0,4:1:0,2,2,0,1,41.83175307645754,41.75257731958763,19.047619047619047,0.7849971064814815
clip_2.mp4,4,1,4:1:0,2,2,0,1,1.0,1.0,1.0,0.726299029063786
clip_2.mp4,5,0,4:1:0,2,2,0,1,4527.510917030568,5184.0,5634.782608695652,0.7268994341563786
clip_2.mp4,6,1,4:1:0,2,2,0,1,1.0,1.0,1.0,1.0557314171810699
clip_2.mp4,7,0,4:1:0,2,2,0,1,68.84462151394422,131.44016227180526,61.95028680688336,1.077104391718107
clip_2.mp4,8,1,4:1:0,2,2,0,1,1.0,1.0,1.0,1.8745783500514404
clip_2.mp4,9,0,4:1:0,2,2,0,1,146.33733239237827,225.78397212543555,101.80675569520817,1.883280285493827
clip_2.mp4,10,1,4:1:0,2,2,0,1,1.0,1.0,1.0,1.863726851851852
clip_2.mp4,11,0,4:1:0,2,2,0,1,1.2723829813867356,1.0874399013248979,0.7613721147462974,3.9464231288580245
clip_2.mp4,12,1,4:1:0,2,2,0,1,1.0,1.0,1.0,2.3447010030864197
clip_2.mp4,13,0,4:1:0,2,2,0,1,1.099643527980561,0.9153899942788125,0.7392239289523669,3.7783947402263376
clip_2.mp4,14,1,4:1:0,2,2,0,1,1.0,1.0,1.0,2.037217399691358
clip_2.mp4,15,0,4:1:0,2,2,0,1,58.46067098956865,58.51015801354402,46.30225080385852,2.059563078703704
clip_2.mp4,16,1,4:1:0,2,2,0,1,1.0,1.0,1.0,1.8713999807098765
clip_2.mp4,17,0,4:1:0,2,2,0,1,77.53514807059527,160.0,72.20055710306407,1.9003624935699588
clip_2.mp4,18,1,4:1:0,2,2,0,1,1.0,1.0,1.0,2.232050379372428
clip_2.mp4,19,0,4:1:0,2,2,0,1,28.529759775460224,46.120996441281136,39.260830051499546,2.2922127379115227
clip_2.mp4,0,1,4:1:0,2,4,0,1,1.0,1.0,1.0,0.6666666666666666
clip_2.mp4,1,0,4:1:0,2,4,0,1,1036800.0,129600.0,129600.0,0.6666775977366255
clip_2.mp4,2,0,4:1:0,2,4,0,1,28021.62162162162,129600.0,129600.0,0.6667147312242798
clip_2.mp4,3,0,4:1:0,2,4,0,1,41.80813742489617,41.75257731958763,19.047619047619047,0.7850146283436213
clip_2.mp4,4,1,4:1:0,2,4,0,1,1.0,1.0,1.0,0.726299029063786
clip_2.mp4,5,0,4:1:0,2,4,0,1,4527.510917030568,5184.0,5634.782608695652,0.7268994341563786
clip_2.mp4,6,0,4:1:0,2,4,0,1,5.8788174323266915,6.404744255003706,3.1537450722733245,1.5606105324074073
clip_2.mp4,7,0,4:1:0,2,4,0,1,5.876984644336997,6.385494678754434,3.157279282790879,1.5586855388374485
clip_2.mp4,8,1,4:1:0,2,4,0,1,1.0,1.0,1.0,1.8745783500514404
clip_2.mp4,9,0,4:1:0,2,4,0,1,146.33733239237827,225.78397212543555,101.80675569520817,1.883280285493827
clip_2.mp4,10,0,4:1:0,2,4,0,1,35.511713933415535,58.142664872139974,31.827111984282908,1.906556552211934
clip_2.mp4,11,0,4:1:0,2,4,0,1,1.2714951104832124,1.0871662374485147,0.7612379514710806,3.9468777327674895
clip_2.mp4,12,1,4:1:0,2,4,0,1,1.0,1.0,1.0,2.3447010030864197
clip_2.mp4,13,0,4:1:0,2,4,0,1,1.099643527980561,0.9153899942788125,0.7392239289523669,3.7783947402263376
clip_2.mp4,14,0,4:1:0,2,4,0,1,1.099528076780317,0.9152219201299389,0.7389836693732323,3.7921587255658435
clip_2.mp4,15,0,4:1:0,2,4,0,1,1.0994662795346357,0.9153705979573674,0.7390595239453005,3.7849213927469134
clip_2.mp4,16,1,4:1:0,2,4,0,1,1.0,1.0,1.0,1.8713999807098765
clip_2.mp4,17,0,4:1:0,2,4,0,1,77.53514807059527,160.0,72.20055710306407,1.9003624935699588
clip_2.mp4,18,0,4:1:0,2,4,0,1,1.106555015037963,0.8831646734130635,0.7741380546197405,3.9224913194444446
clip_2.mp4,19,0,4:1:0,2,4,0,1,1.1071765715969912,0.8833452612207341,0.7742305486522654,3.9396670846193413
clip_2.mp4,0,1,4:1:0,2,6,0,1,1.0,1.0,1.0,0.6666666666666666
clip_2.mp4,1,0,4:1:0,2,6,0,1,1036800.0,129600.0,129600.0,0.6666775977366255
clip_2.mp4,2,0,4:1:0,2,6,0,1,28021.62162162162,129600.0,129600.0,0.6667147312242798
clip_2.mp4,3,0,4:1:0,2,6,0,1,41.80813742489617,41.75257731958763,19.047619047619047,0.7850146283436213
clip_2.mp4,4,0,4:1:0,2,6,0,1,41.405750798722046,40.47470331043098,18.905908096280086,0.7855820794753087
clip_2.mp4,5,0,4:1:0,2,6,0,1,41.26895673287426,40.1985111662531,18.911425652998687,0.7857960390946502
clip_2.mp4,6,1,4:1:0,2,6,0,1,1.0,1.0,1.0,1.0557314171810699
clip_2.mp4,7,0,4:1:0,2,6,0,1,68.84462151394422,131.44016227180526,61.95028680688336,1.077104391718107
clip_2.mp4,8,0,4:1:0,2,6,0,1,2.139624533866038,1.9805308923086327,1.201969895105868,3.0214988425925924
clip_2.mp4,9,0,4:1:0,2,6,0,1,2.1392183847333097,1.975910962036896,1.202226345083488,3.0172344393004114
clip_2.mp4,10,0,4:1:0,2,6,0,1,2.142781854969547,1.9757904686404244,1.2020144872425083,3.0106079603909466
clip_2.mp4,11,0,4:1:0,2,6,0,1,1.4752838726201656,1.2210058223888753,0.8813268865903666,4.0106021733539094
clip_2.mp4,12,1,4:1:0,2,6,0,1,1.0,1.0,1.0,2.3447010030864197
clip_2.mp4,13,0,4:1:0,2,6,0,1,1.099643527980561,0.9153899942788125,0.7392239289523669,3.7783947402263376
clip_2.mp4,14,0,4:1:0,2,6,0,1,1.099528076780317,0.9152219201299389,0.7389836693732323,3.7921587255658435
clip_2.mp4,15,0,4:1:0,2,6,0,1,1.0994662795346357,0.9153705979573674,0.7390595239453005,3.7849213927469134
clip_2.mp4,16,0,4:1:0,2,6,0,1,1.083667537321623,0.8904707264619591,0.7314925609012711,3.6064117155349793
clip_2.mp4,17,0,4:1:0,2,6,0,1,1.0832984179956262,0.890446253735958,0.7315090761311298,3.617999614197531
clip_2.mp4,18,1,4:1:0,2,6,0,1,1.0,1.0,1.0,2.232050379372428
clip_2.mp4,19,0,4:1:0,2,6,0,1,28.529759775460224,46.120996441281136,39.260830051499546,2.2922127379115227
clip_2.mp4,0,1,4:1:0,2,8,0,1,1.0,1.0,1.0,0.6666666666666666
clip_2.mp4,1,0,4:1:0,2,8,0,1,1036800.0,129600.0,129600.0,0.6666775977366255
clip_2.mp4,2,0,4:1:0,2,8,0,1,28021.62162162162,129600.0,129600.0,0.6667147312242798
clip_2.mp4,3,0,4:1:0,2,8,0,1,41.80813742489617,41.75257731958763,19.047619047619047,0.7850146283436213
clip_2.mp4,4,0,4:1:0,2,8,0,1,41.405750798722046,40.47470331043098,18.905908096280086,0.7855820794753087
clip_2.mp4,5,0,4:1:0,2,8,0,1,41.26895673287426,40.1985111662531,18.911425652998687,0.7857960390946502
clip_2.mp4,6,0,4:1:0,2,8,0,1,6.421126298252894,6.854966677245319,3.4643143544506816,1.5675528870884774
clip_2.mp4,7,0,4:1:0,2,8,0,1,6.419814241486068,6.830399494044482,3.4676513083962113,1.5655680941358026
clip_2.mp4,8,1,4:1:0,2,8,0,1,1.0,1.0,1.0,1.8745783500514404
clip_2.mp4,9,0,4:1:0,2,8,0,1,146.33733239237827,225.78397212543555,101.80675569520817,1.883280285493827
clip_2.mp4,10,0,4:1:0,2,8,0,1,35.511713933415535,58.142664872139974,31.827111984282908,1.906556552211934
clip_2.mp4,11,0,4:1:0,2,8,0,1,1.2714951104832124,1.0871662374485147,0.7612379514710806,3.9468777327674895
clip_2.mp4,12,0,4:1:0,2,8,0,1,1.2708670161714395,1.086437140054825,0.7607687521279218,3.9550144675925925
clip_2.mp4,13,0,4:1:0,2,8,0,1,1.230889046654589,1.0360291942794562,0.7633093228574626,3.7489306841563788
clip_2.mp4,14,0,4:1:0,2,8,0,1,1.2307443938097167,1.035424955658885,0.7631699819807087,3.7622093621399175
clip_2.mp4,15,0,4:1:0,2,8,0,1,1.2305048416710085,1.0355407824085912,0.7632868450810403,3.7551210455246915
clip_2.mp4,16,1,4:1:0,2,8,0,1,1.0,1.0,1.0,1.8713999807098765
clip_2.mp4,17,0,4:1:0,2,8,0,1,77.53514807059527,160.0,72.20055710306407,1.9003624935699588
clip_2.mp4,18,0,4:1:0,2,8,0,1,1.106555015037963,0.8831646734130635,0.7741380546197405,3.9224913194444446
clip_2.mp4,19,0,4:1:0,2,8,0,1,1.1071765715969912,0.8833452612207341,0.7742305486522654,3.9396670846193413
clip_2.mp4,0,1,4:1:0,2,10,0,1,1.0,1.0,1.0,0.6666666666666666
clip_2.mp4,1,0,4:1:0,2,10,0,1,1036800.0,129600.0,129600.0,0.6666775977366255
clip_2.mp4,2,0,4:1:0,2,10,0,1,28021.62162162162,129600.0,129600.0,0.6667147312242798
clip_2.mp4,3,0,4:1:0,2,10,0,1,41.80813742489617,41.75257731958763,19.047619047619047,0.7850146283436213
clip_2.mp4,4,0,4:1:0,2,10,0,1,41.405750798722046,40.47470331043098,18.905908096280086,0.7855820794753087
clip_2.mp4,5,0,4:1:0,2,10,0,1,41.26895673287426,40.1985111662531,18.911425652998687,0.7857960390946502
clip_2.mp4,6,0,4:1:0,2,10,0,1,6.421126298252894,6.854966677245319,3.4643143544506816,1.5675528870884774
clip_2.mp4,7,0,4:1:0,2,10,0,1,6.419814241486068,6.830399494044482,3.4676513083962113,1.5655680941358026
clip_2.mp4,8,0,4:1:0,2,10,0,1,2.665384704373154,2.1372736567828756,1.436791166395051,3.056403677983539
clip_2.mp4,9,0,4:1:0,2,10,0,1,2.6650284418785777,2.1327716157061514,1.4372054338785694,3.0521714248971192
clip_2.mp4,10,1,4:1:0,2,10,0,1,1.0,1.0,1.0,1.863726851851852
clip_2.mp4,11,0,4:1:0,2,10,0,1,1.2723829813867356,1.0874399013248979,0.7613721147462974,3.9464231288580245
clip_2.mp4,12,0,4:1:0,2,10,0,1,1.2717758495065246,1.0866557665702428,0.7609340230276485,3.9544193672839505
clip_2.mp4,13,0,4:1:0,2,10,0,1,1.231602580093368,1.0355076864073636,0.7634846949595872,3.750325681584362
clip_2.mp4,14,0,4:1:0,2,10,0,1,1.2314372825713855,1.0348710004551516,0.7633003315880299,3.763716081532922
clip_2.mp4,15,0,4:1:0,2,10,0,1,1.2312076950480941,1.0350280320092002,0.7634442173224079,3.7566361239711936
clip_2.mp4,16,0,4:1:0,2,10,0,1,1.222364747604316,1.0006949270326615,0.7639392385364905,3.5693132716049383
clip_2.mp4,17,0,4:1:0,2,10,0,1,1.2219786436602786,1.0007567450695742,0.7638762001874326,3.5811630336934157
clip_2.mp4,18,0,4:1:0,2,10,0,1,1.2176131118893438,0.9447579057866422,0.7816457986538322,3.8999209104938273
clip_2.mp4,19,0,4:1:0,2,10,0,1,1.2181223902832181,0.944592644422093,0.7816505129581491,3.919271797839506
clip_2.mp4,0,1,4:1:0,4,1,0,1,1.0,1.0,1.0,0.6666666666666666
clip_2.mp4,1,1,4:1:0,4,1,0,1,1.0,1.0,1.0,0.666676311728395
clip_2.mp4,2,1,4:1:0,4,1,0,1,1.0,1.0,1.0,0.666676311728395
clip_2.mp4,3,1,4:1:0,4,1,0,1,1.0,1.0,1.0,0.7254462448559671
clip_2.mp4,4,1,4:1:0,4,1,0,1,1.0,1.0,1.0,0.726299029063786
clip_2.mp4,5,1,4:1:0,4,1,0,1,1.0,1.0,1.0,0.7262598058127572
clip_2.mp4,6,1,4:1:0,4,1,0,1,1.0,1.0,1.0,1.0557314171810699
clip_2.mp4,7,1,4:1:0,4,1,0,1,1.0,1.0,1.0,1.0528954475308643
clip_2.mp4,8,1,4:1:0,4,1,0,1,1.0,1.0,1.0,1.8745783500514404
clip_2.mp4,9,1,4:1:0,4,1,0,1,1.0,1.0,1.0,1.8697354038065843
clip_2.mp4,10,1,4:1:0,4,1,0,1,1.0,1.0,1.0,1.863726851851852
clip_2.mp4,11,1,4:1:0,4,1,0,1,1.0,1.0,1.0,2.3376813271604937
clip_2.mp4,12,1,4:1:0,4,1,0,1,1.0,1.0,1.0,2.3447010030864197
clip_2.mp4,13,1,4:1:0,4,1,0,1,1.0,1.0,1.0,2.02405172968107
clip_2.mp4,14,1,4:1:0,4,1,0,1,1.0,1.0,1.0,2.037217399691358
clip_2.mp4,15,1,4:1:0,4,1,0,1,1.0,1.0,1.0,2.030779481738683
clip_2.mp4,16,1,4:1:0,4,1,0,1,1.0,1.0,1.0,1.8713999807098765
clip_2.mp4,17,1,4:1:0,4,1,0,1,1.0,1.0,1.0,1.8839338991769548
clip_2.mp4,18,1,4:1:0,4,1,0,1,1.0,1.0,1.0,2.232050379372428
clip_2.mp4,19,1,4:1:0,4,1,0,1,1.0,1.0,1.0,2.248490547839506
clip_2.mp4,0,1,4:1:0,4,2,0,1,1.0,1.0,1.0,0.6666666666666666
clip_2.mp4,1,0,4:1:0,4,2,0,1,1036800.0,129600.0,129600.0,0.6666775977366255
clip_2.mp4,2,1,4:1:0,4,2,0,1,1.0,1.0,1.0,0.666676311728395
clip_2.mp4,3,0,4:1:0,4,2,0,1,76.61272445134117,72.68648345485137,22.8611748103722,1.2056209812242797
clip_2.mp4,4,1,4:1:0,4,2,0,1,1.0,1.0,1.0,0.726299029063786
clip_2.mp4,5,0,4:1:0,4,2,0,1,5544.385026737968,5184.0,8640.0,0.7290009323559671
clip_2.mp4,6,1,4:1:0,4,2,0,1,1.0,1.0,1.0,1.0557314171810699
clip_2.mp4,7,0,4:1:0,4,2,0,1,82.87107345535928,153.37278106508876,102.85714285714286,1.218601144547325
clip_2.mp4,8,1,4:1:0,4,2,0,1,1.0,1.0,1.0,1.8745783500514404
clip_2.mp4,9,0,4:1:0,4,2,0,1,234.83578708946771,307.83847980997626,293.2126696832579,1.9336246141975308
clip_2.mp4,10,1,4:1:0,4,2,0,1,1.0,1.0,1.0,1.863726851851852
clip_2.mp4,11,0,4:1:0,4,2,0,1,2.198622468021579,1.5603366281799684,0.9611747691623095,14.488911072530865
clip_2.mp4,12,1,4:1:0,4,2,0,1,1.0,1.0,1.0,2.3447010030864197
clip_2.mp4,13,0,4:1:0,4,2,0,1,1.8429411691513546,1.310798919804594,0.9678431138261169,15.099820601851851
clip_2.mp4,14,1,4:1:0,4,2,0,1,1.0,1.0,1.0,2.037217399691358
clip_2.mp4,15,0,4:1:0,4,2,0,1,75.14677103718199,72.04002223457476,61.045690061234104,2.2364787487139917
clip_2.mp4,16,1,4:1:0,4,2,0,1,1.0,1.0,1.0,1.8713999807098765
clip_2.mp4,17,0,4:1:0,4,2,0,1,118.708495534692,212.45901639344262,120.33426183844011,2.0012512860082303
clip_2.mp4,18,1,4:1:0,4,2,0,1,1.0,1.0,1.0,2.232050379372428
clip_2.mp4,19,0,4:1:0,4,2,0,1,37.12270399942712,67.6056338028169,62.09870627695256,2.5084481095679014
clip_2.mp4,0,1,4:1:0,4,4,0,1,1.0,1.0,1.0,0.6666666666666666
clip_2.mp4,1,0,4:1:0,4,4,0,1,1036800.0,129600.0,129600.0,0.6666775977366255
clip_2.mp4,2,0,4:1:0,4,4,0,1,28021.62162162162,129600.0,129600.0,0.6670002250514403
clip_2.mp4,3,0,4:1:0,4,4,0,1,76.5335498634384,72.68648345485137,22.8611748103722,1.205767103909465
clip_2.mp4,4,1,4:1:0,4,4,0,1,1.0,1.0,1.0,0.726299029063786
clip_2.mp4,5,0,4:1:0,4,4,0,1,5544.385026737968,5184.0,8640.0,0.7290009323559671
clip_2.mp4,6,0,4:1:0,4,4,0,1,10.730364405990292,10.207135543829251,4.067413614537237,4.674838445216049
clip_2.mp4,7,0,4:1:0,4,4,0,1,10.73369705879308,10.175080474208997,4.076881940293812,4.676401588220164
clip_2.mp4,8,1,4:1:0,4,4,0,1,1.0,1.0,1.0,1.8745783500514404
clip_2.mp4,9,0,4:1:0,4,4,0,1,234.83578708946771,307.83847980997626,293.2126696832579,1.9336246141975308
clip_2.mp4,10,0,4:1:0,4,4,0,1,46.34778721502012,74.43997702469845,53.07125307125307,2.1570897633744854
clip_2.mp4,11,0,4:1:0,4,4,0,1,2.1968103026335024,1.5605245096268467,0.9607899828748082,14.4904782343107
clip_2.mp4,12,1,4:1:0,4,4,0,1,1.0,1.0,1.0,2.3447010030864197
clip_2.mp4,13,0,4:1:0,4,4,0,1,1.8429411691513546,1.310798919804594,0.9678431138261169,15.099820601851851
clip_2.mp4,14,0,4:1:0,4,4,0,1,1.8427577381428457,1.3108121776069586,0.9679515426727712,15.11824347350823
clip_2.mp4,15,0,4:1:0,4,4,0,1,1.8424531923060519,1.3105470725048034,0.9674818597151303,15.10362750771605
clip_2.mp4,16,1,4:1:0,4,4,0,1,1.0,1.0,1.0,1.8713999807098765
clip_2.mp4,17,0,4:1:0,4,4,0,1,118.708495534692,212.45901639344262,120.33426183844011,2.0012512860082303
clip_2.mp4,18,0,4:1:0,4,4,0,1,1.8229867232130141,1.257068585894837,1.063751200413681,15.249094328703704
clip_2.mp4,19,0,4:1:0,4,4,0,1,1.8248123794370679,1.2579715209225124,1.0638996519340644,15.26672952031893
clip_2.mp4,0,1,4:1:0,4,6,0,1,1.0,1.0,1.0,0.6666666666666666
clip_2.mp4,1,0,4:1:0,4,6,0,1,1036800.0,129600.0,129600.0,0.6666775977366255
clip_2.mp4,2,0,4:1:0,4,6,0,1,28021.62162162162,129600.0,129600.0,0.6670002250514403
clip_2.mp4,3,0,4:1:0,4,6,0,1,76.5335498634384,72.68648345485137,22.8611748103722,1.205767103909465
clip_2.mp4,4,0,4:1:0,4,6,0,1,76.73179396092362,70.54980947196516,22.720897615708274,1.2046894290123458
clip_2.mp4,5,0,4:1:0,4,6,0,1,76.3082358136454,69.71490048413125,22.732853885283284,1.2058291538065844
clip_2.mp4,6,1,4:1:0,4,6,0,1,1.0,1.0,1.0,1.0557314171810699
clip_2.mp4,7,0,4:1:0,4,6,0,1,82.87107345535928,153.37278106508876,102.85714285714286,1.218601144547325
clip_2.mp4,8,0,4:1:0,4,6,0,1,3.776278791940442,2.9960468825854774,1.5385345932855312,10.28279642489712
clip_2.mp4,9,0,4:1:0,4,6,0,1,3.7763613185212166,2.990171196529925,1.5396495396495395,10.28025462962963
clip_2.mp4,10,0,4:1:0,4,6,0,1,3.7861386717109564,2.987965140406695,1.5386076550479628,10.284077610596707
clip_2.mp4,11,0,4:1:0,4,6,0,1,2.586974801448187,1.8128663150974276,1.1606870981031363,14.518489261831276
clip_2.mp4,12,1,4:1:0,4,6,0,1,1.0,1.0,1.0,2.3447010030864197
clip_2.mp4,13,0,4:1:0,4,6,0,1,1.8429411691513546,1.310798919804594,0.9678431138261169,15.099820601851851
clip_2.mp4,14,0,4:1:0,4,6,0,1,1.8427577381428457,1.3108121776069586,0.9679515426727712,15.11824347350823
clip_2.mp4,15,0,4:1:0,4,6,0,1,1.8424531923060519,1.3105470725048034,0.9674818597151303,15.10362750771605
clip_2.mp4,16,0,4:1:0,4,6,0,1,1.8148496289955836,1.2727094176568792,0.9606404269513009,15.054100437242798
clip_2.mp4,17,0,4:1:0,4,6,0,1,1.8139859577051538,1.2732470747737923,0.9605407488660282,15.064052694187243
clip_2.mp4,18,1,4:1:0,4,6,0,1,1.0,1.0,1.0,2.232050379372428
clip_2.mp4,19,0,4:1:0,4,6,0,1,37.12270399942712,67.6056338028169,62.09870627695256,2.5084481095679014
clip_2.mp4,0,1,4:1:0,4,8,0,1,1.0,1.0,1.0,0.6666666666666666
clip_2.mp4,1,0,4:1:0,4,8,0,1,1036800.0,129600.0,129600.0,0.6666775977366255
clip_2.mp4,2,0,4:1:0,4,8,0,1,28021.62162162162,129600.0,129600.0,0.6670002250514403
clip_2.mp4,3,0,4:1:0,4,8,0,1,76.5335498634384,72.68648345485137,22.8611748103722,1.205767103909465
clip_2.mp4,4,0,4:1:0,4,8,0,1,76.73179396092362,70.54980947196516,22.720897615708274,1.2046894290123458
clip_2.mp4,5,0,4:1:0,4,8,0,1,76.3082358136454,69.71490048413125,22.732853885283284,1.2058291538065844
clip_2.mp4,6,0,4:1:0,4,8,0,1,11.834400575283361,11.01198062707112,4.602599616450032,4.716805073302469
clip_2.mp4,7,0,4:1:0,4,8,0,1,11.838589600127886,10.974680328562961,4.613577302338827,4.718922485853909
clip_2.mp4,8,1,4:1:0,4,8,0,1,1.0,1.0,1.0,1.8745783500514404
clip_2.mp4,9,0,4:1:0,4,8,0,1,234.83578708946771,307.83847980997626,293.2126696832579,1.9336246141975308
clip_2.mp4,10,0,4:1:0,4,8,0,1,46.34778721502012,74.43997702469845,53.07125307125307,2.1570897633744854
clip_2.mp4,11,0,4:1:0,4,8,0,1,2.1968103026335024,1.5605245096268467,0.9607899828748082,14.4904782343107
clip_2.mp4,12,0,4:1:0,4,8,0,1,2.1951870185854085,1.559304088360565,0.9603556872915895,14.50199620627572
clip_2.mp4,13,0,4:1:0,4,8,0,1,2.109074635366871,1.4834995020661395,0.9865416235308446,14.821444830246914
clip_2.mp4,14,0,4:1:0,4,8,0,1,2.1095638444196663,1.4828035971716895,0.986781994274228,14.83293499228395
clip_2.mp4,15,0,4:1:0,4,8,0,1,2.108667134445834,1.4834655403317194,0.9872029250457038,14.823848058127572
clip_2.mp4,16,1,4:1:0,4,8,0,1,1.0,1.0,1.0,1.8713999807098765
clip_2.mp4,17,0,4:1:0,4,8,0,1,118.708495534692,212.45901639344262,120.33426183844011,2.0012512860082303
clip_2.mp4,18,0,4:1:0,4,8,0,1,1.8229867232130141,1.257068585894837,1.063751200413681,15.249094328703704
clip_2.mp4,19,0,4:1:0,4,8,0,1,1.8248123794370679,1.2579715209225124,1.0638996519340644,15.26672952031893
clip_2.mp4,0,1,4:1:0,4,10,0,1,1.0,1.0,1.0,0.6666666666666666
clip_2.mp4,1,0,4:1:0,4,10,0,1,1036800.0,129600.0,129600.0,0.6666775977366255
clip_2.mp4,2,0,4:1:0,4,10,0,1,28021.62162162162,129600.0,129600.0,0.6670002250514403
clip_2.mp4,3,0,4:1:0,4,10,0,1,76.5335498634384,72.68648345485137,22.8611748103722,1.205767103909465
clip_2.mp4,4,0,4:1:0,4,10,0,1,76.73179396092362,70.54980947196516,22.720897615708274,1.2046894290123458
clip_2.mp4,5,0,4:1:0,4,10,0,1,76.3082358136454,69.71490048413125,22.732853885283284,1.2058291538065844
clip_2.mp4,6,0,4:1:0,4,10,0,1,11.834400575283361,11.01198062707112,4.602599616450032,4.716805073302469
clip_2.mp4,7,0,4:1:0,4,10,0,1,11.838589600127886,10.974680328562961,4.613577302338827,4.718922485853909
clip_2.mp4,8,0,4:1:0,4,10,0,1,4.801333703806613,3.225806451612903,1.950984524598061,10.403680394804526
clip_2.mp4,9,0,4:1:0,4,10,0,1,4.801400408452466,3.220275810659709,1.9532780708364732,10.400916120113168
clip_2.mp4,10,1,4:1:0,4,10,0,1,1.0,1.0,1.0,1.863726851851852
clip_2.mp4,11,0,4:1:0,4,10,0,1,2.198622468021579,1.5603366281799684,0.9611747691623095,14.488911072530865
clip_2.mp4,12,0,4:1:0,4,10,0,1,2.19700581672547,1.5590414782022906,0.9607258817773429,14.499894386574073
clip_2.mp4,13,0,4:1:0,4,10,0,1,2.1113853522641186,1.4829732698645184,0.9870600690028104,14.832417695473252
clip_2.mp4,14,0,4:1:0,4,10,0,1,2.111746590409151,1.4823117658496414,0.9872029250457038,14.844020061728395
clip_2.mp4,15,0,4:1:0,4,10,0,1,2.1108952981273132,1.4829393322196032,0.9877145383044234,14.83460262345679
clip_2.mp4,16,0,4:1:0,4,10,0,1,2.057922744532154,1.4423237438094707,1.0048069468134595,14.935520833333333
clip_2.mp4,17,0,4:1:0,4,10,0,1,2.056832699830978,1.4428215176344852,1.0046667390192097,14.945165252057613
clip_2.mp4,18,0,4:1:0,4,10,0,1,2.0419055421743693,1.3721109970038008,1.043453056689452,15.245858731995884
clip_2.mp4,19,0,4:1:0,4,10,0,1,2.0446518195389674,1.3725033359456082,1.0436043000362363,15.271300636574074
clip_2.mp4,0,1,4:1:0,8,1,0,1,1.0,1.0,1.0,0.6666666666666666
clip_2.mp4,1,1,4:1:0,8,1,0,1,1.0,1.0,1.0,0.666676311728395
clip_2.mp4,2,1,4:1:0,8,1,0,1,1.0,1.0,1.0,0.666676311728395
clip_2.mp4,3,1,4:1:0,8,1,0,1,1.0,1.0,1.0,0.7254462448559671
clip_2.mp4,4,1,4:1:0,8,1,0,1,1.0,1.0,1.0,0.726299029063786
clip_2.mp4,5,1,4:1:0,8,1,0,1,1.0,1.0,1.0,0.7262598058127572
clip_2.mp4,6,1,4:1:0,8,1,0,1,1.0,1.0,1.0,1.0557314171810699
clip_2.mp4,7,1,4:1:0,8,1,0,1,1.0,1.0,1.0,1.0528954475308643
clip_2.mp4,8,1,4:1:0,8,1,0,1,1.0,1.0,1.0,1.8745783500514404
clip_2.mp4,9,1,4:1:0,8,1,0,1,1.0,1.0,1.0,1.8697354038065843
clip_2.mp4,10,1,4:1:0,8,1,0,1,1.0,1.0,1.0,1.863726851851852
clip_2.mp4,11,1,4:1:0,8,1,0,1,1.0,1.0,1.0,2.3376813271604937
clip_2.mp4,12,1,4:1:0,8,1,0,1,1.0,1.0,1.0,2.3447010030864197
clip_2.mp4,13,1,4:1:0,8,1,0,1,1.0,1.0,1.0,2.02405172968107
clip_2.mp4,14,1,4:1:0,8,1,0,1,1.0,1.0,1.0,2.037217399691358
clip_2.mp4,15,1,4:1:0,8,1,0,1,1.0,1.0,1.0,2.030779481738683
clip_2.mp4,16,1,4:1:0,8,1,0,1,1.0,1.0,1.0,1.8713999807098765
clip_2.mp4,17,1,4:1:0,8,1,0,1,1.0,1.0,1.0,1.8839338991769548
clip_2.mp4,18,1,4:1:0,8,1,0,1,1.0,1.0,1.0,2.232050379372428
clip_2.mp4,19,1,4:1:0,8,1,0,1,1.0,1.0,1.0,2.248490547839506
clip_2.mp4,0,1,4:1:0,8,2,0,1,1.0,1.0,1.0,0.6666666666666666
clip_2.mp4,1,0,4:1:0,8,2,0,1,1036800.0,129600.0,129600.0,0.6666775977366255
clip_2.mp4,2,1,4:1:0,8,2,0,1,1.0,1.0,1.0,0.666676311728395
clip_2.mp4,3,0,4:1:0,8,2,0,1,142.82959085273453,89.81288981288981,34.385778721146195,2.7256719393004114
clip_2.mp4,4,1,4:1:0,8,2,0,1,1.0,1.0,1.0,0.726299029063786
clip_2.mp4,5,0,4:1:0,8,2,0,1,5544.385026737968,5184.0,8640.0,0.7356338413065844
clip_2.mp4,6,1,4:1:0,8,2,0,1,1.0,1.0,1.0,1.0557314171810699
clip_2.mp4,7,0,4:1:0,8,2,0,1,83.13687755592976,154.83870967741936,126.3157894736842,1.753790670010288
clip_2.mp4,8,1,4:1:0,8,2,0,1,1.0,1.0,1.0,1.8745783500514404
clip_2.mp4,9,0,4:1:0,8,2,0,1,236.33462502849326,307.83847980997626,299.3071593533487,2.086575038580247
clip_2.mp4,10,1,4:1:0,8,2,0,1,1.0,1.0,1.0,1.863726851851852
clip_2.mp4,11,0,4:1:0,8,2,0,1,4.281060190021595,2.6863444158859133,1.3746141852547173,62.03290252057613
clip_2.mp4,12,1,4:1:0,8,2,0,1,1.0,1.0,1.0,2.3447010030864197
clip_2.mp4,13,0,4:1:0,8,2,0,1,3.5436704058404938,2.1771998790444513,1.4395521393344293,66.62199524176955
clip_2.mp4,14,1,4:1:0,8,2,0,1,1.0,1.0,1.0,2.037217399691358
clip_2.mp4,15,0,4:1:0,8,2,0,1,76.20727673649394,72.60504201680672,61.684911946692054,3.0229549254115224
clip_2.mp4,16,1,4:1:0,8,2,0,1,1.0,1.0,1.0,1.8713999807098765
clip_2.mp4,17,0,4:1:0,8,2,0,1,127.16791365141665,221.160409556314,132.11009174311926,2.4639015882201645
clip_2.mp4,18,1,4:1:0,8,2,0,1,1.0,1.0,1.0,2.232050379372428
clip_2.mp4,19,0,4:1:0,8,2,0,1,37.37024221453287,67.96014682747771,62.943176299174354,3.4452621849279836
clip_2.mp4,0,1,4:1:0,8,4,0,1,1.0,1.0,1.0,0.6666666666666666
clip_2.mp4,1,0,4:1:0,8,4,0,1,1036800.0,129600.0,129600.0,0.6666775977366255
clip_2.mp4,2,0,4:1:0,8,4,0,1,28021.62162162162,129600.0,129600.0,0.6684276941872428
clip_2.mp4,3,0,4:1:0,8,4,0,1,142.5546542004675,89.81288981288981,34.385778721146195,2.7265729488168726
clip_2.mp4,4,1,4:1:0,8,4,0,1,1.0,1.0,1.0,0.726299029063786
clip_2.mp4,5,0,4:1:0,8,4,0,1,5544.385026737968,5184.0,8640.0,0.7356338413065844
clip_2.mp4,6,0,4:1:0,8,4,0,1,20.628320168719284,21.02530824140169,6.085935665649213,18.97136574074074
clip_2.mp4,7,0,4:1:0,8,4,0,1,20.646394647231016,20.869565217391305,6.117824773413897,19.01075569058642
clip_2.mp4,8,1,4:1:0,8,4,0,1,1.0,1.0,1.0,1.8745783500514404
clip_2.mp4,9,0,4:1:0,8,4,0,1,236.33462502849326,307.83847980997626,299.3071593533487,2.086575038580247
clip_2.mp4,10,0,4:1:0,8,4,0,1,47.26692500569865,74.95662232504338,56.03112840466926,3.1211217206790125
clip_2.mp4,11,0,4:1:0,8,4,0,1,4.277563010301963,2.684063373718546,1.373419666606615,62.04666554140947
clip_2.mp4,12,1,4:1:0,8,4,0,1,1.0,1.0,1.0,2.3447010030864197
clip_2.mp4,13,0,4:1:0,8,4,0,1,3.5436704058404938,2.1771998790444513,1.4395521393344293,66.62199524176955
clip_2.mp4,14,0,4:1:0,8,4,0,1,3.5432223228474276,2.1780414432885737,1.4395361494629508,66.65544174382715
clip_2.mp4,15,0,4:1:0,8,4,0,1,3.542665404683234,2.176797621647043,1.4388329466099719,66.61226353523662
clip_2.mp4,16,1,4:1:0,8,4,0,1,1.0,1.0,1.0,1.8713999807098765
clip_2.mp4,17,0,4:1:0,8,4,0,1,127.16791365141665,221.160409556314,132.11009174311926,2.4639015882201645
clip_2.mp4,18,0,4:1:0,8,4,0,1,3.4474044715176824,2.031539016208421,1.6836416545416752,67.0324525784465
clip_2.mp4,19,0,4:1:0,8,4,0,1,3.451685393258427,2.031061449011895,1.684232413676591,67.04940055941358
clip_2.mp4,0,1,4:1:0,8,6,0,1,1.0,1.0,1.0,0.6666666666666666
clip_2.mp4,1,0,4:1:0,8,6,0,1,1036800.0,129600.0,129600.0,0.6666775977366255
clip_2.mp4,2,0,4:1:0,8,6,0,1,28021.62162162162,129600.0,129600.0,0.6684276941872428
clip_2.mp4,3,0,4:1:0,8,6,0,1,142.5546542004675,89.81288981288981,34.385778721146195,2.7265729488168726
clip_2.mp4,4,0,4:1:0,8,6,0,1,144.66303892842194,86.57314629258516,34.04255319148936,2.746027842078189
clip_2.mp4,5,0,4:1:0,8,6,0,1,143.1846430051098,85.31928900592494,34.060446780551906,2.749267939814815
clip_2.mp4,6,1,4:1:0,8,6,0,1,1.0,1.0,1.0,1.0557314171810699
clip_2.mp4,7,0,4:1:0,8,6,0,1,83.13687755592976,154.83870967741936,126.3157894736842,1.753790670010288
clip_2.mp4,8,0,4:1:0,8,6,0,1,7.3597160603371785,5.530425876930955,2.255992480025067,42.63444749871399
clip_2.mp4,9,0,4:1:0,8,6,0,1,7.358828038497572,5.51067267624798,2.260281139907217,42.63231208204733
clip_2.mp4,10,0,4:1:0,8,6,0,1,7.382249279077219,5.502951042418581,2.258036414321805,42.650718396347735
clip_2.mp4,11,0,4:1:0,8,6,0,1,5.087989635576668,3.230309072781655,1.7087706344602078,61.67962014531893
clip_2.mp4,12,1,4:1:0,8,6,0,1,1.0,1.0,1.0,2.3447010030864197
clip_2.mp4,13,0,4:1:0,8,6,0,1,3.5436704058404938,2.1771998790444513,1.4395521393344293,66.62199524176955
clip_2.mp4,14,0,4:1:0,8,6,0,1,3.5432223228474276,2.1780414432885737,1.4395361494629508,66.65544174382715
clip_2.mp4,15,0,4:1:0,8,6,0,1,3.542665404683234,2.176797621647043,1.4388329466099719,66.61226353523662
clip_2.mp4,16,0,4:1:0,8,6,0,1,3.4972323696380325,2.1757378370211193,1.4403841024273139,67.90630224408436
clip_2.mp4,17,0,4:1:0,8,6,0,1,3.495805572788822,2.1766513830805665,1.440320071126917,67.91126623585392
clip_2.mp4,18,1,4:1:0,8,6,0,1,1.0,1.0,1.0,2.232050379372428
clip_2.mp4,19,0,4:1:0,8,6,0,1,37.37024221453287,67.96014682747771,62.943176299174354,3.4452621849279836
clip_2.mp4,0,1,4:1:0,8,8,0,1,1.0,1.0,1.0,0.6666666666666666
clip_2.mp4,1,0,4:1:0,8,8,0,1,1036800.0,129600.0,129600.0,0.6666775977366255
clip_2.mp4,2,0,4:1:0,8,8,0,1,28021.62162162162,129600.0,129600.0,0.6684276941872428
clip_2.mp4,3,0,4:1:0,8,8,0,1,142.5546542004675,89.81288981288981,34.385778721146195,2.7265729488168726
clip_2.mp4,4,0,4:1:0,8,8,0,1,144.66303892842194,86.57314629258516,34.04255319148936,2.746027842078189
clip_2.mp4,5,0,4:1:0,8,8,0,1,143.1846430051098,85.31928900592494,34.060446780551906,2.749267939814815
clip_2.mp4,6,0,4:1:0,8,8,0,1,22.752309684215145,22.531293463143253,6.992176962503372,19.233700649434155
clip_2.mp4,7,0,4:1:0,8,8,0,1,22.776301047868017,22.367966862271317,7.033157866174635,19.276077031893003
clip_2.mp4,8,1,4:1:0,8,8,0,1,1.0,1.0,1.0,1.8745783500514404
clip_2.mp4,9,0,4:1:0,8,8,0,1,236.33462502849326,307.83847980997626,299.3071593533487,2.086575038580247
clip_2.mp4,10,0,4:1:0,8,8,0,1,47.26692500569865,74.95662232504338,56.03112840466926,3.1211217206790125
clip_2.mp4,11,0,4:1:0,8,8,0,1,4.277563010301963,2.684063373718546,1.373419666606615,62.04666554140947
clip_2.mp4,12,0,4:1:0,8,8,0,1,4.274723553034113,2.6816752193345472,1.373317791671082,62.04782455632716
clip_2.mp4,13,0,4:1:0,8,8,0,1,4.108530510832049,2.548171451042076,1.472643599795466,64.93980436599794
clip_2.mp4,14,0,4:1:0,8,8,0,1,4.109572751883753,2.5493243110333026,1.4732797526345107,64.95270415380658
clip_2.mp4,15,0,4:1:0,8,8,0,1,4.107911930298624,2.5472699398561263,1.473129035191416,64.93110918209877
clip_2.mp4,16,1,4:1:0,8,8,0,1,1.0,1.0,1.0,1.8713999807098765
clip_2.mp4,17,0,4:1:0,8,8,0,1,127.16791365141665,221.160409556314,132.11009174311926,2.4639015882201645
clip_2.mp4,18,0,4:1:0,8,8,0,1,3.4474044715176824,2.031539016208421,1.6836416545416752,67.0324525784465
clip_2.mp4,19,0,4:1:0,8,8,0,1,3.451685393258427,2.031061449011895,1.684232413676591,67.04940055941358
clip_2.mp4,0,1,4:1:0,8,10,0,1,1.0,1.0,1.0,0.6666666666666666
clip_2.mp4,1,0,4:1:0,8,10,0,1,1036800.0,129600.0,129600.0,0.6666775977366255
clip_2.mp4,2,0,4:1:0,8,10,0,1,28021.62162162162,129600.0,129600.0,0.6684276941872428
clip_2.mp4,3,0,4:1:0,8,10,0,1,142.5546542004675,89.81288981288981,34.385778721146195,2.7265729488168726
clip_2.mp4,4,0,4:1:0,8,10,0,1,144.66303892842194,86.57314629258516,34.04255319148936,2.746027842078189
clip_2.mp4,5,0,4:1:0,8,10,0,1,143.1846430051098,85.31928900592494,34.060446780551906,2.749267939814815
clip_2.mp4,6,0,4:1:0,8,10,0,1,22.752309684215145,22.531293463143253,6.992176962503372,19.233700649434155
clip_2.mp4,7,0,4:1:0,8,10,0,1,22.776301047868017,22.367966862271317,7.033157866174635,19.276077031893003
clip_2.mp4,8,0,4:1:0,8,10,0,1,9.351071025930102,5.965202982601491,2.9592419225939035,43.58227816358025
clip_2.mp4,9,0,4:1:0,8,10,0,1,9.34955317287836,5.94604514589833,2.9669650420091114,43.58245354295268
clip_2.mp4,10,1,4:1:0,8,10,0,1,1.0,1.0,1.0,1.863726851851852
clip_2.mp4,11,0,4:1:0,8,10,0,1,4.281060190021595,2.6863444158859133,1.3746141852547173,62.03290252057613
clip_2.mp4,12,0,4:1:0,8,10,0,1,4.278286704629859,2.6839522024561475,1.3744829780464525,62.0313303755144
clip_2.mp4,13,0,4:1:0,8,10,0,1,4.1123600853568565,2.550980237776553,1.4734472526348101,64.99571051954733
clip_2.mp4,14,0,4:1:0,8,10,0,1,4.113012638945088,2.552236160617578,1.4739667447626412,65.00842222865226
clip_2.mp4,15,0,4:1:0,8,10,0,1,4.111577294321994,2.550177095631641,1.4739164553219075,64.98692338605967
clip_2.mp4,16,0,4:1:0,8,10,0,1,3.970861961991865,2.486569455103607,1.5195572647969233,67.12690184542181
clip_2.mp4,17,0,4:1:0,8,10,0,1,3.9686883959501618,2.4884314817303816,1.5193434935521688,67.14078108924897
clip_2.mp4,18,0,4:1:0,8,10,0,1,3.944379981358544,2.3781561949500882,1.5986973577085337,68.01304719650206
clip_2.mp4,19,0,4:1:0,8,10,0,1,3.9517767368112118,2.3786799794435063,1.5996247793727398,68.07668949331276
clip_2.mp4,0,1,4:1:0,16,1,0,1,1.0,1.0,1.0,0.6666666666666666
clip_2.mp4,1,1,4:1:0,16,1,0,1,1.0,1.0,1.0,0.666676311728395
clip_2.mp4,2,1,4:1:0,16,1,0,1,1.0,1.0,1.0,0.666676311728395
clip_2.mp4,3,1,4:1:0,16,1,0,1,1.0,1.0,1.0,0.7254462448559671
clip_2.mp4,4,1,4:1:0,16,1,0,1,1.0,1.0,1.0,0.726299029063786
clip_2.mp4,5,1,4:1:0,16,1,0,1,1.0,1.0,1.0,0.7262598058127572
clip_2.mp4,6,1,4:1:0,16,1,0,1,1.0,1.0,1.0,1.0557314171810699
clip_2.mp4,7,1,4:1:0,16,1,0,1,1.0,1.0,1.0,1.0528954475308643
clip_2.mp4,8,1,4:1:0,16,1,0,1,1.0,1.0,1.0,1.8745783500514404
clip_2.mp4,9,1,4:1:0,16,1,0,1,1.0,1.0,1.0,1.8697354038065843
clip_2.mp4,10,1,4:1:0,16,1,0,1,1.0,1.0,1.0,1.863726851851852
clip_2.mp4,11,1,4:1:0,16,1,0,1,1.0,1.0,1.0,2.3376813271604937
clip_2.mp4,12,1,4:1:0,16,1,0,1,1.0,1.0,1.0,2.3447010030864197
clip_2.mp4,13,1,4:1:0,16,1,0,1,1.0,1.0,1.0,2.02405172968107
clip_2.mp4,14,1,4:1:0,16,1,0,1,1.0,1.0,1.0,2.037217399691358
clip_2.mp4,15,1,4:1:0,16,1,0,1,1.0,1.0,1.0,2.030779481738683
clip_2.mp4,16,1,4:1:0,16,1,0,1,1.0,1.0,1.0,1.8713999807098765
clip_2.mp4,17,1,4:1:0,16,1,0,1,1.0,1.0,1.0,1.8839338991769548
clip_2.mp4,18,1,4:1:0,16,1,0,1,1.0,1.0,1.0,2.232050379372428
clip_2.mp4,19,1,4:1:0,16,1,0,1,1.0,1.0,1.0,2.248490547839506
clip_2.mp4,0,1,4:1:0,16,2,0,1,1.0,1.0,1.0,0.6666666666666666
clip_2.mp4,1,0,4:1:0,16,2,0,1,1036800.0,129600.0,129600.0,0.6666775977366255
clip_2.mp4,2,1,4:1:0,16,2,0,1,1.0,1.0,1.0,0.666676311728395
clip_2.mp4,3,0,4:1:0,16,2,0,1,234.09347482501693,97.95918367346938,62.48794599807136,8.529525141460905
clip_2.mp4,4,1,4:1:0,16,2,0,1,1.0,1.0,1.0,0.726299029063786
clip_2.mp4,5,0,4:1:0,16,2,0,1,5544.385026737968,5184.0,8640.0,0.754031796553498
clip_2.mp4,6,1,4:1:0,16,2,0,1,1.0,1.0,1.0,1.0557314171810699
clip_2.mp4,7,0,4:1:0,16,2,0,1,83.13687755592976,154.83870967741936,128.955223880597,3.679494759516461
clip_2.mp4,8,1,4:1:0,16,2,0,1,1.0,1.0,1.0,1.8745783500514404
clip_2.mp4,9,0,4:1:0,16,2,0,1,236.33462502849326,307.83847980997626,300.69605568445473,2.6297228652263374
clip_2.mp4,10,1,4:1:0,16,2,0,1,1.0,1.0,1.0,1.863726851851852
clip_2.mp4,11,0,4:1:0,16,2,0,1,8.144092626485582,4.438356164383562,2.3216237034913925,255.7393767682613
clip_2.mp4,12,1,4:1:0,16,2,0,1,1.0,1.0,1.0,2.3447010030864197
clip_2.mp4,13,0,4:1:0,16,2,0,1,6.830714497479988,3.5468950983880236,2.375148904975717,271.3078694058642
clip_2.mp4,14,1,4:1:0,16,2,0,1,1.0,1.0,1.0,2.037217399691358
clip_2.mp4,15,0,4:1:0,16,2,0,1,76.20727673649394,72.60504201680672,61.684911946692054,6.3217624742798355
clip_2.mp4,16,1,4:1:0,16,2,0,1,1.0,1.0,1.0,1.8713999807098765
clip_2.mp4,17,0,4:1:0,16,2,0,1,127.48063445223166,221.53846153846155,132.11009174311926,4.431463959619341
clip_2.mp4,18,1,4:1:0,16,2,0,1,1.0,1.0,1.0,2.232050379372428
clip_2.mp4,19,0,4:1:0,16,2,0,1,37.37024221453287,67.96014682747771,63.065693430656935,7.4817631172839505
clip_2.mp4,0,1,4:1:0,16,4,0,1,1.0,1.0,1.0,0.6666666666666666
clip_2.mp4,1,0,4:1:0,16,4,0,1,1036800.0,129600.0,129600.0,0.6666775977366255
clip_2.mp4,2,0,4:1:0,16,4,0,1,28021.62162162162,129600.0,129600.0,0.6722937564300412
clip_2.mp4,3,0,4:1:0,16,4,0,1,233.35584064821066,97.95918367346938,62.48794599807136,8.532681005658436
clip_2.mp4,4,1,4:1:0,16,4,0,1,1.0,1.0,1.0,0.726299029063786
clip_2.mp4,5,0,4:1:0,16,4,0,1,5544.385026737968,5184.0,8640.0,0.754031796553498
clip_2.mp4,6,0,4:1:0,16,4,0,1,37.607457651710256,31.296788215406906,10.856089797285977,72.43442290380658
clip_2.mp4,7,0,4:1:0,16,4,0,1,37.64022508622254,30.952949605923095,10.9849126970673,72.63371399176955
clip_2.mp4,8,1,4:1:0,16,4,0,1,1.0,1.0,1.0,1.8745783500514404
clip_2.mp4,9,0,4:1:0,16,4,0,1,236.33462502849326,307.83847980997626,300.69605568445473,2.6297228652263374
clip_2.mp4,10,0,4:1:0,16,4,0,1,47.27123512515388,74.95662232504338,56.22559652928417,6.840477109053498
clip_2.mp4,11,0,4:1:0,16,4,0,1,8.141342756183745,4.436836699760356,2.3192555476020043,255.7302255336934
clip_2.mp4,12,1,4:1:0,16,4,0,1,1.0,1.0,1.0,2.3447010030864197
clip_2.mp4,13,0,4:1:0,16,4,0,1,6.830714497479988,3.5468950983880236,2.375148904975717,271.3078694058642
clip_2.mp4,14,0,4:1:0,16,4,0,1,6.83111954459203,3.5501013532022134,2.374191657354315,271.3588565779321
clip_2.mp4,15,0,4:1:0,16,4,0,1,6.828510083380534,3.5446638586510586,2.3733655642237115,271.27529931841565
clip_2.mp4,16,1,4:1:0,16,4,0,1,1.0,1.0,1.0,1.8713999807098765
clip_2.mp4,17,0,4:1:0,16,4,0,1,127.48063445223166,221.53846153846155,132.11009174311926,4.431463959619341
clip_2.mp4,18,0,4:1:0,16,4,0,1,6.637941521066885,3.2746292038305076,2.8640883977900553,273.259927340535
clip_2.mp4,19,0,4:1:0,16,4,0,1,6.640832666132907,3.2759535906574655,2.8647214854111405,273.33170026363166
clip_2.mp4,0,1,4:1:0,16,6,0,1,1.0,1.0,1.0,0.6666666666666666
clip_2.mp4,1,0,4:1:0,16,6,0,1,1036800.0,129600.0,129600.0,0.6666775977366255
clip_2.mp4,2,0,4:1:0,16,6,0,1,28021.62162162162,129600.0,129600.0,0.6722937564300412
clip_2.mp4,3,0,4:1:0,16,6,0,1,233.35584064821066,97.95918367346938,62.48794599807136,8.532681005658436
clip_2.mp4,4,0,4:1:0,16,6,0,1,239.05925755130275,94.11764705882354,61.30558183538316,8.637354038065844
clip_2.mp4,5,0,4:1:0,16,6,0,1,235.1553640281243,92.63759828448892,61.36363636363637,8.643421103395061
clip_2.mp4,6,1,4:1:0,16,6,0,1,1.0,1.0,1.0,1.0557314171810699
clip_2.mp4,7,0,4:1:0,16,6,0,1,83.13687755592976,154.83870967741936,128.955223880597,3.679494759516461
clip_2.mp4,8,0,4:1:0,16,6,0,1,14.135740190330761,9.756832040954604,3.914816492976892,169.66177099408435
clip_2.mp4,9,0,4:1:0,16,6,0,1,14.128420364112069,9.694068367117959,3.9312039312039313,169.71295444315842
clip_2.mp4,10,0,4:1:0,16,6,0,1,14.17439094413912,9.68392737054472,3.9228743529981536,169.79105259773664
clip_2.mp4,11,0,4:1:0,16,6,0,1,9.3870529651426,5.129625964773402,2.9510884415702705,260.8599680105453
clip_2.mp4,12,1,4:1:0,16,6,0,1,1.0,1.0,1.0,2.3447010030864197
clip_2.mp4,13,0,4:1:0,16,6,0,1,6.830714497479988,3.5468950983880236,2.375148904975717,271.3078694058642
clip_2.mp4,14,0,4:1:0,16,6,0,1,6.83111954459203,3.5501013532022134,2.374191657354315,271.3588565779321
clip_2.mp4,15,0,4:1:0,16,6,0,1,6.828510083380534,3.5446638586510586,2.3733655642237115,271.27529931841565
clip_2.mp4,16,0,4:1:0,16,6,0,1,6.932844753224695,3.8757139866622805,2.4893396335138873,284.86830954218107
clip_2.mp4,17,0,4:1:0,16,6,0,1,6.928443505920718,3.8780334540231607,2.490296299143,284.86250353652264
clip_2.mp4,18,1,4:1:0,16,6,0,1,1.0,1.0,1.0,2.232050379372428
clip_2.mp4,19,0,4:1:0,16,6,0,1,37.37024221453287,67.96014682747771,63.065693430656935,7.4817631172839505
clip_2.mp4,0,1,4:1:0,16,8,0,1,1.0,1.0,1.0,0.6666666666666666
clip_2.mp4,1,0,4:1:0,16,8,0,1,1036800.0,129600.0,129600.0,0.6666775977366255
clip_2.mp4,2,0,4:1:0,16,8,0,1,28021.62162162162,129600.0,129600.0,0.6722937564300412
clip_2.mp4,3,0,4:1:0,16,8,0,1,233.35584064821066,97.95918367346938,62.48794599807136,8.532681005658436
clip_2.mp4,4,0,4:1:0,16,8,0,1,239.05925755130275,94.11764705882354,61.30558183538316,8.637354038065844
clip_2.mp4,5,0,4:1:0,16,8,0,1,235.1553640281243,92.63759828448892,61.36363636363637,8.643421103395061
clip_2.mp4,6,0,4:1:0,16,8,0,1,41.12490579508945,32.669523569447946,12.496384148105294,73.12284223894034
clip_2.mp4,7,0,4:1:0,16,8,0,1,41.1837140019861,32.32726365677226,12.66986020138821,73.32067370756172
clip_2.mp4,8,1,4:1:0,16,8,0,1,1.0,1.0,1.0,1.8745783500514404
clip_2.mp4,9,0,4:1:0,16,8,0,1,236.33462502849326,307.83847980997626,300.69605568445473,2.6297228652263374
clip_2.mp4,10,0,4:1:0,16,8,0,1,47.27123512515388,74.95662232504338,56.22559652928417,6.840477109053498
clip_2.mp4,11,0,4:1:0,16,8,0,1,8.141342756183745,4.436836699760356,2.3192555476020043,255.7302255336934
clip_2.mp4,12,0,4:1:0,16,8,0,1,8.13291288181861,4.430466292903049,2.3192140441294895,255.6844431584362
clip_2.mp4,13,0,4:1:0,16,8,0,1,7.898586055582642,4.196483502250429,2.5306568772943843,270.7313376093107
clip_2.mp4,14,0,4:1:0,16,8,0,1,7.898766579562856,4.200836277592298,2.5322391559202813,270.7443209876543
clip_2.mp4,15,0,4:1:0,16,8,0,1,7.896119721259662,4.195940039498819,2.5321402055410105,270.6991145833333
clip_2.mp4,16,1,4:1:0,16,8,0,1,1.0,1.0,1.0,1.8713999807098765
clip_2.mp4,17,0,4:1:0,16,8,0,1,127.48063445223166,221.53846153846155,132.11009174311926,4.431463959619341
clip_2.mp4,18,0,4:1:0,16,8,0,1,6.637941521066885,3.2746292038305076,2.8640883977900553,273.259927340535
clip_2.mp4,19,0,4:1:0,16,8,0,1,6.640832666132907,3.2759535906574655,2.8647214854111405,273.33170026363166
clip_2.mp4,0,1,4:1:0,16,10,0,1,1.0,1.0,1.0,0.6666666666666666
clip_2.mp4,1,0,4:1:0,16,10,0,1,1036800.0,129600.0,129600.0,0.6666775977366255
clip_2.mp4,2,0,4:1:0,16,10,0,1,28021.62162162162,129600.0,129600.0,0.6722937564300412
clip_2.mp4,3,0,4:1:0,16,10,0,1,233.35584064821066,97.95918367346938,62.48794599807136,8.532681005658436
clip_2.mp4,4,0,4:1:0,16,10,0,1,239.05925755130275,94.11764705882354,61.30558183538316,8.637354038065844
clip_2.mp4,5,0,4:1:0,16,10,0,1,235.1553640281243,92.63759828448892,61.36363636363637,8.643421103395061
clip_2.mp4,6,0,4:1:0,16,10,0,1,41.12490579508945,32.669523569447946,12.496384148105294,73.12284223894034
clip_2.mp4,7,0,4:1:0,16,10,0,1,41.1837140019861,32.32726365677226,12.66986020138821,73.32067370756172
clip_2.mp4,8,0,4:1:0,16,10,0,1,17.82331402245105,10.0418410041841,5.125771238728049,167.56215888631687
clip_2.mp4,9,0,4:1:0,16,10,0,1,17.809230980641395,9.981515711645102,5.154311167674197,167.6176959555041
clip_2.mp4,10,1,4:1:0,16,10,0,1,1.0,1.0,1.0,1.863726851851852
clip_2.mp4,11,0,4:1:0,16,10,0,1,8.144092626485582,4.438356164383562,2.3216237034913925,255.7393767682613
clip_2.mp4,12,0,4:1:0,16,10,0,1,8.135784740695403,4.431981396621298,2.3215821152192606,255.6864570473251
clip_2.mp4,13,0,4:1:0,16,10,0,1,7.909914858555342,4.202334630350195,2.5332786020055122,270.8373299254115
clip_2.mp4,14,0,4:1:0,16,10,0,1,7.90925110804275,4.2066995585562195,2.5346162872565126,270.8480436599794
clip_2.mp4,15,0,4:1:0,16,10,0,1,7.907200219644451,4.202062123078918,2.53451715101498,270.8077131558642
clip_2.mp4,16,0,4:1:0,16,10,0,1,7.785888077858881,4.295515561300586,2.637201636041756,274.77823286394033
clip_2.mp4,17,0,4:1:0,16,10,0,1,7.783374747573326,4.299790982382801,2.6375236583430004,274.7701736111111
clip_2.mp4,18,0,4:1:0,16,10,0,1,7.6843829443460345,4.131072293765141,2.7876363167064593,280.60750064300413
clip_2.mp4,19,0,4:1:0,16,10,0,1,7.705055699645514,4.134366925064599,2.7907577682551303,280.7325753922325
clip_2.mp4,0,1,4:1:0,32,1,0,1,1.0,1.0,1.0,0.6666666666666666
clip_2.mp4,1,1,4:1:0,32,1,0,1,1.0,1.0,1.0,0.666676311728395
clip_2.mp4,2,1,4:1:0,32,1,0,1,1.0,1.0,1.0,0.666676311728395
clip_2.mp4,3,1,4:1:0,32,1,0,1,1.0,1.0,1.0,0.7254462448559671
clip_2.mp4,4,1,4:1:0,32,1,0,1,1.0,1.0,1.0,0.726299029063786
clip_2.mp4,5,1,4:1:0,32,1,0,1,1.0,1.0,1.0,0.7262598058127572
clip_2.mp4,6,1,4:1:0,32,1,0,1,1.0,1.0,1.0,1.0557314171810699
clip_2.mp4,7,1,4:1:0,32,1,0,1,1.0,1.0,1.0,1.0528954475308643
clip_2.mp4,8,1,4:1:0,32,1,0,1,1.0,1.0,1.0,1.8745783500514404
clip_2.mp4,9,1,4:1:0,32,1,0,1,1.0,1.0,1.0,1.8697354038065843
clip_2.mp4,10,1,4:1:0,32,1,0,1,1.0,1.0,1.0,1.863726851851852
clip_2.mp4,11,1,4:1:0,32,1,0,1,1.0,1.0,1.0,2.3376813271604937
clip_2.mp4,12,1,4:1:0,32,1,0,1,1.0,1.0,1.0,2.3447010030864197
clip_2.mp4,13,1,4:1:0,32,1,0,1,1.0,1.0,1.0,2.02405172968107
clip_2.mp4,14,1,4:1:0,32,1,0,1,1.0,1.0,1.0,2.037217399691358
clip_2.mp4,15,1,4:1:0,32,1,0,1,1.0,1.0,1.0,2.030779481738683
clip_2.mp4,16,1,4:1:0,32,1,0,1,1.0,1.0,1.0,1.8713999807098765
clip_2.mp4,17,1,4:1:0,32,1,0,1,1.0,1.0,1.0,1.8839338991769548
clip_2.mp4,18,1,4:1:0,32,1,0,1,1.0,1.0,1.0,2.232050379372428
clip_2.mp4,19,1,4:1:0,32,1,0,1,1.0,1.0,1.0,2.248490547839506
clip_2.mp4,0,1,4:1:0,32,2,0,1,1.0,1.0,1.0,0.6666666666666666
clip_2.mp4,1,0,4:1:0,32,2,0,1,1036800.0,129600.0,129600.0,0.6666775977366255
clip_2.mp4,2,1,4:1:0,32,2,0,1,1.0,1.0,1.0,0.666676311728395
clip_2.mp4,3,0,4:1:0,32,2,0,1,338.4916748285994,97.95918367346938,99.92289899768697,27.403496334876543
clip_2.mp4,4,1,4:1:0,32,2,0,1,1.0,1.0,1.0,0.726299029063786
clip_2.mp4,5,0,4:1:0,32,2,0,1,5544.385026737968,5184.0,8640.0,0.8090110596707819
clip_2.mp4,6,1,4:1:0,32,2,0,1,1.0,1.0,1.0,1.0557314171810699
clip_2.mp4,7,0,4:1:0,32,2,0,1,83.13687755592976,154.83870967741936,128.955223880597,10.725997620884774
clip_2.mp4,8,1,4:1:0,32,2,0,1,1.0,1.0,1.0,1.8745783500514404
clip_2.mp4,9,0,4:1:0,32,2,0,1,236.33462502849326,307.83847980997626,300.69605568445473,4.543150398662552
clip_2.mp4,10,1,4:1:0,32,2,0,1,1.0,1.0,1.0,1.863726851851852
clip_2.mp4,11,0,4:1:0,32,2,0,1,14.849187935034802,6.045622055324905,4.210936738473535,997.6013183191873
clip_2.mp4,12,1,4:1:0,32,2,0,1,1.0,1.0,1.0,2.3447010030864197
clip_2.mp4,13,0,4:1:0,32,2,0,1,12.328473923279983,4.850844031889808,4.158110882956879,1046.0330423739713
clip_2.mp4,14,1,4:1:0,32,2,0,1,1.0,1.0,1.0,2.037217399691358
clip_2.mp4,15,0,4:1:0,32,2,0,1,76.20727673649394,72.60504201680672,61.684911946692054,19.29820714377572
clip_2.mp4,16,1,4:1:0,32,2,0,1,1.0,1.0,1.0,1.8713999807098765
clip_2.mp4,17,0,4:1:0,32,2,0,1,127.48063445223166,221.53846153846155,132.11009174311926,12.340159465020577
clip_2.mp4,18,1,4:1:0,32,2,0,1,1.0,1.0,1.0,2.232050379372428
clip_2.mp4,19,0,4:1:0,32,2,0,1,37.37024221453287,67.96014682747771,63.065693430656935,23.752001350308642
clip_2.mp4,0,1,4:1:0,32,4,0,1,1.0,1.0,1.0,0.6666666666666666
clip_2.mp4,1,0,4:1:0,32,4,0,1,1036800.0,129600.0,129600.0,0.6666775977366255
clip_2.mp4,2,0,4:1:0,32,4,0,1,28021.62162162162,129600.0,129600.0,0.681429558899177
clip_2.mp4,3,0,4:1:0,32,4,0,1,336.95157621059474,97.95918367346938,99.92289899768697,27.411909400720166
clip_2.mp4,4,1,4:1:0,32,4,0,1,1.0,1.0,1.0,0.726299029063786
clip_2.mp4,5,0,4:1:0,32,4,0,1,5544.385026737968,5184.0,8640.0,0.8090110596707819
clip_2.mp4,6,0,4:1:0,32,4,0,1,72.17542638357118,35.59461686349904,19.067235545093425,267.66422614454734
clip_2.mp4,7,0,4:1:0,32,4,0,1,72.18547657174685,35.15052888527258,19.474079639368895,268.1935077481996
clip_2.mp4,8,1,4:1:0,32,4,0,1,1.0,1.0,1.0,1.8745783500514404
clip_2.mp4,9,0,4:1:0,32,4,0,1,236.33462502849326,307.83847980997626,300.69605568445473,4.543150398662552
clip_2.mp4,10,0,4:1:0,32,4,0,1,47.27123512515388,74.95662232504338,56.22559652928417,20.526761188271603
clip_2.mp4,11,0,4:1:0,32,4,0,1,14.849187935034802,6.045622055324905,4.207382397818394,997.5324035493827
clip_2.mp4,12,1,4:1:0,32,4,0,1,1.0,1.0,1.0,2.3447010030864197
clip_2.mp4,13,0,4:1:0,32,4,0,1,12.328473923279983,4.850844031889808,4.158110882956879,1046.0330423739713
clip_2.mp4,14,0,4:1:0,32,4,0,1,12.327740984269289,4.854841730661173,4.156643894929279,1046.0726594650205
clip_2.mp4,15,0,4:1:0,32,4,0,1,12.327154695804154,4.845040936109761,4.153446783963081,1045.9674927662038
clip_2.mp4,16,1,4:1:0,32,4,0,1,1.0,1.0,1.0,1.8713999807098765
clip_2.mp4,17,0,4:1:0,32,4,0,1,127.48063445223166,221.53846153846155,132.11009174311926,12.340159465020577
clip_2.mp4,18,0,4:1:0,32,4,0,1,11.662542182227222,4.552160168598525,4.512534818941504,1107.258203768004
clip_2.mp4,19,0,4:1:0,32,4,0,1,11.662410996501727,4.555680539932508,4.511906419718702,1107.3409436085392
clip_2.mp4,0,1,4:1:0,32,6,0,1,1.0,1.0,1.0,0.6666666666666666
clip_2.mp4,1,0,4:1:0,32,6,0,1,1036800.0,129600.0,129600.0,0.6666775977366255
clip_2.mp4,2,0,4:1:0,32,6,0,1,28021.62162162162,129600.0,129600.0,0.681429558899177
clip_2.mp4,3,0,4:1:0,32,6,0,1,336.95157621059474,97.95918367346938,99.92289899768697,27.411909400720166
clip_2.mp4,4,0,4:1:0,32,6,0,1,348.5042016806723,94.11764705882354,96.9334330590875,27.731824524176954
clip_2.mp4,5,0,4:1:0,32,6,0,1,340.4926108374384,92.63759828448892,97.07865168539325,27.748953189300412
clip_2.mp4,6,1,4:1:0,32,6,0,1,1.0,1.0,1.0,1.0557314171810699
clip_2.mp4,7,0,4:1:0,32,6,0,1,83.13687755592976,154.83870967741936,128.955223880597,10.725997620884774
clip_2.mp4,8,0,4:1:0,32,6,0,1,26.464507236388698,12.712113781265327,6.922337357119966,663.3669573045267
clip_2.mp4,9,0,4:1:0,32,6,0,1,26.441559766392086,12.605777648088708,6.970740103270224,663.4726665380658
clip_2.mp4,10,0,4:1:0,32,6,0,1,26.553976181329237,12.581302786137268,6.93567376645617,663.6318952546296
clip_2.mp4,11,0,4:1:0,32,6,0,1,18.311550688802544,7.041564792176039,5.00270207673898,1011.4704713220165
clip_2.mp4,12,1,4:1:0,32,6,0,1,1.0,1.0,1.0,2.3447010030864197
clip_2.mp4,13,0,4:1:0,32,6,0,1,12.328473923279983,4.850844031889808,4.158110882956879,1046.0330423739713
clip_2.mp4,14,0,4:1:0,32,6,0,1,12.327740984269289,4.854841730661173,4.156643894929279,1046.0726594650205
clip_2.mp4,15,0,4:1:0,32,6,0,1,12.327154695804154,4.845040936109761,4.153446783963081,1045.9674927662038
clip_2.mp4,16,0,4:1:0,32,6,0,1,13.610050013783326,6.278157244586542,5.078767928521044,1060.248922646605
clip_2.mp4,17,0,4:1:0,32,6,0,1,13.603978323907995,6.284855244653508,5.081157374735357,1060.1014033564816
clip_2.mp4,18,1,4:1:0,32,6,0,1,1.0,1.0,1.0,2.232050379372428
clip_2.mp4,19,0,4:1:0,32,6,0,1,37.37024221453287,67.96014682747771,63.065693430656935,23.752001350308642
clip_2.mp4,0,1,4:1:0,32,8,0,1,1.0,1.0,1.0,0.6666666666666666
clip_2.mp4,1,0,4:1:0,32,8,0,1,1036800.0,129600.0,129600.0,0.6666775977366255
clip_2.mp4,2,0,4:1:0,32,8,0,1,28021.62162162162,129600.0,129600.0,0.681429558899177
clip_2.mp4,3,0,4:1:0,32,8,0,1,336.95157621059474,97.95918367346938,99.92289899768697,27.411909400720166
clip_2.mp4,4,0,4:1:0,32,8,0,1,348.5042016806723,94.11764705882354,96.9334330590875,27.731824524176954
clip_2.mp4,5,0,4:1:0,32,8,0,1,340.4926108374384,92.63759828448892,97.07865168539325,27.748953189300412
clip_2.mp4,6,0,4:1:0,32,8,0,1,78.46817528191932,35.614179719703216,21.91039729501268,266.2808286715535
clip_2.mp4,7,0,4:1:0,32,8,0,1,78.52760736196319,35.2078239608802,22.449333102373117,266.80322579089506
clip_2.mp4,8,1,4:1:0,32,8,0,1,1.0,1.0,1.0,1.8745783500514404
clip_2.mp4,9,0,4:1:0,32,8,0,1,236.33462502849326,307.83847980997626,300.69605568445473,4.543150398662552
clip_2.mp4,10,0,4:1:0,32,8,0,1,47.27123512515388,74.95662232504338,56.22559652928417,20.526761188271603
clip_2.mp4,11,0,4:1:0,32,8,0,1,14.849187935034802,6.045622055324905,4.207382397818394,997.5324035493827
clip_2.mp4,12,0,4:1:0,32,8,0,1,14.821168196243246,6.03323867603929,4.207109235513715,997.5381502379115
clip_2.mp4,13,0,4:1:0,32,8,0,1,14.877100342942418,6.1500498267925785,4.709644596264264,1030.8161979166666
clip_2.mp4,14,0,4:1:0,32,8,0,1,14.876886873672731,6.15764717061814,4.716328832926963,1030.818555009002
clip_2.mp4,15,0,4:1:0,32,8,0,1,14.874325720188224,6.1430535147177325,4.713584288052373,1030.7012570730453
clip_2.mp4,16,1,4:1:0,32,8,0,1,1.0,1.0,1.0,1.8713999807098765
clip_2.mp4,17,0,4:1:0,32,8,0,1,127.48063445223166,221.53846153846155,132.11009174311926,12.340159465020577
clip_2.mp4,18,0,4:1:0,32,8,0,1,11.662542182227222,4.552160168598525,4.512534818941504,1107.258203768004
clip_2.mp4,19,0,4:1:0,32,8,0,1,11.662410996501727,4.555680539932508,4.511906419718702,1107.3409436085392
clip_2.mp4,0,1,4:1:0,32,10,0,1,1.0,1.0,1.0,0.6666666666666666
clip_2.mp4,1,0,4:1:0,32,10,0,1,1036800.0,129600.0,129600.0,0.6666775977366255
clip_2.mp4,2,0,4:1:0,32,10,0,1,28021.62162162162,129600.0,129600.0,0.681429558899177
clip_2.mp4,3,0,4:1:0,32,10,0,1,336.95157621059474,97.95918367346938,99.92289899768697,27.411909400720166
clip_2.mp4,4,0,4:1:0,32,10,0,1,348.5042016806723,94.11764705882354,96.9334330590875,27.731824524176954
clip_2.mp4,5,0,4:1:0,32,10,0,1,340.4926108374384,92.63759828448892,97.07865168539325,27.748953189300412
clip_2.mp4,6,0,4:1:0,32,10,0,1,78.46817528191932,35.614179719703216,21.91039729501268,266.2808286715535
clip_2.mp4,7,0,4:1:0,32,10,0,1,78.52760736196319,35.2078239608802,22.449333102373117,266.80322579089506
clip_2.mp4,8,0,4:1:0,32,10,0,1,32.439535684115015,13.18278913640525,9.241300627495722,637.7528822659465
clip_2.mp4,9,0,4:1:0,32,10,0,1,32.407089050729844,13.068468286780277,9.32776738160357,637.8969597157921
clip_2.mp4,10,1,4:1:0,32,10,0,1,1.0,1.0,1.0,1.863726851851852
clip_2.mp4,11,0,4:1:0,32,10,0,1,14.849187935034802,6.045622055324905,4.210936738473535,997.6013183191873
clip_2.mp4,12,0,4:1:0,32,10,0,1,14.821168196243246,6.03323867603929,4.210663114461158,997.6044994212963
clip_2.mp4,13,0,4:1:0,32,10,0,1,14.899334645839021,6.159403070196284,4.715470819385825,1031.2557802854938
clip_2.mp4,14,0,4:1:0,32,10,0,1,14.899120538023798,6.167023554603855,4.721827522133567,1031.2532029642489
clip_2.mp4,15,0,4:1:0,32,10,0,1,14.895695649675305,6.152969662441247,4.719076575756472,1031.1354595871915
clip_2.mp4,16,0,4:1:0,32,10,0,1,15.67489114658926,6.973365617433414,4.942980281475266,1058.3028309863682
clip_2.mp4,17,0,4:1:0,32,10,0,1,15.668258477906063,6.983134867180344,4.943734503147053,1058.185395769033
clip_2.mp4,18,0,4:1:0,32,10,0,1,15.076779897626803,6.774345303434217,5.095741752840797,1101.8860976080248
clip_2.mp4,19,0,4:1:0,32,10,0,1,15.109737969628961,6.787117046347212,5.100755667506297,1102.3422693222738
